{
  "type": "FeatureCollection",
  "features": [
    {
      "type": "Feature",
      "properties": {
        "tipo": "track"
      },
      "geometry": {
        "type": "LineString",
        "coordinates": [
          [
            -84.1060028076172,
            9.791561126708984
          ],
          [
            -84.1060028076172,
            9.791561126708984
          ],
          [
            -84.1060028076172,
            9.791561126708984
          ],
          [
            -84.1060028076172,
            9.791561126708984
          ],
          [
            -84.1060028076172,
            9.791561126708984
          ],
          [
            -84.1060028076172,
            9.791561126708984
          ],
          [
            -84.1060028076172,
            9.791561126708984
          ],
          [
            -84.1060028076172,
            9.791561126708984
          ],
          [
            -84.1060028076172,
            9.791561126708984
          ],
          [
            -84.1060028076172,
            9.791561126708984
          ],
          [
            -84.1060028076172,
            9.791561126708984
          ],
          [
            -84.1060028076172,
            9.791561126708984
          ],
          [
            -84.1060028076172,
            9.791561126708984
          ],
          [
            -84.1060028076172,
            9.791561126708984
          ],
          [
            -84.1060028076172,
            9.7915620803833
          ],
          [
            -84.1060028076172,
            9.7915620803833
          ],
          [
            -84.1060028076172,
            9.7915620803833
          ],
          [
            -84.1060028076172,
            9.7915620803833
          ],
          [
            -84.1060028076172,
            9.79156303405762
          ],
          [
            -84.1060028076172,
            9.79156303405762
          ],
          [
            -84.1060028076172,
            9.79156303405762
          ],
          [
            -84.1060028076172,
            9.79156303405762
          ],
          [
            -84.1060028076172,
            9.791563987731934
          ],
          [
            -84.1060028076172,
            9.791563987731934
          ],
          [
            -84.1060028076172,
            9.791563987731934
          ],
          [
            -84.1060028076172,
            9.791563987731934
          ],
          [
            -84.1060028076172,
            9.79156494140625
          ],
          [
            -84.1060028076172,
            9.79156494140625
          ],
          [
            -84.1060028076172,
            9.79156494140625
          ],
          [
            -84.1060028076172,
            9.79156494140625
          ],
          [
            -84.1060028076172,
            9.79156684875488
          ],
          [
            -84.1060028076172,
            9.79156684875488
          ],
          [
            -84.1060028076172,
            9.79156970977783
          ],
          [
            -84.1060028076172,
            9.79156970977783
          ],
          [
            -84.10599517822266,
            9.791568756103516
          ],
          [
            -84.10599517822266,
            9.791568756103516
          ],
          [
            -84.10599517822266,
            9.79156494140625
          ],
          [
            -84.10599517822266,
            9.79156494140625
          ],
          [
            -84.10599517822266,
            9.791561126708984
          ],
          [
            -84.10599517822266,
            9.791561126708984
          ],
          [
            -84.10598754882812,
            9.79155921936035
          ],
          [
            -84.10598754882812,
            9.79155921936035
          ],
          [
            -84.1059799194336,
            9.79156017303467
          ],
          [
            -84.1059799194336,
            9.79156017303467
          ],
          [
            -84.1059799194336,
            9.79155921936035
          ],
          [
            -84.1059799194336,
            9.79155921936035
          ],
          [
            -84.1059799194336,
            9.791555404663086
          ],
          [
            -84.1059799194336,
            9.79155158996582
          ],
          [
            -84.1059799194336,
            9.79155158996582
          ],
          [
            -84.1059799194336,
            9.79155158996582
          ],
          [
            -84.1059799194336,
            9.79155158996582
          ],
          [
            -84.1059799194336,
            9.79155158996582
          ],
          [
            -84.1059799194336,
            9.79155158996582
          ],
          [
            -84.1059799194336,
            9.79154682159424
          ],
          [
            -84.1059799194336,
            9.79154300689697
          ],
          [
            -84.10597229003906,
            9.79154109954834
          ],
          [
            -84.10597229003906,
            9.79154396057129
          ],
          [
            -84.10597229003906,
            9.79154586791992
          ],
          [
            -84.10597229003906,
            9.79154586791992
          ],
          [
            -84.10597229003906,
            9.79154586791992
          ],
          [
            -84.10597229003906,
            9.79154586791992
          ],
          [
            -84.10597229003906,
            9.79154586791992
          ],
          [
            -84.10597229003906,
            9.79154586791992
          ],
          [
            -84.10597229003906,
            9.791544914245605
          ],
          [
            -84.10597229003906,
            9.791544914245605
          ],
          [
            -84.10597229003906,
            9.791544914245605
          ],
          [
            -84.10597229003906,
            9.791544914245605
          ],
          [
            -84.10597229003906,
            9.79154396057129
          ],
          [
            -84.10597229003906,
            9.79154396057129
          ],
          [
            -84.10597229003906,
            9.79154396057129
          ],
          [
            -84.10597229003906,
            9.79154396057129
          ],
          [
            -84.10597229003906,
            9.79154300689697
          ],
          [
            -84.10597229003906,
            9.79154300689697
          ],
          [
            -84.10597229003906,
            9.791542053222656
          ],
          [
            -84.10597229003906,
            9.791542053222656
          ],
          [
            -84.10597229003906,
            9.791539192199707
          ],
          [
            -84.10597229003906,
            9.791539192199707
          ],
          [
            -84.10596466064453,
            9.79153633117676
          ],
          [
            -84.10596466064453,
            9.79153633117676
          ],
          [
            -84.10596466064453,
            9.79153537750244
          ],
          [
            -84.10596466064453,
            9.79153537750244
          ],
          [
            -84.10596466064453,
            9.79153537750244
          ],
          [
            -84.10596466064453,
            9.79153537750244
          ],
          [
            -84.10596466064453,
            9.79153537750244
          ],
          [
            -84.10596466064453,
            9.79153537750244
          ],
          [
            -84.10596466064453,
            9.791534423828125
          ],
          [
            -84.10596466064453,
            9.791534423828125
          ],
          [
            -84.10596466064453,
            9.791534423828125
          ],
          [
            -84.10596466064453,
            9.791534423828125
          ],
          [
            -84.10596466064453,
            9.791534423828125
          ],
          [
            -84.10596466064453,
            9.791534423828125
          ],
          [
            -84.10596466064453,
            9.79153347015381
          ],
          [
            -84.10596466064453,
            9.79153347015381
          ],
          [
            -84.10596466064453,
            9.79153251647949
          ],
          [
            -84.10596466064453,
            9.79153251647949
          ],
          [
            -84.10596466064453,
            9.79153251647949
          ],
          [
            -84.10596466064453,
            9.79153251647949
          ],
          [
            -84.10596466064453,
            9.79153251647949
          ],
          [
            -84.10596466064453,
            9.79153251647949
          ],
          [
            -84.10596466064453,
            9.79153251647949
          ],
          [
            -84.10596466064453,
            9.79153251647949
          ],
          [
            -84.10595703125,
            9.79153251647949
          ],
          [
            -84.10595703125,
            9.79153347015381
          ],
          [
            -84.10594940185547,
            9.79153537750244
          ],
          [
            -84.10594940185547,
            9.79153823852539
          ],
          [
            -84.10594940185547,
            9.791539192199707
          ],
          [
            -84.10594177246094,
            9.79154109954834
          ],
          [
            -84.10594177246094,
            9.79154396057129
          ],
          [
            -84.1059341430664,
            9.79154682159424
          ],
          [
            -84.1059341430664,
            9.79154682159424
          ],
          [
            -84.1059341430664,
            9.79154586791992
          ],
          [
            -84.1059341430664,
            9.79154586791992
          ],
          [
            -84.1059341430664,
            9.79154586791992
          ],
          [
            -84.1059341430664,
            9.79154586791992
          ],
          [
            -84.1059341430664,
            9.79154586791992
          ],
          [
            -84.10592651367188,
            9.79154300689697
          ],
          [
            -84.10592651367188,
            9.79153823852539
          ],
          [
            -84.10591888427734,
            9.791534423828125
          ],
          [
            -84.1059112548828,
            9.79153347015381
          ],
          [
            -84.1059112548828,
            9.79153347015381
          ],
          [
            -84.1059112548828,
            9.791534423828125
          ],
          [
            -84.1059112548828,
            9.791534423828125
          ],
          [
            -84.1059036254883,
            9.79153537750244
          ],
          [
            -84.1059036254883,
            9.79153537750244
          ],
          [
            -84.1059036254883,
            9.79153633117676
          ],
          [
            -84.1059036254883,
            9.79153633117676
          ],
          [
            -84.1059036254883,
            9.79153633117676
          ],
          [
            -84.1059036254883,
            9.79153633117676
          ],
          [
            -84.1059036254883,
            9.79153633117676
          ],
          [
            -84.1059036254883,
            9.79153633117676
          ],
          [
            -84.1059036254883,
            9.79153633117676
          ],
          [
            -84.1059036254883,
            9.79153633117676
          ],
          [
            -84.1059036254883,
            9.79153633117676
          ],
          [
            -84.1059036254883,
            9.79153633117676
          ],
          [
            -84.1059036254883,
            9.79153633117676
          ],
          [
            -84.1059036254883,
            9.79153633117676
          ],
          [
            -84.1059036254883,
            9.79153633117676
          ],
          [
            -84.1059036254883,
            9.79153633117676
          ],
          [
            -84.1059036254883,
            9.79153537750244
          ],
          [
            -84.1059036254883,
            9.79153537750244
          ],
          [
            -84.1059036254883,
            9.79153537750244
          ],
          [
            -84.1059036254883,
            9.79153537750244
          ],
          [
            -84.1059036254883,
            9.79153537750244
          ],
          [
            -84.1059036254883,
            9.79153537750244
          ],
          [
            -84.1059036254883,
            9.79153537750244
          ],
          [
            -84.1059036254883,
            9.79153537750244
          ],
          [
            -84.1059036254883,
            9.79153537750244
          ],
          [
            -84.1059036254883,
            9.79153537750244
          ],
          [
            -84.1059036254883,
            9.79153537750244
          ],
          [
            -84.1059036254883,
            9.79153537750244
          ],
          [
            -84.1059036254883,
            9.79153633117676
          ],
          [
            -84.1059036254883,
            9.79153633117676
          ],
          [
            -84.1059036254883,
            9.79153633117676
          ],
          [
            -84.1059036254883,
            9.79153633117676
          ],
          [
            -84.1059036254883,
            9.79153633117676
          ],
          [
            -84.1059036254883,
            9.791537284851074
          ],
          [
            -84.1059036254883,
            9.791537284851074
          ],
          [
            -84.1059036254883,
            9.791537284851074
          ],
          [
            -84.1059036254883,
            9.791537284851074
          ],
          [
            -84.10589599609375,
            9.791539192199707
          ],
          [
            -84.10589599609375,
            9.791539192199707
          ],
          [
            -84.10589599609375,
            9.791540145874023
          ],
          [
            -84.10589599609375,
            9.791540145874023
          ],
          [
            -84.10589599609375,
            9.79154109954834
          ],
          [
            -84.10589599609375,
            9.79154109954834
          ],
          [
            -84.1058883666992,
            9.791542053222656
          ],
          [
            -84.1058883666992,
            9.791542053222656
          ],
          [
            -84.1058883666992,
            9.79154300689697
          ],
          [
            -84.1058883666992,
            9.79154300689697
          ],
          [
            -84.1058883666992,
            9.79154300689697
          ],
          [
            -84.1058883666992,
            9.79154300689697
          ],
          [
            -84.1058883666992,
            9.79154300689697
          ],
          [
            -84.1058883666992,
            9.79154300689697
          ],
          [
            -84.1058883666992,
            9.79154300689697
          ],
          [
            -84.1058883666992,
            9.79154300689697
          ],
          [
            -84.1058883666992,
            9.79154300689697
          ],
          [
            -84.1058883666992,
            9.79154300689697
          ],
          [
            -84.1058883666992,
            9.79154300689697
          ],
          [
            -84.1058883666992,
            9.79154396057129
          ],
          [
            -84.1058883666992,
            9.79154396057129
          ],
          [
            -84.1058883666992,
            9.79154396057129
          ],
          [
            -84.1058883666992,
            9.79154300689697
          ],
          [
            -84.1058883666992,
            9.79154300689697
          ],
          [
            -84.1058883666992,
            9.791542053222656
          ],
          [
            -84.1058883666992,
            9.791542053222656
          ],
          [
            -84.1058883666992,
            9.791542053222656
          ],
          [
            -84.1058883666992,
            9.791542053222656
          ],
          [
            -84.1058883666992,
            9.791542053222656
          ],
          [
            -84.1058883666992,
            9.791542053222656
          ],
          [
            -84.1058807373047,
            9.791542053222656
          ],
          [
            -84.1058807373047,
            9.791542053222656
          ],
          [
            -84.1058807373047,
            9.79154109954834
          ],
          [
            -84.1058807373047,
            9.79154109954834
          ],
          [
            -84.1058807373047,
            9.79154109954834
          ],
          [
            -84.1058807373047,
            9.79154109954834
          ],
          [
            -84.1058807373047,
            9.79154109954834
          ],
          [
            -84.1058807373047,
            9.79154109954834
          ],
          [
            -84.1058807373047,
            9.79154109954834
          ],
          [
            -84.1058807373047,
            9.79154109954834
          ],
          [
            -84.1058807373047,
            9.79154109954834
          ],
          [
            -84.1058807373047,
            9.791542053222656
          ],
          [
            -84.1058807373047,
            9.791542053222656
          ],
          [
            -84.1058807373047,
            9.79154396057129
          ],
          [
            -84.1058807373047,
            9.79154396057129
          ],
          [
            -84.1058807373047,
            9.79154682159424
          ],
          [
            -84.1058807373047,
            9.79154682159424
          ],
          [
            -84.1058807373047,
            9.79154968261719
          ],
          [
            -84.1058807373047,
            9.79154968261719
          ],
          [
            -84.1058807373047,
            9.791552543640137
          ],
          [
            -84.1058807373047,
            9.791552543640137
          ],
          [
            -84.1058807373047,
            9.79155445098877
          ],
          [
            -84.1058807373047,
            9.79155445098877
          ],
          [
            -84.1058883666992,
            9.79155921936035
          ],
          [
            -84.1058883666992,
            9.79155921936035
          ],
          [
            -84.1058883666992,
            9.7915620803833
          ],
          [
            -84.1058883666992,
            9.7915620803833
          ],
          [
            -84.10589599609375,
            9.79156494140625
          ],
          [
            -84.10589599609375,
            9.79156494140625
          ],
          [
            -84.10589599609375,
            9.7915678024292
          ],
          [
            -84.10589599609375,
            9.7915678024292
          ],
          [
            -84.10589599609375,
            9.79157066345215
          ],
          [
            -84.10589599609375,
            9.79157066345215
          ],
          [
            -84.10589599609375,
            9.79157257080078
          ],
          [
            -84.10589599609375,
            9.79157257080078
          ],
          [
            -84.1059036254883,
            9.791574478149414
          ],
          [
            -84.1059036254883,
            9.791574478149414
          ],
          [
            -84.1059036254883,
            9.791577339172363
          ],
          [
            -84.1059036254883,
            9.791577339172363
          ],
          [
            -84.1059036254883,
            9.791579246520996
          ],
          [
            -84.1059036254883,
            9.791579246520996
          ],
          [
            -84.1059036254883,
            9.791582107543945
          ],
          [
            -84.1059036254883,
            9.791582107543945
          ],
          [
            -84.1059112548828,
            9.79158592224121
          ],
          [
            -84.1059112548828,
            9.79158592224121
          ],
          [
            -84.1059112548828,
            9.79158592224121
          ],
          [
            -84.1059112548828,
            9.79158592224121
          ],
          [
            -84.1059112548828,
            9.79158592224121
          ],
          [
            -84.1059112548828,
            9.791587829589844
          ],
          [
            -84.1059112548828,
            9.791590690612793
          ],
          [
            -84.1059112548828,
            9.79159355163574
          ],
          [
            -84.10591888427734,
            9.791595458984375
          ],
          [
            -84.10591888427734,
            9.791595458984375
          ],
          [
            -84.10591888427734,
            9.79159927368164
          ],
          [
            -84.10591888427734,
            9.79159927368164
          ],
          [
            -84.10591888427734,
            9.79160213470459
          ],
          [
            -84.10591888427734,
            9.79160213470459
          ],
          [
            -84.10591888427734,
            9.79160499572754
          ],
          [
            -84.10591888427734,
            9.79160499572754
          ],
          [
            -84.10592651367188,
            9.791608810424805
          ],
          [
            -84.10592651367188,
            9.791608810424805
          ],
          [
            -84.10592651367188,
            9.79161071777344
          ],
          [
            -84.10592651367188,
            9.79161262512207
          ],
          [
            -84.10592651367188,
            9.79161262512207
          ],
          [
            -84.10592651367188,
            9.79161548614502
          ],
          [
            -84.10592651367188,
            9.79161548614502
          ],
          [
            -84.10592651367188,
            9.79161548614502
          ],
          [
            -84.10592651367188,
            9.79161548614502
          ],
          [
            -84.10592651367188,
            9.79161548614502
          ],
          [
            -84.10592651367188,
            9.79161548614502
          ],
          [
            -84.10592651367188,
            9.79161548614502
          ],
          [
            -84.10592651367188,
            9.79161548614502
          ],
          [
            -84.10592651367188,
            9.791614532470703
          ],
          [
            -84.10592651367188,
            9.791614532470703
          ],
          [
            -84.10592651367188,
            9.791614532470703
          ],
          [
            -84.10592651367188,
            9.791614532470703
          ],
          [
            -84.10592651367188,
            9.791614532470703
          ],
          [
            -84.10592651367188,
            9.791614532470703
          ],
          [
            -84.10592651367188,
            9.791614532470703
          ],
          [
            -84.10592651367188,
            9.791614532470703
          ],
          [
            -84.10592651367188,
            9.791614532470703
          ],
          [
            -84.10592651367188,
            9.791616439819336
          ],
          [
            -84.10592651367188,
            9.791616439819336
          ],
          [
            -84.10592651367188,
            9.791619300842285
          ],
          [
            -84.10592651367188,
            9.791619300842285
          ],
          [
            -84.10592651367188,
            9.79162311553955
          ],
          [
            -84.10592651367188,
            9.79162311553955
          ],
          [
            -84.10592651367188,
            9.791626930236816
          ],
          [
            -84.10592651367188,
            9.791626930236816
          ],
          [
            -84.10592651367188,
            9.791629791259766
          ],
          [
            -84.10592651367188,
            9.791629791259766
          ],
          [
            -84.10592651367188,
            9.79163360595703
          ],
          [
            -84.10592651367188,
            9.79163360595703
          ],
          [
            -84.10592651367188,
            9.791637420654297
          ],
          [
            -84.10592651367188,
            9.791637420654297
          ],
          [
            -84.10592651367188,
            9.79164123535156
          ],
          [
            -84.10592651367188,
            9.79164123535156
          ],
          [
            -84.10592651367188,
            9.79164505004883
          ],
          [
            -84.10592651367188,
            9.79164505004883
          ],
          [
            -84.10592651367188,
            9.79164791107178
          ],
          [
            -84.10592651367188,
            9.79164791107178
          ],
          [
            -84.1059341430664,
            9.791651725769043
          ],
          [
            -84.1059341430664,
            9.791651725769043
          ],
          [
            -84.1059341430664,
            9.79165554046631
          ],
          [
            -84.1059341430664,
            9.79165554046631
          ],
          [
            -84.1059341430664,
            9.79165840148926
          ],
          [
            -84.1059341430664,
            9.79165840148926
          ],
          [
            -84.1059341430664,
            9.79165840148926
          ],
          [
            -84.1059341430664,
            9.79165840148926
          ],
          [
            -84.1059341430664,
            9.791661262512207
          ],
          [
            -84.1059341430664,
            9.79166507720947
          ],
          [
            -84.1059341430664,
            9.79166793823242
          ],
          [
            -84.1059341430664,
            9.79166793823242
          ],
          [
            -84.1059341430664,
            9.79167175292969
          ],
          [
            -84.1059341430664,
            9.79167175292969
          ],
          [
            -84.1059341430664,
            9.791674613952637
          ],
          [
            -84.1059341430664,
            9.7916784286499
          ],
          [
            -84.1059341430664,
            9.7916784286499
          ],
          [
            -84.1059341430664,
            9.79168224334717
          ],
          [
            -84.1059341430664,
            9.79168224334717
          ],
          [
            -84.1059341430664,
            9.79168510437012
          ],
          [
            -84.1059341430664,
            9.79168510437012
          ],
          [
            -84.1059341430664,
            9.79168891906738
          ],
          [
            -84.1059341430664,
            9.79168891906738
          ],
          [
            -84.1059341430664,
            9.79169178009033
          ],
          [
            -84.1059341430664,
            9.79169178009033
          ],
          [
            -84.1059341430664,
            9.7916955947876
          ],
          [
            -84.1059341430664,
            9.7916955947876
          ],
          [
            -84.1059341430664,
            9.791699409484863
          ],
          [
            -84.1059341430664,
            9.791699409484863
          ],
          [
            -84.1059341430664,
            9.79170227050781
          ],
          [
            -84.1059341430664,
            9.79170227050781
          ],
          [
            -84.1059341430664,
            9.79170608520508
          ],
          [
            -84.1059341430664,
            9.79170608520508
          ],
          [
            -84.1059341430664,
            9.79170894622803
          ],
          [
            -84.1059341430664,
            9.79170894622803
          ],
          [
            -84.1059341430664,
            9.791709899902344
          ],
          [
            -84.1059341430664,
            9.791709899902344
          ],
          [
            -84.1059341430664,
            9.791711807250977
          ],
          [
            -84.1059341430664,
            9.791711807250977
          ],
          [
            -84.1059341430664,
            9.791711807250977
          ],
          [
            -84.1059341430664,
            9.791711807250977
          ],
          [
            -84.1059341430664,
            9.791711807250977
          ],
          [
            -84.1059341430664,
            9.791711807250977
          ],
          [
            -84.1059341430664,
            9.791711807250977
          ],
          [
            -84.1059341430664,
            9.791711807250977
          ],
          [
            -84.1059341430664,
            9.791714668273926
          ],
          [
            -84.1059341430664,
            9.791717529296875
          ],
          [
            -84.1059341430664,
            9.79172134399414
          ],
          [
            -84.1059341430664,
            9.791723251342773
          ],
          [
            -84.1059341430664,
            9.791723251342773
          ],
          [
            -84.1059341430664,
            9.791723251342773
          ],
          [
            -84.1059341430664,
            9.791723251342773
          ],
          [
            -84.1059341430664,
            9.791723251342773
          ],
          [
            -84.1059341430664,
            9.791723251342773
          ],
          [
            -84.1059341430664,
            9.791723251342773
          ],
          [
            -84.1059341430664,
            9.791723251342773
          ],
          [
            -84.1059341430664,
            9.791723251342773
          ],
          [
            -84.1059341430664,
            9.791722297668457
          ],
          [
            -84.1059341430664,
            9.791723251342773
          ],
          [
            -84.1059341430664,
            9.791723251342773
          ],
          [
            -84.1059341430664,
            9.79172611236572
          ],
          [
            -84.1059341430664,
            9.79172611236572
          ],
          [
            -84.1059341430664,
            9.79172897338867
          ],
          [
            -84.1059341430664,
            9.79172897338867
          ],
          [
            -84.1059341430664,
            9.79173183441162
          ],
          [
            -84.1059341430664,
            9.79173183441162
          ],
          [
            -84.1059341430664,
            9.79173183441162
          ],
          [
            -84.1059341430664,
            9.79173183441162
          ],
          [
            -84.1059341430664,
            9.79173183441162
          ],
          [
            -84.1059341430664,
            9.791735649108887
          ],
          [
            -84.1059341430664,
            9.791738510131836
          ],
          [
            -84.10594177246094,
            9.791741371154785
          ],
          [
            -84.10594177246094,
            9.79174327850342
          ],
          [
            -84.10594177246094,
            9.79174327850342
          ],
          [
            -84.10594177246094,
            9.79174518585205
          ],
          [
            -84.10594177246094,
            9.79174518585205
          ],
          [
            -84.10594940185547,
            9.791748046875
          ],
          [
            -84.10594940185547,
            9.791748046875
          ],
          [
            -84.10594940185547,
            9.79175090789795
          ],
          [
            -84.10594940185547,
            9.79175090789795
          ],
          [
            -84.10594940185547,
            9.79175281524658
          ],
          [
            -84.10594940185547,
            9.79175281524658
          ],
          [
            -84.10595703125,
            9.791754722595215
          ],
          [
            -84.10595703125,
            9.791754722595215
          ],
          [
            -84.10595703125,
            9.791757583618164
          ],
          [
            -84.10595703125,
            9.791757583618164
          ],
          [
            -84.10595703125,
            9.791759490966797
          ],
          [
            -84.10595703125,
            9.791759490966797
          ],
          [
            -84.10595703125,
            9.791762351989746
          ],
          [
            -84.10595703125,
            9.791762351989746
          ],
          [
            -84.10596466064453,
            9.79176425933838
          ],
          [
            -84.10596466064453,
            9.79176425933838
          ],
          [
            -84.10596466064453,
            9.79176712036133
          ],
          [
            -84.10596466064453,
            9.79176712036133
          ],
          [
            -84.10596466064453,
            9.79176712036133
          ],
          [
            -84.10596466064453,
            9.79176712036133
          ],
          [
            -84.10596466064453,
            9.79176902770996
          ],
          [
            -84.10596466064453,
            9.79176902770996
          ],
          [
            -84.10596466064453,
            9.791772842407227
          ],
          [
            -84.10596466064453,
            9.791772842407227
          ],
          [
            -84.10597229003906,
            9.79177665710449
          ],
          [
            -84.10597229003906,
            9.79177665710449
          ],
          [
            -84.10597229003906,
            9.791781425476074
          ],
          [
            -84.10597229003906,
            9.791781425476074
          ],
          [
            -84.10597229003906,
            9.79178524017334
          ],
          [
            -84.10597229003906,
            9.79178524017334
          ],
          [
            -84.10597229003906,
            9.791789054870605
          ],
          [
            -84.10597229003906,
            9.791789054870605
          ],
          [
            -84.10597229003906,
            9.79179382324219
          ],
          [
            -84.10597229003906,
            9.79179859161377
          ],
          [
            -84.10597229003906,
            9.79179859161377
          ],
          [
            -84.10597229003906,
            9.79179859161377
          ],
          [
            -84.10597229003906,
            9.791802406311035
          ],
          [
            -84.10597229003906,
            9.791805267333984
          ],
          [
            -84.10597229003906,
            9.791805267333984
          ],
          [
            -84.10597229003906,
            9.791808128356934
          ],
          [
            -84.10597229003906,
            9.791808128356934
          ],
          [
            -84.10597229003906,
            9.7918119430542
          ],
          [
            -84.10597229003906,
            9.7918119430542
          ],
          [
            -84.10597229003906,
            9.791815757751465
          ],
          [
            -84.10597229003906,
            9.791815757751465
          ],
          [
            -84.10597229003906,
            9.79181957244873
          ],
          [
            -84.10597229003906,
            9.79181957244873
          ],
          [
            -84.10597229003906,
            9.79182434082031
          ],
          [
            -84.10597229003906,
            9.79182434082031
          ],
          [
            -84.10597229003906,
            9.791829109191895
          ],
          [
            -84.10597229003906,
            9.791829109191895
          ],
          [
            -84.10597229003906,
            9.791829109191895
          ],
          [
            -84.10597229003906,
            9.791829109191895
          ],
          [
            -84.10597229003906,
            9.791829109191895
          ],
          [
            -84.10597229003906,
            9.791829109191895
          ],
          [
            -84.10597229003906,
            9.791829109191895
          ],
          [
            -84.10597229003906,
            9.791829109191895
          ],
          [
            -84.10597229003906,
            9.791829109191895
          ],
          [
            -84.10597229003906,
            9.791829109191895
          ],
          [
            -84.10597229003906,
            9.79183292388916
          ],
          [
            -84.10597229003906,
            9.79183292388916
          ],
          [
            -84.10597229003906,
            9.791836738586426
          ],
          [
            -84.10597229003906,
            9.79184055328369
          ],
          [
            -84.10597229003906,
            9.791844367980957
          ],
          [
            -84.10597229003906,
            9.79185199737549
          ],
          [
            -84.10597229003906,
            9.79185199737549
          ],
          [
            -84.1059799194336,
            9.791855812072754
          ],
          [
            -84.1059799194336,
            9.791855812072754
          ],
          [
            -84.1059799194336,
            9.79185962677002
          ],
          [
            -84.1059799194336,
            9.791863441467285
          ],
          [
            -84.1059799194336,
            9.791863441467285
          ],
          [
            -84.1059799194336,
            9.79186725616455
          ],
          [
            -84.1059799194336,
            9.79186725616455
          ],
          [
            -84.1059799194336,
            9.79186820983887
          ],
          [
            -84.1059799194336,
            9.79186820983887
          ],
          [
            -84.1059799194336,
            9.791869163513184
          ],
          [
            -84.1059799194336,
            9.791869163513184
          ],
          [
            -84.1059799194336,
            9.791869163513184
          ],
          [
            -84.1059799194336,
            9.791869163513184
          ],
          [
            -84.1059799194336,
            9.791869163513184
          ],
          [
            -84.1059799194336,
            9.791869163513184
          ],
          [
            -84.1059799194336,
            9.791869163513184
          ],
          [
            -84.1059799194336,
            9.791869163513184
          ],
          [
            -84.1059799194336,
            9.791869163513184
          ],
          [
            -84.1059799194336,
            9.791869163513184
          ],
          [
            -84.1059799194336,
            9.7918701171875
          ],
          [
            -84.1059799194336,
            9.7918701171875
          ],
          [
            -84.1059799194336,
            9.7918701171875
          ],
          [
            -84.1059799194336,
            9.7918701171875
          ],
          [
            -84.1059799194336,
            9.7918701171875
          ],
          [
            -84.1059799194336,
            9.791869163513184
          ],
          [
            -84.1059799194336,
            9.791869163513184
          ],
          [
            -84.1059799194336,
            9.791869163513184
          ],
          [
            -84.1059799194336,
            9.791869163513184
          ],
          [
            -84.1059799194336,
            9.791869163513184
          ],
          [
            -84.1059799194336,
            9.791869163513184
          ],
          [
            -84.1059799194336,
            9.791869163513184
          ],
          [
            -84.1059799194336,
            9.791869163513184
          ],
          [
            -84.1059799194336,
            9.791869163513184
          ],
          [
            -84.1059799194336,
            9.791869163513184
          ],
          [
            -84.1059799194336,
            9.791869163513184
          ],
          [
            -84.1059799194336,
            9.791869163513184
          ],
          [
            -84.1059799194336,
            9.791869163513184
          ],
          [
            -84.1059799194336,
            9.791869163513184
          ],
          [
            -84.1059799194336,
            9.79187202453613
          ],
          [
            -84.1059799194336,
            9.79187202453613
          ],
          [
            -84.1059799194336,
            9.79187488555908
          ],
          [
            -84.1059799194336,
            9.79187488555908
          ],
          [
            -84.1059799194336,
            9.79187774658203
          ],
          [
            -84.1059799194336,
            9.79187774658203
          ],
          [
            -84.1059799194336,
            9.791879653930664
          ],
          [
            -84.1059799194336,
            9.791879653930664
          ],
          [
            -84.1059799194336,
            9.791879653930664
          ],
          [
            -84.1059799194336,
            9.791879653930664
          ],
          [
            -84.1059799194336,
            9.791879653930664
          ],
          [
            -84.1059799194336,
            9.791879653930664
          ],
          [
            -84.1059799194336,
            9.79188060760498
          ],
          [
            -84.1059799194336,
            9.79188060760498
          ],
          [
            -84.1059799194336,
            9.79188060760498
          ],
          [
            -84.1059799194336,
            9.79188060760498
          ],
          [
            -84.1059799194336,
            9.791881561279297
          ],
          [
            -84.1059799194336,
            9.791881561279297
          ],
          [
            -84.1059799194336,
            9.791881561279297
          ],
          [
            -84.1059799194336,
            9.791881561279297
          ],
          [
            -84.1059799194336,
            9.791881561279297
          ],
          [
            -84.1059799194336,
            9.791881561279297
          ],
          [
            -84.1059799194336,
            9.791881561279297
          ],
          [
            -84.1059799194336,
            9.791881561279297
          ],
          [
            -84.1059799194336,
            9.791882514953613
          ],
          [
            -84.1059799194336,
            9.791882514953613
          ],
          [
            -84.1059799194336,
            9.791884422302246
          ],
          [
            -84.1059799194336,
            9.791884422302246
          ],
          [
            -84.10598754882812,
            9.791887283325195
          ],
          [
            -84.10598754882812,
            9.791887283325195
          ],
          [
            -84.10598754882812,
            9.79189109802246
          ],
          [
            -84.10598754882812,
            9.791894912719727
          ],
          [
            -84.10598754882812,
            9.791894912719727
          ],
          [
            -84.10598754882812,
            9.79189872741699
          ],
          [
            -84.10598754882812,
            9.79189872741699
          ],
          [
            -84.10598754882812,
            9.79190254211426
          ],
          [
            -84.10598754882812,
            9.79190254211426
          ],
          [
            -84.10598754882812,
            9.791903495788574
          ],
          [
            -84.10598754882812,
            9.791903495788574
          ],
          [
            -84.10598754882812,
            9.791903495788574
          ],
          [
            -84.10598754882812,
            9.791903495788574
          ],
          [
            -84.10598754882812,
            9.791903495788574
          ],
          [
            -84.10598754882812,
            9.791903495788574
          ],
          [
            -84.10598754882812,
            9.791903495788574
          ],
          [
            -84.10598754882812,
            9.791903495788574
          ],
          [
            -84.10598754882812,
            9.791903495788574
          ],
          [
            -84.10598754882812,
            9.791903495788574
          ],
          [
            -84.10598754882812,
            9.791903495788574
          ],
          [
            -84.10598754882812,
            9.791903495788574
          ],
          [
            -84.10598754882812,
            9.791903495788574
          ],
          [
            -84.10598754882812,
            9.791903495788574
          ],
          [
            -84.10598754882812,
            9.79190444946289
          ],
          [
            -84.10598754882812,
            9.79190444946289
          ],
          [
            -84.10598754882812,
            9.79190444946289
          ],
          [
            -84.10598754882812,
            9.79190444946289
          ],
          [
            -84.10599517822266,
            9.79190444946289
          ],
          [
            -84.10599517822266,
            9.79190444946289
          ],
          [
            -84.10599517822266,
            9.79190444946289
          ],
          [
            -84.10599517822266,
            9.79190444946289
          ],
          [
            -84.10599517822266,
            9.79190444946289
          ],
          [
            -84.10599517822266,
            9.79190444946289
          ],
          [
            -84.10599517822266,
            9.791905403137207
          ],
          [
            -84.10599517822266,
            9.791905403137207
          ],
          [
            -84.10599517822266,
            9.791906356811523
          ],
          [
            -84.10599517822266,
            9.791906356811523
          ],
          [
            -84.10598754882812,
            9.791906356811523
          ],
          [
            -84.10598754882812,
            9.791906356811523
          ],
          [
            -84.10598754882812,
            9.791906356811523
          ],
          [
            -84.10598754882812,
            9.791906356811523
          ],
          [
            -84.10598754882812,
            9.791906356811523
          ],
          [
            -84.10598754882812,
            9.791906356811523
          ],
          [
            -84.10598754882812,
            9.791906356811523
          ],
          [
            -84.10598754882812,
            9.791906356811523
          ],
          [
            -84.10598754882812,
            9.791906356811523
          ],
          [
            -84.10598754882812,
            9.791905403137207
          ],
          [
            -84.10598754882812,
            9.791905403137207
          ],
          [
            -84.10598754882812,
            9.791905403137207
          ],
          [
            -84.10598754882812,
            9.791905403137207
          ],
          [
            -84.10598754882812,
            9.79190444946289
          ],
          [
            -84.10598754882812,
            9.79190444946289
          ],
          [
            -84.10598754882812,
            9.79190444946289
          ],
          [
            -84.10598754882812,
            9.79190444946289
          ],
          [
            -84.10598754882812,
            9.79190444946289
          ],
          [
            -84.10598754882812,
            9.79190444946289
          ],
          [
            -84.10598754882812,
            9.79190444946289
          ],
          [
            -84.10598754882812,
            9.79190444946289
          ],
          [
            -84.10598754882812,
            9.79190444946289
          ],
          [
            -84.10598754882812,
            9.79190444946289
          ],
          [
            -84.10598754882812,
            9.79190444946289
          ],
          [
            -84.10598754882812,
            9.79190444946289
          ],
          [
            -84.10598754882812,
            9.79190444946289
          ],
          [
            -84.10598754882812,
            9.79190444946289
          ],
          [
            -84.10598754882812,
            9.79190444946289
          ],
          [
            -84.10598754882812,
            9.79190444946289
          ],
          [
            -84.10598754882812,
            9.79190444946289
          ],
          [
            -84.10598754882812,
            9.79190444946289
          ],
          [
            -84.10598754882812,
            9.79190444946289
          ],
          [
            -84.10598754882812,
            9.79190444946289
          ],
          [
            -84.10598754882812,
            9.79190444946289
          ],
          [
            -84.10598754882812,
            9.79190444946289
          ],
          [
            -84.10598754882812,
            9.791903495788574
          ],
          [
            -84.10598754882812,
            9.791903495788574
          ],
          [
            -84.10598754882812,
            9.791903495788574
          ],
          [
            -84.10598754882812,
            9.791903495788574
          ],
          [
            -84.10598754882812,
            9.791903495788574
          ],
          [
            -84.10598754882812,
            9.79190254211426
          ],
          [
            -84.10598754882812,
            9.79190254211426
          ],
          [
            -84.10598754882812,
            9.79190254211426
          ],
          [
            -84.1059799194336,
            9.79190158843994
          ],
          [
            -84.1059799194336,
            9.79190158843994
          ],
          [
            -84.1059799194336,
            9.79190158843994
          ],
          [
            -84.1059799194336,
            9.79190158843994
          ],
          [
            -84.1059799194336,
            9.79190158843994
          ],
          [
            -84.1059799194336,
            9.79190158843994
          ],
          [
            -84.1059799194336,
            9.791900634765625
          ],
          [
            -84.1059799194336,
            9.791900634765625
          ],
          [
            -84.1059799194336,
            9.791900634765625
          ],
          [
            -84.1059799194336,
            9.791900634765625
          ],
          [
            -84.1059799194336,
            9.791900634765625
          ],
          [
            -84.1059799194336,
            9.791900634765625
          ],
          [
            -84.1059799194336,
            9.791900634765625
          ],
          [
            -84.1059799194336,
            9.791900634765625
          ],
          [
            -84.1059799194336,
            9.791900634765625
          ],
          [
            -84.1059799194336,
            9.791900634765625
          ],
          [
            -84.1059799194336,
            9.791900634765625
          ],
          [
            -84.1059799194336,
            9.791900634765625
          ],
          [
            -84.1059799194336,
            9.79189968109131
          ],
          [
            -84.1059799194336,
            9.79189968109131
          ],
          [
            -84.1059799194336,
            9.79189968109131
          ],
          [
            -84.1059799194336,
            9.79189968109131
          ],
          [
            -84.1059799194336,
            9.79189968109131
          ],
          [
            -84.1059799194336,
            9.79189968109131
          ],
          [
            -84.1059799194336,
            9.79189968109131
          ],
          [
            -84.1059799194336,
            9.79189968109131
          ],
          [
            -84.1059799194336,
            9.79189968109131
          ],
          [
            -84.1059799194336,
            9.791900634765625
          ],
          [
            -84.1059799194336,
            9.791900634765625
          ],
          [
            -84.1059799194336,
            9.79190158843994
          ],
          [
            -84.1059799194336,
            9.79190158843994
          ],
          [
            -84.1059799194336,
            9.79190254211426
          ],
          [
            -84.1059799194336,
            9.79190254211426
          ],
          [
            -84.1059799194336,
            9.791903495788574
          ],
          [
            -84.1059799194336,
            9.791903495788574
          ],
          [
            -84.1059799194336,
            9.791903495788574
          ],
          [
            -84.1059799194336,
            9.791903495788574
          ],
          [
            -84.1059799194336,
            9.791903495788574
          ],
          [
            -84.1059799194336,
            9.791903495788574
          ],
          [
            -84.1059799194336,
            9.79190444946289
          ],
          [
            -84.1059799194336,
            9.79190444946289
          ],
          [
            -84.1059799194336,
            9.79190444946289
          ],
          [
            -84.1059799194336,
            9.79190444946289
          ],
          [
            -84.1059799194336,
            9.79190444946289
          ],
          [
            -84.1059799194336,
            9.79190444946289
          ],
          [
            -84.1059799194336,
            9.79190444946289
          ],
          [
            -84.1059799194336,
            9.79190444946289
          ],
          [
            -84.1059799194336,
            9.79190444946289
          ],
          [
            -84.1059799194336,
            9.79190444946289
          ],
          [
            -84.1059799194336,
            9.791903495788574
          ],
          [
            -84.1059799194336,
            9.791903495788574
          ],
          [
            -84.1059799194336,
            9.791903495788574
          ],
          [
            -84.1059799194336,
            9.791903495788574
          ],
          [
            -84.1059799194336,
            9.791903495788574
          ],
          [
            -84.1059799194336,
            9.791903495788574
          ],
          [
            -84.10598754882812,
            9.791903495788574
          ],
          [
            -84.10598754882812,
            9.791903495788574
          ],
          [
            -84.10598754882812,
            9.791903495788574
          ],
          [
            -84.10598754882812,
            9.791903495788574
          ],
          [
            -84.10598754882812,
            9.791903495788574
          ],
          [
            -84.10598754882812,
            9.791903495788574
          ],
          [
            -84.10598754882812,
            9.791903495788574
          ],
          [
            -84.10598754882812,
            9.791903495788574
          ],
          [
            -84.10598754882812,
            9.791903495788574
          ],
          [
            -84.10598754882812,
            9.791903495788574
          ],
          [
            -84.10598754882812,
            9.79190254211426
          ],
          [
            -84.10598754882812,
            9.79190254211426
          ],
          [
            -84.10598754882812,
            9.79190254211426
          ],
          [
            -84.10598754882812,
            9.79190254211426
          ],
          [
            -84.10598754882812,
            9.79190254211426
          ],
          [
            -84.10598754882812,
            9.79190254211426
          ],
          [
            -84.10598754882812,
            9.79190254211426
          ],
          [
            -84.10598754882812,
            9.79190254211426
          ],
          [
            -84.10598754882812,
            9.791900634765625
          ],
          [
            -84.10598754882812,
            9.791900634765625
          ],
          [
            -84.10598754882812,
            9.79189968109131
          ],
          [
            -84.10598754882812,
            9.79189872741699
          ],
          [
            -84.10598754882812,
            9.79189872741699
          ],
          [
            -84.10598754882812,
            9.791897773742676
          ],
          [
            -84.10598754882812,
            9.791897773742676
          ],
          [
            -84.10598754882812,
            9.791897773742676
          ],
          [
            -84.10598754882812,
            9.791897773742676
          ],
          [
            -84.10598754882812,
            9.791897773742676
          ],
          [
            -84.10598754882812,
            9.791897773742676
          ],
          [
            -84.10598754882812,
            9.79189682006836
          ],
          [
            -84.10598754882812,
            9.79189682006836
          ],
          [
            -84.10598754882812,
            9.791895866394043
          ],
          [
            -84.10598754882812,
            9.79189682006836
          ],
          [
            -84.10598754882812,
            9.791895866394043
          ],
          [
            -84.10598754882812,
            9.791895866394043
          ],
          [
            -84.10598754882812,
            9.791894912719727
          ],
          [
            -84.10598754882812,
            9.791894912719727
          ],
          [
            -84.10598754882812,
            9.791894912719727
          ],
          [
            -84.10598754882812,
            9.791894912719727
          ],
          [
            -84.10598754882812,
            9.79189395904541
          ],
          [
            -84.10598754882812,
            9.79189395904541
          ],
          [
            -84.10598754882812,
            9.791894912719727
          ],
          [
            -84.10598754882812,
            9.791894912719727
          ],
          [
            -84.10598754882812,
            9.791897773742676
          ],
          [
            -84.10598754882812,
            9.791897773742676
          ],
          [
            -84.10598754882812,
            9.791900634765625
          ],
          [
            -84.10598754882812,
            9.791900634765625
          ],
          [
            -84.10598754882812,
            9.791903495788574
          ],
          [
            -84.10598754882812,
            9.791903495788574
          ],
          [
            -84.10598754882812,
            9.791906356811523
          ],
          [
            -84.10598754882812,
            9.791906356811523
          ],
          [
            -84.10598754882812,
            9.79191017150879
          ],
          [
            -84.10598754882812,
            9.79191017150879
          ],
          [
            -84.10598754882812,
            9.791913986206055
          ],
          [
            -84.10598754882812,
            9.791913986206055
          ],
          [
            -84.10598754882812,
            9.79191780090332
          ],
          [
            -84.10598754882812,
            9.79191780090332
          ],
          [
            -84.10598754882812,
            9.7919225692749
          ],
          [
            -84.10598754882812,
            9.7919225692749
          ],
          [
            -84.10599517822266,
            9.79192638397217
          ],
          [
            -84.10599517822266,
            9.79192638397217
          ],
          [
            -84.10599517822266,
            9.791930198669434
          ],
          [
            -84.10599517822266,
            9.791930198669434
          ],
          [
            -84.10599517822266,
            9.79193305969238
          ],
          [
            -84.10599517822266,
            9.79193305969238
          ],
          [
            -84.10599517822266,
            9.79193305969238
          ],
          [
            -84.10599517822266,
            9.79193305969238
          ],
          [
            -84.10599517822266,
            9.791934967041016
          ],
          [
            -84.10599517822266,
            9.79193878173828
          ],
          [
            -84.10599517822266,
            9.79193878173828
          ],
          [
            -84.10599517822266,
            9.791942596435547
          ],
          [
            -84.10599517822266,
            9.791942596435547
          ],
          [
            -84.10599517822266,
            9.79194641113281
          ],
          [
            -84.10599517822266,
            9.79194641113281
          ],
          [
            -84.10599517822266,
            9.79195022583008
          ],
          [
            -84.10599517822266,
            9.79195022583008
          ],
          [
            -84.10599517822266,
            9.79195308685303
          ],
          [
            -84.10599517822266,
            9.79195308685303
          ],
          [
            -84.10599517822266,
            9.791955947875977
          ],
          [
            -84.10599517822266,
            9.791955947875977
          ],
          [
            -84.10599517822266,
            9.79195976257324
          ],
          [
            -84.10599517822266,
            9.79195976257324
          ],
          [
            -84.10599517822266,
            9.79196357727051
          ],
          [
            -84.10599517822266,
            9.79196357727051
          ],
          [
            -84.10599517822266,
            9.79196834564209
          ],
          [
            -84.10599517822266,
            9.79196834564209
          ],
          [
            -84.10599517822266,
            9.79197311401367
          ],
          [
            -84.10599517822266,
            9.79197311401367
          ],
          [
            -84.10599517822266,
            9.79197311401367
          ],
          [
            -84.10599517822266,
            9.79197311401367
          ],
          [
            -84.10599517822266,
            9.79197311401367
          ],
          [
            -84.10599517822266,
            9.79197692871094
          ],
          [
            -84.10599517822266,
            9.791980743408203
          ],
          [
            -84.1060028076172,
            9.791985511779785
          ],
          [
            -84.1060028076172,
            9.791988372802734
          ],
          [
            -84.1060028076172,
            9.791988372802734
          ],
          [
            -84.1060028076172,
            9.7919921875
          ],
          [
            -84.1060028076172,
            9.7919921875
          ],
          [
            -84.1060028076172,
            9.791996002197266
          ],
          [
            -84.1060028076172,
            9.791996002197266
          ],
          [
            -84.1060028076172,
            9.79199981689453
          ],
          [
            -84.1060028076172,
            9.79199981689453
          ],
          [
            -84.1060028076172,
            9.792003631591797
          ],
          [
            -84.1060028076172,
            9.792003631591797
          ],
          [
            -84.1060028076172,
            9.79200744628906
          ],
          [
            -84.1060028076172,
            9.79200744628906
          ],
          [
            -84.1060028076172,
            9.79201126098633
          ],
          [
            -84.1060028076172,
            9.79201126098633
          ],
          [
            -84.1060028076172,
            9.79201412200928
          ],
          [
            -84.1060028076172,
            9.79201412200928
          ],
          [
            -84.1060028076172,
            9.792017936706543
          ],
          [
            -84.1060028076172,
            9.792017936706543
          ],
          [
            -84.1060028076172,
            9.79202175140381
          ],
          [
            -84.1060028076172,
            9.79202175140381
          ],
          [
            -84.1060028076172,
            9.792025566101074
          ],
          [
            -84.1060028076172,
            9.792028427124023
          ],
          [
            -84.1060028076172,
            9.792028427124023
          ],
          [
            -84.10599517822266,
            9.79203128814697
          ],
          [
            -84.10599517822266,
            9.79203128814697
          ],
          [
            -84.10599517822266,
            9.79203510284424
          ],
          [
            -84.10599517822266,
            9.79203510284424
          ],
          [
            -84.10599517822266,
            9.79203701019287
          ],
          [
            -84.10599517822266,
            9.79203701019287
          ],
          [
            -84.10599517822266,
            9.79203987121582
          ],
          [
            -84.10599517822266,
            9.79203987121582
          ],
          [
            -84.10598754882812,
            9.792043685913086
          ],
          [
            -84.10598754882812,
            9.792043685913086
          ],
          [
            -84.10598754882812,
            9.792046546936035
          ],
          [
            -84.10598754882812,
            9.792046546936035
          ],
          [
            -84.10598754882812,
            9.79205131530762
          ],
          [
            -84.10598754882812,
            9.79205131530762
          ],
          [
            -84.10598754882812,
            9.79205513000488
          ],
          [
            -84.10598754882812,
            9.79205513000488
          ],
          [
            -84.1059799194336,
            9.79205799102783
          ],
          [
            -84.1059799194336,
            9.79205799102783
          ],
          [
            -84.1059799194336,
            9.792062759399414
          ],
          [
            -84.1059799194336,
            9.792062759399414
          ],
          [
            -84.1059799194336,
            9.792064666748047
          ],
          [
            -84.1059799194336,
            9.792064666748047
          ],
          [
            -84.1059799194336,
            9.792065620422363
          ],
          [
            -84.1059799194336,
            9.792065620422363
          ],
          [
            -84.1059799194336,
            9.79206657409668
          ],
          [
            -84.1059799194336,
            9.79206657409668
          ],
          [
            -84.1059799194336,
            9.79206657409668
          ],
          [
            -84.1059799194336,
            9.79206657409668
          ],
          [
            -84.1059799194336,
            9.79206657409668
          ],
          [
            -84.1059799194336,
            9.79206657409668
          ],
          [
            -84.1059799194336,
            9.79206657409668
          ],
          [
            -84.1059799194336,
            9.79206657409668
          ],
          [
            -84.1059799194336,
            9.79206657409668
          ],
          [
            -84.1059799194336,
            9.79206657409668
          ],
          [
            -84.1059799194336,
            9.79206657409668
          ],
          [
            -84.1059799194336,
            9.79206657409668
          ],
          [
            -84.1059799194336,
            9.79206657409668
          ],
          [
            -84.10597229003906,
            9.792067527770996
          ],
          [
            -84.10597229003906,
            9.79206943511963
          ],
          [
            -84.10597229003906,
            9.79206943511963
          ],
          [
            -84.10597229003906,
            9.79207229614258
          ],
          [
            -84.10597229003906,
            9.79207229614258
          ],
          [
            -84.10597229003906,
            9.792076110839844
          ],
          [
            -84.10597229003906,
            9.792076110839844
          ],
          [
            -84.10597229003906,
            9.79207992553711
          ],
          [
            -84.10597229003906,
            9.79208278656006
          ],
          [
            -84.10597229003906,
            9.79208278656006
          ],
          [
            -84.10597229003906,
            9.79208278656006
          ],
          [
            -84.10597229003906,
            9.79208564758301
          ],
          [
            -84.10597229003906,
            9.79208564758301
          ],
          [
            -84.10597229003906,
            9.79208564758301
          ],
          [
            -84.10597229003906,
            9.79208564758301
          ],
          [
            -84.10597229003906,
            9.79208564758301
          ],
          [
            -84.10597229003906,
            9.79208564758301
          ],
          [
            -84.10597229003906,
            9.79208564758301
          ],
          [
            -84.10597229003906,
            9.792088508605957
          ],
          [
            -84.10597229003906,
            9.79209232330322
          ],
          [
            -84.10597229003906,
            9.79209232330322
          ],
          [
            -84.10597229003906,
            9.79209232330322
          ],
          [
            -84.10597229003906,
            9.79209232330322
          ],
          [
            -84.10597229003906,
            9.79209232330322
          ],
          [
            -84.10597229003906,
            9.79209232330322
          ],
          [
            -84.10597229003906,
            9.79209232330322
          ],
          [
            -84.10596466064453,
            9.79209232330322
          ],
          [
            -84.10596466064453,
            9.79209232330322
          ],
          [
            -84.10597229003906,
            9.79209327697754
          ],
          [
            -84.10597229003906,
            9.79209327697754
          ],
          [
            -84.10597229003906,
            9.79209613800049
          ],
          [
            -84.10597229003906,
            9.79209613800049
          ],
          [
            -84.10597229003906,
            9.79209804534912
          ],
          [
            -84.10597229003906,
            9.79209804534912
          ],
          [
            -84.10597229003906,
            9.79210090637207
          ],
          [
            -84.10597229003906,
            9.79210090637207
          ],
          [
            -84.10597229003906,
            9.79210376739502
          ],
          [
            -84.10597229003906,
            9.79210376739502
          ],
          [
            -84.10596466064453,
            9.79210662841797
          ],
          [
            -84.10596466064453,
            9.79210662841797
          ],
          [
            -84.10596466064453,
            9.79210948944092
          ],
          [
            -84.10596466064453,
            9.79210948944092
          ],
          [
            -84.10596466064453,
            9.79210948944092
          ],
          [
            -84.10596466064453,
            9.79210948944092
          ],
          [
            -84.10596466064453,
            9.792110443115234
          ],
          [
            -84.10596466064453,
            9.792110443115234
          ],
          [
            -84.10596466064453,
            9.79211139678955
          ],
          [
            -84.10596466064453,
            9.79211139678955
          ],
          [
            -84.10596466064453,
            9.79211235046387
          ],
          [
            -84.10596466064453,
            9.79211235046387
          ],
          [
            -84.10596466064453,
            9.7921142578125
          ],
          [
            -84.10596466064453,
            9.7921142578125
          ],
          [
            -84.10596466064453,
            9.792115211486816
          ],
          [
            -84.10596466064453,
            9.792115211486816
          ],
          [
            -84.10596466064453,
            9.792115211486816
          ],
          [
            -84.10596466064453,
            9.792115211486816
          ],
          [
            -84.10596466064453,
            9.79211616516113
          ],
          [
            -84.10596466064453,
            9.79211616516113
          ],
          [
            -84.10596466064453,
            9.79211616516113
          ],
          [
            -84.10596466064453,
            9.79211616516113
          ],
          [
            -84.10596466064453,
            9.79211616516113
          ],
          [
            -84.10596466064453,
            9.79211616516113
          ],
          [
            -84.10596466064453,
            9.79211711883545
          ],
          [
            -84.10596466064453,
            9.79211902618408
          ],
          [
            -84.10596466064453,
            9.79211902618408
          ],
          [
            -84.10597229003906,
            9.79212188720703
          ],
          [
            -84.10597229003906,
            9.79212188720703
          ],
          [
            -84.10597229003906,
            9.79212188720703
          ],
          [
            -84.10597229003906,
            9.79212188720703
          ],
          [
            -84.10597229003906,
            9.79212284088135
          ],
          [
            -84.10597229003906,
            9.79212284088135
          ],
          [
            -84.10597229003906,
            9.792123794555664
          ],
          [
            -84.10597229003906,
            9.792123794555664
          ],
          [
            -84.10596466064453,
            9.79212474822998
          ],
          [
            -84.10596466064453,
            9.79212474822998
          ],
          [
            -84.10597229003906,
            9.792125701904297
          ],
          [
            -84.10597229003906,
            9.792125701904297
          ],
          [
            -84.10597229003906,
            9.792125701904297
          ],
          [
            -84.10597229003906,
            9.792125701904297
          ],
          [
            -84.10597229003906,
            9.792126655578613
          ],
          [
            -84.10597229003906,
            9.792126655578613
          ],
          [
            -84.10597229003906,
            9.79212760925293
          ],
          [
            -84.10597229003906,
            9.79212760925293
          ],
          [
            -84.10597229003906,
            9.792128562927246
          ],
          [
            -84.10597229003906,
            9.792128562927246
          ],
          [
            -84.10597229003906,
            9.79212760925293
          ],
          [
            -84.10597229003906,
            9.79212760925293
          ],
          [
            -84.10597229003906,
            9.792126655578613
          ],
          [
            -84.10597229003906,
            9.792126655578613
          ],
          [
            -84.10597229003906,
            9.792125701904297
          ],
          [
            -84.10597229003906,
            9.792125701904297
          ],
          [
            -84.10597229003906,
            9.79212474822998
          ],
          [
            -84.10597229003906,
            9.79212474822998
          ],
          [
            -84.10597229003906,
            9.79212188720703
          ],
          [
            -84.10597229003906,
            9.79212188720703
          ],
          [
            -84.10597229003906,
            9.792118072509766
          ],
          [
            -84.10597229003906,
            9.792118072509766
          ],
          [
            -84.1059799194336,
            9.7921142578125
          ],
          [
            -84.1059799194336,
            9.7921142578125
          ],
          [
            -84.10597229003906,
            9.79210948944092
          ],
          [
            -84.10597229003906,
            9.79210948944092
          ],
          [
            -84.10597229003906,
            9.792104721069336
          ],
          [
            -84.10597229003906,
            9.792104721069336
          ],
          [
            -84.10597229003906,
            9.79210090637207
          ],
          [
            -84.10597229003906,
            9.79210090637207
          ],
          [
            -84.10597229003906,
            9.79209613800049
          ],
          [
            -84.10597229003906,
            9.79209232330322
          ],
          [
            -84.10597229003906,
            9.79209232330322
          ],
          [
            -84.10597229003906,
            9.79209232330322
          ],
          [
            -84.10597229003906,
            9.792088508605957
          ],
          [
            -84.10597229003906,
            9.79208564758301
          ],
          [
            -84.10597229003906,
            9.79208564758301
          ],
          [
            -84.10597229003906,
            9.79208278656006
          ],
          [
            -84.10597229003906,
            9.79208278656006
          ],
          [
            -84.10597229003906,
            9.792080879211426
          ],
          [
            -84.10597229003906,
            9.792080879211426
          ],
          [
            -84.10597229003906,
            9.792080879211426
          ],
          [
            -84.10597229003906,
            9.792080879211426
          ],
          [
            -84.10597229003906,
            9.792080879211426
          ],
          [
            -84.10597229003906,
            9.792080879211426
          ],
          [
            -84.10597229003906,
            9.792080879211426
          ],
          [
            -84.10597229003906,
            9.792080879211426
          ],
          [
            -84.10597229003906,
            9.792078971862793
          ],
          [
            -84.10597229003906,
            9.792076110839844
          ],
          [
            -84.10597229003906,
            9.792073249816895
          ],
          [
            -84.1059799194336,
            9.79207134246826
          ],
          [
            -84.1059799194336,
            9.79207134246826
          ],
          [
            -84.1059799194336,
            9.79207134246826
          ],
          [
            -84.1059799194336,
            9.79206848144531
          ],
          [
            -84.1059799194336,
            9.79206848144531
          ],
          [
            -84.1059799194336,
            9.792065620422363
          ],
          [
            -84.1059799194336,
            9.792065620422363
          ],
          [
            -84.1059799194336,
            9.792062759399414
          ],
          [
            -84.1059799194336,
            9.792062759399414
          ],
          [
            -84.1059799194336,
            9.792059898376465
          ],
          [
            -84.1059799194336,
            9.792059898376465
          ],
          [
            -84.1059799194336,
            9.792057037353516
          ],
          [
            -84.1059799194336,
            9.792057037353516
          ],
          [
            -84.10597229003906,
            9.79205322265625
          ],
          [
            -84.10597229003906,
            9.79205322265625
          ],
          [
            -84.1059799194336,
            9.79204845428467
          ],
          [
            -84.1059799194336,
            9.79204845428467
          ],
          [
            -84.1059799194336,
            9.7920446395874
          ],
          [
            -84.1059799194336,
            9.7920446395874
          ],
          [
            -84.10597229003906,
            9.79203987121582
          ],
          [
            -84.10597229003906,
            9.79203987121582
          ],
          [
            -84.10597229003906,
            9.79203701019287
          ],
          [
            -84.10597229003906,
            9.79203701019287
          ],
          [
            -84.10597229003906,
            9.79203414916992
          ],
          [
            -84.10597229003906,
            9.79203414916992
          ],
          [
            -84.10597229003906,
            9.79203414916992
          ],
          [
            -84.10597229003906,
            9.79203414916992
          ],
          [
            -84.10597229003906,
            9.79203414916992
          ],
          [
            -84.10597229003906,
            9.79203414916992
          ],
          [
            -84.10597229003906,
            9.79203414916992
          ],
          [
            -84.10597229003906,
            9.79203414916992
          ],
          [
            -84.10597229003906,
            9.79203510284424
          ],
          [
            -84.10597229003906,
            9.79203510284424
          ],
          [
            -84.10597229003906,
            9.79203701019287
          ],
          [
            -84.10597229003906,
            9.79203701019287
          ],
          [
            -84.10597229003906,
            9.792038917541504
          ],
          [
            -84.10597229003906,
            9.792038917541504
          ],
          [
            -84.10597229003906,
            9.792038917541504
          ],
          [
            -84.10597229003906,
            9.792038917541504
          ],
          [
            -84.10597229003906,
            9.792038917541504
          ],
          [
            -84.1059799194336,
            9.792038917541504
          ],
          [
            -84.1059799194336,
            9.792038917541504
          ],
          [
            -84.1059799194336,
            9.792038917541504
          ],
          [
            -84.1059799194336,
            9.792038917541504
          ],
          [
            -84.1059799194336,
            9.79203987121582
          ],
          [
            -84.1059799194336,
            9.79203987121582
          ],
          [
            -84.1059799194336,
            9.79203987121582
          ],
          [
            -84.1059799194336,
            9.79203987121582
          ],
          [
            -84.1059799194336,
            9.792040824890137
          ],
          [
            -84.1059799194336,
            9.792040824890137
          ],
          [
            -84.1059799194336,
            9.792041778564453
          ],
          [
            -84.1059799194336,
            9.792041778564453
          ],
          [
            -84.1059799194336,
            9.792043685913086
          ],
          [
            -84.1059799194336,
            9.792043685913086
          ],
          [
            -84.1059799194336,
            9.792043685913086
          ],
          [
            -84.1059799194336,
            9.792043685913086
          ],
          [
            -84.1059799194336,
            9.792043685913086
          ],
          [
            -84.1059799194336,
            9.7920446395874
          ],
          [
            -84.1059799194336,
            9.7920446395874
          ],
          [
            -84.1059799194336,
            9.79205131530762
          ],
          [
            -84.1059799194336,
            9.792057037353516
          ],
          [
            -84.1059799194336,
            9.792057037353516
          ],
          [
            -84.1059799194336,
            9.79205799102783
          ],
          [
            -84.1059799194336,
            9.79205799102783
          ],
          [
            -84.1059799194336,
            9.79205799102783
          ],
          [
            -84.1059799194336,
            9.79205799102783
          ],
          [
            -84.1059799194336,
            9.79205894470215
          ],
          [
            -84.1059799194336,
            9.79205894470215
          ],
          [
            -84.1059799194336,
            9.79205799102783
          ],
          [
            -84.1059799194336,
            9.79205799102783
          ],
          [
            -84.1059799194336,
            9.79205799102783
          ],
          [
            -84.1059799194336,
            9.79205799102783
          ],
          [
            -84.1059799194336,
            9.79205799102783
          ],
          [
            -84.1059799194336,
            9.79205799102783
          ],
          [
            -84.1059799194336,
            9.79205894470215
          ],
          [
            -84.1059799194336,
            9.79205894470215
          ],
          [
            -84.1059799194336,
            9.792059898376465
          ],
          [
            -84.1059799194336,
            9.792059898376465
          ],
          [
            -84.10597229003906,
            9.79205894470215
          ],
          [
            -84.10597229003906,
            9.79205894470215
          ],
          [
            -84.10597229003906,
            9.79205799102783
          ],
          [
            -84.10597229003906,
            9.79205799102783
          ],
          [
            -84.10597229003906,
            9.792057037353516
          ],
          [
            -84.10597229003906,
            9.792057037353516
          ],
          [
            -84.10597229003906,
            9.7920560836792
          ],
          [
            -84.10597229003906,
            9.7920560836792
          ],
          [
            -84.10597229003906,
            9.79205513000488
          ],
          [
            -84.10597229003906,
            9.79205513000488
          ],
          [
            -84.10596466064453,
            9.79205322265625
          ],
          [
            -84.10596466064453,
            9.79205322265625
          ],
          [
            -84.10596466064453,
            9.79205322265625
          ],
          [
            -84.10596466064453,
            9.79205322265625
          ],
          [
            -84.10596466064453,
            9.79205322265625
          ],
          [
            -84.10596466064453,
            9.79205322265625
          ],
          [
            -84.10596466064453,
            9.792052268981934
          ],
          [
            -84.10596466064453,
            9.79205131530762
          ],
          [
            -84.10596466064453,
            9.79205131530762
          ],
          [
            -84.10596466064453,
            9.792052268981934
          ],
          [
            -84.10596466064453,
            9.792052268981934
          ],
          [
            -84.10596466064453,
            9.79205322265625
          ],
          [
            -84.10596466064453,
            9.79205322265625
          ],
          [
            -84.10596466064453,
            9.79205322265625
          ],
          [
            -84.10596466064453,
            9.79205322265625
          ],
          [
            -84.10597229003906,
            9.79205322265625
          ],
          [
            -84.10597229003906,
            9.79205322265625
          ],
          [
            -84.10597229003906,
            9.79205322265625
          ],
          [
            -84.10597229003906,
            9.79205322265625
          ],
          [
            -84.10597229003906,
            9.79205322265625
          ],
          [
            -84.10597229003906,
            9.79205322265625
          ],
          [
            -84.10597229003906,
            9.79205322265625
          ],
          [
            -84.10597229003906,
            9.79205322265625
          ],
          [
            -84.10597229003906,
            9.792052268981934
          ],
          [
            -84.10597229003906,
            9.792052268981934
          ],
          [
            -84.10597229003906,
            9.79205131530762
          ],
          [
            -84.10597229003906,
            9.79205131530762
          ],
          [
            -84.10597229003906,
            9.79205131530762
          ],
          [
            -84.10597229003906,
            9.79205131530762
          ],
          [
            -84.10597229003906,
            9.79205131530762
          ],
          [
            -84.10597229003906,
            9.79204750061035
          ],
          [
            -84.10597229003906,
            9.792043685913086
          ],
          [
            -84.10597229003906,
            9.792041778564453
          ],
          [
            -84.10597229003906,
            9.792041778564453
          ],
          [
            -84.10597229003906,
            9.792041778564453
          ],
          [
            -84.10597229003906,
            9.792041778564453
          ],
          [
            -84.10597229003906,
            9.792041778564453
          ],
          [
            -84.10597229003906,
            9.792041778564453
          ],
          [
            -84.10597229003906,
            9.792041778564453
          ],
          [
            -84.10597229003906,
            9.792041778564453
          ],
          [
            -84.10597229003906,
            9.792041778564453
          ],
          [
            -84.10597229003906,
            9.79203987121582
          ],
          [
            -84.10597229003906,
            9.79203701019287
          ],
          [
            -84.10597229003906,
            9.792033195495605
          ],
          [
            -84.10597229003906,
            9.79202938079834
          ],
          [
            -84.10597229003906,
            9.79202651977539
          ],
          [
            -84.1059799194336,
            9.79202365875244
          ],
          [
            -84.1059799194336,
            9.792019844055176
          ],
          [
            -84.1059799194336,
            9.792019844055176
          ],
          [
            -84.1059799194336,
            9.792016983032227
          ],
          [
            -84.1059799194336,
            9.792016983032227
          ],
          [
            -84.10598754882812,
            9.792015075683594
          ],
          [
            -84.10598754882812,
            9.792015075683594
          ],
          [
            -84.10598754882812,
            9.792012214660645
          ],
          [
            -84.10598754882812,
            9.79200839996338
          ],
          [
            -84.10598754882812,
            9.79200839996338
          ],
          [
            -84.10598754882812,
            9.79200553894043
          ],
          [
            -84.10598754882812,
            9.79200553894043
          ],
          [
            -84.10598754882812,
            9.79200553894043
          ],
          [
            -84.10598754882812,
            9.79200553894043
          ],
          [
            -84.10598754882812,
            9.792004585266113
          ],
          [
            -84.10598754882812,
            9.792004585266113
          ],
          [
            -84.10598754882812,
            9.792001724243164
          ],
          [
            -84.10598754882812,
            9.792001724243164
          ],
          [
            -84.10598754882812,
            9.791998863220215
          ],
          [
            -84.10598754882812,
            9.791998863220215
          ],
          [
            -84.10598754882812,
            9.791996002197266
          ],
          [
            -84.10598754882812,
            9.791996002197266
          ],
          [
            -84.10598754882812,
            9.791993141174316
          ],
          [
            -84.10598754882812,
            9.791993141174316
          ],
          [
            -84.10598754882812,
            9.791991233825684
          ],
          [
            -84.10598754882812,
            9.791991233825684
          ],
          [
            -84.10598754882812,
            9.791991233825684
          ],
          [
            -84.10598754882812,
            9.791991233825684
          ],
          [
            -84.10599517822266,
            9.791991233825684
          ],
          [
            -84.10599517822266,
            9.791991233825684
          ],
          [
            -84.10599517822266,
            9.79199028015137
          ],
          [
            -84.10599517822266,
            9.79199028015137
          ],
          [
            -84.10599517822266,
            9.79199028015137
          ],
          [
            -84.10599517822266,
            9.79199028015137
          ],
          [
            -84.10599517822266,
            9.79199028015137
          ],
          [
            -84.10599517822266,
            9.79199028015137
          ],
          [
            -84.10599517822266,
            9.79199028015137
          ],
          [
            -84.10599517822266,
            9.79199028015137
          ],
          [
            -84.10599517822266,
            9.79198932647705
          ],
          [
            -84.10599517822266,
            9.79198932647705
          ],
          [
            -84.10599517822266,
            9.7919864654541
          ],
          [
            -84.10599517822266,
            9.7919864654541
          ],
          [
            -84.10599517822266,
            9.79198360443115
          ],
          [
            -84.10599517822266,
            9.79198360443115
          ],
          [
            -84.10599517822266,
            9.79198360443115
          ],
          [
            -84.10599517822266,
            9.79198360443115
          ],
          [
            -84.10599517822266,
            9.791980743408203
          ],
          [
            -84.10599517822266,
            9.79197692871094
          ],
          [
            -84.10599517822266,
            9.79197406768799
          ],
          [
            -84.10599517822266,
            9.79197406768799
          ],
          [
            -84.10599517822266,
            9.79197120666504
          ],
          [
            -84.10599517822266,
            9.79197120666504
          ],
          [
            -84.10599517822266,
            9.79196834564209
          ],
          [
            -84.10599517822266,
            9.79196834564209
          ],
          [
            -84.10599517822266,
            9.79196548461914
          ],
          [
            -84.10599517822266,
            9.791964530944824
          ],
          [
            -84.10599517822266,
            9.791964530944824
          ],
          [
            -84.10599517822266,
            9.791964530944824
          ],
          [
            -84.10599517822266,
            9.791961669921875
          ],
          [
            -84.10599517822266,
            9.791961669921875
          ],
          [
            -84.10599517822266,
            9.791961669921875
          ],
          [
            -84.10599517822266,
            9.791961669921875
          ],
          [
            -84.10599517822266,
            9.791961669921875
          ],
          [
            -84.10599517822266,
            9.79196071624756
          ],
          [
            -84.10599517822266,
            9.79196071624756
          ],
          [
            -84.10599517822266,
            9.79196071624756
          ],
          [
            -84.10599517822266,
            9.79196071624756
          ],
          [
            -84.10599517822266,
            9.79195785522461
          ],
          [
            -84.10599517822266,
            9.79195785522461
          ],
          [
            -84.10599517822266,
            9.79195499420166
          ],
          [
            -84.10599517822266,
            9.79195499420166
          ],
          [
            -84.10599517822266,
            9.79195213317871
          ],
          [
            -84.10599517822266,
            9.79195213317871
          ],
          [
            -84.10599517822266,
            9.79194927215576
          ],
          [
            -84.10599517822266,
            9.79194927215576
          ],
          [
            -84.10599517822266,
            9.79194641113281
          ],
          [
            -84.10599517822266,
            9.79194641113281
          ],
          [
            -84.10599517822266,
            9.791942596435547
          ],
          [
            -84.10599517822266,
            9.791942596435547
          ],
          [
            -84.10599517822266,
            9.7919397354126
          ],
          [
            -84.10599517822266,
            9.7919397354126
          ],
          [
            -84.10599517822266,
            9.79193687438965
          ],
          [
            -84.10599517822266,
            9.79193687438965
          ],
          [
            -84.10599517822266,
            9.79193305969238
          ],
          [
            -84.10599517822266,
            9.79193305969238
          ],
          [
            -84.10599517822266,
            9.791930198669434
          ],
          [
            -84.10599517822266,
            9.791930198669434
          ],
          [
            -84.10599517822266,
            9.791927337646484
          ],
          [
            -84.10599517822266,
            9.791927337646484
          ],
          [
            -84.10599517822266,
            9.79192352294922
          ],
          [
            -84.10599517822266,
            9.79192352294922
          ],
          [
            -84.10599517822266,
            9.79192066192627
          ],
          [
            -84.10599517822266,
            9.79192066192627
          ],
          [
            -84.10599517822266,
            9.791916847229004
          ],
          [
            -84.10599517822266,
            9.791916847229004
          ],
          [
            -84.10599517822266,
            9.791913986206055
          ],
          [
            -84.10599517822266,
            9.791913986206055
          ],
          [
            -84.10599517822266,
            9.79191017150879
          ],
          [
            -84.10599517822266,
            9.79191017150879
          ],
          [
            -84.10599517822266,
            9.791906356811523
          ],
          [
            -84.10599517822266,
            9.791906356811523
          ],
          [
            -84.10598754882812,
            9.79190254211426
          ],
          [
            -84.10598754882812,
            9.79190254211426
          ],
          [
            -84.10598754882812,
            9.79189872741699
          ],
          [
            -84.10598754882812,
            9.79189872741699
          ],
          [
            -84.10598754882812,
            9.79189872741699
          ],
          [
            -84.10598754882812,
            9.79189872741699
          ],
          [
            -84.10598754882812,
            9.791893005371094
          ],
          [
            -84.10598754882812,
            9.79188919067383
          ],
          [
            -84.10598754882812,
            9.79188537597656
          ],
          [
            -84.10598754882812,
            9.791882514953613
          ],
          [
            -84.10598754882812,
            9.791882514953613
          ],
          [
            -84.10598754882812,
            9.791879653930664
          ],
          [
            -84.10598754882812,
            9.791879653930664
          ],
          [
            -84.10598754882812,
            9.79187774658203
          ],
          [
            -84.10598754882812,
            9.79187774658203
          ],
          [
            -84.10598754882812,
            9.79187774658203
          ],
          [
            -84.10598754882812,
            9.79187774658203
          ],
          [
            -84.10598754882812,
            9.79187488555908
          ],
          [
            -84.10598754882812,
            9.79187488555908
          ],
          [
            -84.1059799194336,
            9.791871070861816
          ],
          [
            -84.1059799194336,
            9.791871070861816
          ],
          [
            -84.1059799194336,
            9.791866302490234
          ],
          [
            -84.1059799194336,
            9.791866302490234
          ],
          [
            -84.1059799194336,
            9.7918643951416
          ],
          [
            -84.1059799194336,
            9.7918643951416
          ],
          [
            -84.1059799194336,
            9.791863441467285
          ],
          [
            -84.1059799194336,
            9.791863441467285
          ],
          [
            -84.1059799194336,
            9.79186248779297
          ],
          [
            -84.1059799194336,
            9.79186248779297
          ],
          [
            -84.1059799194336,
            9.79186153411865
          ],
          [
            -84.1059799194336,
            9.79186153411865
          ],
          [
            -84.1059799194336,
            9.791860580444336
          ],
          [
            -84.1059799194336,
            9.791860580444336
          ],
          [
            -84.1059799194336,
            9.791858673095703
          ],
          [
            -84.1059799194336,
            9.791858673095703
          ],
          [
            -84.1059799194336,
            9.791857719421387
          ],
          [
            -84.1059799194336,
            9.791857719421387
          ],
          [
            -84.1059799194336,
            9.79185676574707
          ],
          [
            -84.1059799194336,
            9.79185676574707
          ],
          [
            -84.10597229003906,
            9.79185390472412
          ],
          [
            -84.10597229003906,
            9.79185390472412
          ],
          [
            -84.10597229003906,
            9.79185104370117
          ],
          [
            -84.10597229003906,
            9.79185104370117
          ],
          [
            -84.10597229003906,
            9.791847229003906
          ],
          [
            -84.10597229003906,
            9.791847229003906
          ],
          [
            -84.10597229003906,
            9.79184341430664
          ],
          [
            -84.10597229003906,
            9.79184341430664
          ],
          [
            -84.10596466064453,
            9.791839599609375
          ],
          [
            -84.10596466064453,
            9.791839599609375
          ],
          [
            -84.10596466064453,
            9.79183578491211
          ],
          [
            -84.10596466064453,
            9.79183578491211
          ],
          [
            -84.10596466064453,
            9.791831970214844
          ],
          [
            -84.10596466064453,
            9.79182815551758
          ],
          [
            -84.10596466064453,
            9.79182815551758
          ],
          [
            -84.10596466064453,
            9.79182434082031
          ],
          [
            -84.10596466064453,
            9.79182434082031
          ],
          [
            -84.10596466064453,
            9.791820526123047
          ],
          [
            -84.10596466064453,
            9.791820526123047
          ],
          [
            -84.10595703125,
            9.79181671142578
          ],
          [
            -84.10595703125,
            9.79181671142578
          ],
          [
            -84.10595703125,
            9.79181385040283
          ],
          [
            -84.10595703125,
            9.79181385040283
          ],
          [
            -84.10595703125,
            9.791810035705566
          ],
          [
            -84.10595703125,
            9.791810035705566
          ],
          [
            -84.10595703125,
            9.791810035705566
          ],
          [
            -84.10595703125,
            9.791810035705566
          ],
          [
            -84.10595703125,
            9.791810035705566
          ],
          [
            -84.10595703125,
            9.791810035705566
          ],
          [
            -84.10595703125,
            9.7918062210083
          ],
          [
            -84.10595703125,
            9.791802406311035
          ],
          [
            -84.10595703125,
            9.79179859161377
          ],
          [
            -84.10595703125,
            9.79179382324219
          ],
          [
            -84.10595703125,
            9.79179000854492
          ],
          [
            -84.10595703125,
            9.79179000854492
          ],
          [
            -84.10594940185547,
            9.791786193847656
          ],
          [
            -84.10594940185547,
            9.791786193847656
          ],
          [
            -84.10594940185547,
            9.79178237915039
          ],
          [
            -84.10594940185547,
            9.79178237915039
          ],
          [
            -84.10594940185547,
            9.79177761077881
          ],
          [
            -84.10594940185547,
            9.79177761077881
          ],
          [
            -84.10594940185547,
            9.791773796081543
          ],
          [
            -84.10594940185547,
            9.791773796081543
          ],
          [
            -84.10594940185547,
            9.79176902770996
          ],
          [
            -84.10594940185547,
            9.79176902770996
          ],
          [
            -84.10594940185547,
            9.791765213012695
          ],
          [
            -84.10594940185547,
            9.791765213012695
          ],
          [
            -84.10594940185547,
            9.791759490966797
          ],
          [
            -84.10594940185547,
            9.791759490966797
          ],
          [
            -84.10594940185547,
            9.791757583618164
          ],
          [
            -84.10594940185547,
            9.791757583618164
          ],
          [
            -84.10594940185547,
            9.791759490966797
          ],
          [
            -84.10594940185547,
            9.791759490966797
          ],
          [
            -84.10594940185547,
            9.79176139831543
          ],
          [
            -84.10594940185547,
            9.79176139831543
          ],
          [
            -84.10594940185547,
            9.79176139831543
          ],
          [
            -84.10594940185547,
            9.79176139831543
          ],
          [
            -84.10594940185547,
            9.79176139831543
          ],
          [
            -84.10594940185547,
            9.79176139831543
          ],
          [
            -84.10594940185547,
            9.79176139831543
          ],
          [
            -84.10594940185547,
            9.79176139831543
          ],
          [
            -84.10594940185547,
            9.791760444641113
          ],
          [
            -84.10594940185547,
            9.791760444641113
          ],
          [
            -84.10594940185547,
            9.791759490966797
          ],
          [
            -84.10594177246094,
            9.791759490966797
          ],
          [
            -84.10594177246094,
            9.791759490966797
          ],
          [
            -84.10594177246094,
            9.791759490966797
          ],
          [
            -84.10594177246094,
            9.791759490966797
          ],
          [
            -84.10594177246094,
            9.791759490966797
          ],
          [
            -84.10594177246094,
            9.791759490966797
          ],
          [
            -84.10594177246094,
            9.791759490966797
          ],
          [
            -84.10594177246094,
            9.791759490966797
          ],
          [
            -84.10594177246094,
            9.79175853729248
          ],
          [
            -84.10594177246094,
            9.79175853729248
          ],
          [
            -84.10594177246094,
            9.791757583618164
          ],
          [
            -84.10594177246094,
            9.791757583618164
          ],
          [
            -84.10594177246094,
            9.791757583618164
          ],
          [
            -84.10594177246094,
            9.791757583618164
          ],
          [
            -84.10594940185547,
            9.79175662994385
          ],
          [
            -84.10594940185547,
            9.79175662994385
          ],
          [
            -84.10594940185547,
            9.791757583618164
          ],
          [
            -84.10594940185547,
            9.791757583618164
          ],
          [
            -84.10594940185547,
            9.791759490966797
          ],
          [
            -84.10594940185547,
            9.791759490966797
          ],
          [
            -84.10594940185547,
            9.791759490966797
          ],
          [
            -84.10594940185547,
            9.791759490966797
          ],
          [
            -84.10594940185547,
            9.791759490966797
          ],
          [
            -84.10594940185547,
            9.791759490966797
          ],
          [
            -84.10594940185547,
            9.791759490966797
          ],
          [
            -84.10594940185547,
            9.791759490966797
          ],
          [
            -84.10594940185547,
            9.791759490966797
          ],
          [
            -84.10594940185547,
            9.791759490966797
          ],
          [
            -84.10594940185547,
            9.791759490966797
          ],
          [
            -84.10594940185547,
            9.79176330566406
          ],
          [
            -84.10594940185547,
            9.79176616668701
          ],
          [
            -84.10595703125,
            9.791768074035645
          ],
          [
            -84.10595703125,
            9.79176902770996
          ],
          [
            -84.10595703125,
            9.79176998138428
          ],
          [
            -84.10596466064453,
            9.79177188873291
          ],
          [
            -84.10596466064453,
            9.791775703430176
          ],
          [
            -84.10596466064453,
            9.791778564453125
          ],
          [
            -84.10595703125,
            9.79178237915039
          ],
          [
            -84.10595703125,
            9.791786193847656
          ],
          [
            -84.10595703125,
            9.791786193847656
          ],
          [
            -84.10595703125,
            9.79179096221924
          ],
          [
            -84.10595703125,
            9.79179096221924
          ],
          [
            -84.10595703125,
            9.791794776916504
          ],
          [
            -84.10595703125,
            9.791794776916504
          ],
          [
            -84.10596466064453,
            9.791797637939453
          ],
          [
            -84.10596466064453,
            9.791797637939453
          ],
          [
            -84.10596466064453,
            9.7918004989624
          ],
          [
            -84.10596466064453,
            9.791802406311035
          ],
          [
            -84.10596466064453,
            9.791802406311035
          ],
          [
            -84.10597229003906,
            9.791802406311035
          ],
          [
            -84.10597229003906,
            9.791802406311035
          ],
          [
            -84.10597229003906,
            9.79180335998535
          ],
          [
            -84.10597229003906,
            9.79180335998535
          ],
          [
            -84.10597229003906,
            9.79180335998535
          ],
          [
            -84.10597229003906,
            9.79180335998535
          ],
          [
            -84.10597229003906,
            9.79180335998535
          ],
          [
            -84.10597229003906,
            9.79180335998535
          ],
          [
            -84.10597229003906,
            9.79180335998535
          ],
          [
            -84.10597229003906,
            9.79180335998535
          ],
          [
            -84.10597229003906,
            9.79180335998535
          ],
          [
            -84.10597229003906,
            9.79180335998535
          ],
          [
            -84.10597229003906,
            9.79180335998535
          ],
          [
            -84.10597229003906,
            9.79180335998535
          ],
          [
            -84.10597229003906,
            9.79180335998535
          ],
          [
            -84.10597229003906,
            9.79180335998535
          ],
          [
            -84.10597229003906,
            9.79180335998535
          ],
          [
            -84.10597229003906,
            9.79180335998535
          ],
          [
            -84.1059799194336,
            9.79180145263672
          ],
          [
            -84.1059799194336,
            9.79180145263672
          ],
          [
            -84.1059799194336,
            9.791797637939453
          ],
          [
            -84.1059799194336,
            9.791797637939453
          ],
          [
            -84.1059799194336,
            9.791794776916504
          ],
          [
            -84.1059799194336,
            9.791794776916504
          ],
          [
            -84.1059799194336,
            9.79179096221924
          ],
          [
            -84.1059799194336,
            9.79179096221924
          ],
          [
            -84.10597229003906,
            9.79178810119629
          ],
          [
            -84.10597229003906,
            9.79178810119629
          ],
          [
            -84.10597229003906,
            9.791786193847656
          ],
          [
            -84.10597229003906,
            9.791786193847656
          ],
          [
            -84.10597229003906,
            9.79178237915039
          ],
          [
            -84.10597229003906,
            9.79178237915039
          ],
          [
            -84.10597229003906,
            9.791778564453125
          ],
          [
            -84.10597229003906,
            9.791778564453125
          ],
          [
            -84.10597229003906,
            9.79177474975586
          ],
          [
            -84.10597229003906,
            9.79177474975586
          ],
          [
            -84.10597229003906,
            9.79177188873291
          ],
          [
            -84.10597229003906,
            9.79177188873291
          ],
          [
            -84.10597229003906,
            9.79177188873291
          ],
          [
            -84.10597229003906,
            9.79177188873291
          ],
          [
            -84.10597229003906,
            9.79177188873291
          ],
          [
            -84.10597229003906,
            9.79176902770996
          ],
          [
            -84.10596466064453,
            9.791765213012695
          ],
          [
            -84.10596466064453,
            9.79176139831543
          ],
          [
            -84.10596466064453,
            9.791757583618164
          ],
          [
            -84.10596466064453,
            9.791757583618164
          ],
          [
            -84.10596466064453,
            9.7917537689209
          ],
          [
            -84.10596466064453,
            9.7917537689209
          ],
          [
            -84.10595703125,
            9.79174995422363
          ],
          [
            -84.10595703125,
            9.791747093200684
          ],
          [
            -84.10595703125,
            9.791747093200684
          ],
          [
            -84.10595703125,
            9.791744232177734
          ],
          [
            -84.10595703125,
            9.791744232177734
          ],
          [
            -84.10594940185547,
            9.79174041748047
          ],
          [
            -84.10594940185547,
            9.79174041748047
          ],
          [
            -84.10594940185547,
            9.79173755645752
          ],
          [
            -84.10594940185547,
            9.79173755645752
          ],
          [
            -84.10594940185547,
            9.79173469543457
          ],
          [
            -84.10594940185547,
            9.79173469543457
          ],
          [
            -84.10594177246094,
            9.79173183441162
          ],
          [
            -84.10594177246094,
            9.79173183441162
          ],
          [
            -84.10594177246094,
            9.791728019714355
          ],
          [
            -84.10594177246094,
            9.791728019714355
          ],
          [
            -84.10594177246094,
            9.791723251342773
          ],
          [
            -84.10594177246094,
            9.791723251342773
          ],
          [
            -84.10594177246094,
            9.79171848297119
          ],
          [
            -84.10594177246094,
            9.79171848297119
          ],
          [
            -84.1059341430664,
            9.791712760925293
          ],
          [
            -84.1059341430664,
            9.791712760925293
          ],
          [
            -84.1059341430664,
            9.79170894622803
          ],
          [
            -84.1059341430664,
            9.79170894622803
          ],
          [
            -84.1059341430664,
            9.79170894622803
          ],
          [
            -84.1059341430664,
            9.79170894622803
          ],
          [
            -84.1059341430664,
            9.79170894622803
          ],
          [
            -84.1059341430664,
            9.79170894622803
          ],
          [
            -84.1059341430664,
            9.79170799255371
          ],
          [
            -84.1059341430664,
            9.79170799255371
          ],
          [
            -84.1059341430664,
            9.79170799255371
          ],
          [
            -84.1059341430664,
            9.79170799255371
          ],
          [
            -84.1059341430664,
            9.79170608520508
          ],
          [
            -84.1059341430664,
            9.79170608520508
          ],
          [
            -84.1059341430664,
            9.79170322418213
          ],
          [
            -84.1059341430664,
            9.79170322418213
          ],
          [
            -84.1059341430664,
            9.79170227050781
          ],
          [
            -84.1059341430664,
            9.79170227050781
          ],
          [
            -84.1059341430664,
            9.79170227050781
          ],
          [
            -84.1059341430664,
            9.79170227050781
          ],
          [
            -84.1059341430664,
            9.791701316833496
          ],
          [
            -84.1059341430664,
            9.791701316833496
          ],
          [
            -84.10592651367188,
            9.791698455810547
          ],
          [
            -84.10592651367188,
            9.791698455810547
          ],
          [
            -84.10592651367188,
            9.791696548461914
          ],
          [
            -84.10592651367188,
            9.791696548461914
          ],
          [
            -84.10592651367188,
            9.791693687438965
          ],
          [
            -84.10592651367188,
            9.791693687438965
          ],
          [
            -84.10591888427734,
            9.79169178009033
          ],
          [
            -84.10591888427734,
            9.79168891906738
          ],
          [
            -84.10591888427734,
            9.79168891906738
          ],
          [
            -84.10591888427734,
            9.79168891906738
          ],
          [
            -84.1059112548828,
            9.79168701171875
          ],
          [
            -84.1059112548828,
            9.79168701171875
          ],
          [
            -84.1059112548828,
            9.79168701171875
          ],
          [
            -84.1059112548828,
            9.79168701171875
          ],
          [
            -84.1059112548828,
            9.7916841506958
          ],
          [
            -84.1059112548828,
            9.79167652130127
          ],
          [
            -84.1059112548828,
            9.79167652130127
          ],
          [
            -84.1059036254883,
            9.79167366027832
          ],
          [
            -84.1059036254883,
            9.79167366027832
          ],
          [
            -84.1059036254883,
            9.791669845581055
          ],
          [
            -84.1059036254883,
            9.79166793823242
          ],
          [
            -84.1059036254883,
            9.79166793823242
          ],
          [
            -84.1059036254883,
            9.79166793823242
          ],
          [
            -84.1059036254883,
            9.79166603088379
          ],
          [
            -84.1059036254883,
            9.79166603088379
          ],
          [
            -84.1059036254883,
            9.79166316986084
          ],
          [
            -84.1059036254883,
            9.79166316986084
          ],
          [
            -84.1059036254883,
            9.79166030883789
          ],
          [
            -84.1059036254883,
            9.79166030883789
          ],
          [
            -84.1059036254883,
            9.79165744781494
          ],
          [
            -84.1059036254883,
            9.79165744781494
          ],
          [
            -84.1059036254883,
            9.791653633117676
          ],
          [
            -84.1059036254883,
            9.791653633117676
          ],
          [
            -84.1059036254883,
            9.791650772094727
          ],
          [
            -84.1059036254883,
            9.791650772094727
          ],
          [
            -84.1059036254883,
            9.79164695739746
          ],
          [
            -84.1059036254883,
            9.79164695739746
          ],
          [
            -84.1059036254883,
            9.791643142700195
          ],
          [
            -84.1059036254883,
            9.791643142700195
          ],
          [
            -84.1059036254883,
            9.79163932800293
          ],
          [
            -84.1059036254883,
            9.79163932800293
          ],
          [
            -84.1059112548828,
            9.791635513305664
          ],
          [
            -84.1059112548828,
            9.791635513305664
          ],
          [
            -84.1059112548828,
            9.791632652282715
          ],
          [
            -84.1059112548828,
            9.791632652282715
          ],
          [
            -84.1059112548828,
            9.79162883758545
          ],
          [
            -84.1059112548828,
            9.79162883758545
          ],
          [
            -84.1059112548828,
            9.791625022888184
          ],
          [
            -84.1059112548828,
            9.791625022888184
          ],
          [
            -84.1059112548828,
            9.791622161865234
          ],
          [
            -84.1059112548828,
            9.791622161865234
          ],
          [
            -84.1059112548828,
            9.79161834716797
          ],
          [
            -84.1059112548828,
            9.79161834716797
          ],
          [
            -84.1059112548828,
            9.79161548614502
          ],
          [
            -84.1059112548828,
            9.79161548614502
          ],
          [
            -84.1059112548828,
            9.79161548614502
          ],
          [
            -84.1059112548828,
            9.79161548614502
          ],
          [
            -84.10591888427734,
            9.79161548614502
          ],
          [
            -84.10591888427734,
            9.79161548614502
          ],
          [
            -84.10591888427734,
            9.791616439819336
          ],
          [
            -84.10591888427734,
            9.79161548614502
          ],
          [
            -84.10591888427734,
            9.79161548614502
          ],
          [
            -84.10591888427734,
            9.79161262512207
          ],
          [
            -84.10591888427734,
            9.79161262512207
          ],
          [
            -84.10591888427734,
            9.791611671447754
          ],
          [
            -84.10591888427734,
            9.791611671447754
          ],
          [
            -84.10591888427734,
            9.791611671447754
          ],
          [
            -84.10591888427734,
            9.791611671447754
          ],
          [
            -84.10592651367188,
            9.791611671447754
          ],
          [
            -84.10592651367188,
            9.791611671447754
          ],
          [
            -84.10592651367188,
            9.791611671447754
          ],
          [
            -84.10592651367188,
            9.791611671447754
          ],
          [
            -84.10592651367188,
            9.79161262512207
          ],
          [
            -84.10592651367188,
            9.79161262512207
          ],
          [
            -84.10592651367188,
            9.79161834716797
          ],
          [
            -84.10592651367188,
            9.79161834716797
          ],
          [
            -84.10592651367188,
            9.7916202545166
          ],
          [
            -84.10592651367188,
            9.7916202545166
          ],
          [
            -84.10592651367188,
            9.79161834716797
          ],
          [
            -84.10592651367188,
            9.79161834716797
          ],
          [
            -84.10592651367188,
            9.79161739349365
          ],
          [
            -84.10592651367188,
            9.79161739349365
          ],
          [
            -84.10592651367188,
            9.79161739349365
          ],
          [
            -84.10592651367188,
            9.79161739349365
          ],
          [
            -84.10591888427734,
            9.79161739349365
          ],
          [
            -84.10591888427734,
            9.79161739349365
          ],
          [
            -84.10591888427734,
            9.79161739349365
          ],
          [
            -84.10591888427734,
            9.79161739349365
          ],
          [
            -84.10591888427734,
            9.79161739349365
          ],
          [
            -84.10591888427734,
            9.79161739349365
          ],
          [
            -84.10591888427734,
            9.79161834716797
          ],
          [
            -84.10591888427734,
            9.79161834716797
          ],
          [
            -84.10591888427734,
            9.79161834716797
          ],
          [
            -84.10591888427734,
            9.79161834716797
          ],
          [
            -84.10591888427734,
            9.79161834716797
          ],
          [
            -84.10591888427734,
            9.79161834716797
          ],
          [
            -84.10591888427734,
            9.79161834716797
          ],
          [
            -84.10591888427734,
            9.79161834716797
          ],
          [
            -84.10591888427734,
            9.79161834716797
          ],
          [
            -84.10591888427734,
            9.79161834716797
          ],
          [
            -84.10591888427734,
            9.79161834716797
          ],
          [
            -84.10591888427734,
            9.79161834716797
          ],
          [
            -84.10592651367188,
            9.79161834716797
          ],
          [
            -84.10592651367188,
            9.79161834716797
          ],
          [
            -84.10592651367188,
            9.79161834716797
          ],
          [
            -84.10592651367188,
            9.79161834716797
          ],
          [
            -84.10592651367188,
            9.79161834716797
          ],
          [
            -84.10592651367188,
            9.79161834716797
          ],
          [
            -84.10592651367188,
            9.79161834716797
          ],
          [
            -84.10592651367188,
            9.79161834716797
          ],
          [
            -84.10592651367188,
            9.79161834716797
          ],
          [
            -84.10592651367188,
            9.79161834716797
          ],
          [
            -84.10592651367188,
            9.79161834716797
          ],
          [
            -84.10592651367188,
            9.79161834716797
          ],
          [
            -84.10592651367188,
            9.79161834716797
          ],
          [
            -84.10592651367188,
            9.79161834716797
          ],
          [
            -84.10592651367188,
            9.79161834716797
          ],
          [
            -84.10592651367188,
            9.79161834716797
          ],
          [
            -84.10592651367188,
            9.79161834716797
          ],
          [
            -84.10592651367188,
            9.79161834716797
          ],
          [
            -84.10592651367188,
            9.79161834716797
          ],
          [
            -84.10592651367188,
            9.79161834716797
          ],
          [
            -84.10592651367188,
            9.79161834716797
          ],
          [
            -84.10592651367188,
            9.79161834716797
          ],
          [
            -84.10592651367188,
            9.79161834716797
          ],
          [
            -84.10592651367188,
            9.79161834716797
          ],
          [
            -84.10592651367188,
            9.79161739349365
          ],
          [
            -84.10592651367188,
            9.79161739349365
          ],
          [
            -84.10592651367188,
            9.79161739349365
          ],
          [
            -84.10592651367188,
            9.79161739349365
          ],
          [
            -84.10592651367188,
            9.79161739349365
          ],
          [
            -84.10592651367188,
            9.79161739349365
          ],
          [
            -84.10592651367188,
            9.79161739349365
          ],
          [
            -84.10592651367188,
            9.79161739349365
          ],
          [
            -84.10592651367188,
            9.79161739349365
          ],
          [
            -84.10591888427734,
            9.79161739349365
          ],
          [
            -84.10591888427734,
            9.79161739349365
          ],
          [
            -84.10591888427734,
            9.79161739349365
          ],
          [
            -84.10591888427734,
            9.79161739349365
          ],
          [
            -84.10591888427734,
            9.79161834716797
          ],
          [
            -84.10591888427734,
            9.79161834716797
          ],
          [
            -84.10591888427734,
            9.79161834716797
          ],
          [
            -84.10591888427734,
            9.79161834716797
          ],
          [
            -84.10591888427734,
            9.79161834716797
          ],
          [
            -84.10591888427734,
            9.79161834716797
          ],
          [
            -84.10591888427734,
            9.79161834716797
          ],
          [
            -84.10591888427734,
            9.79161834716797
          ],
          [
            -84.10591888427734,
            9.791619300842285
          ],
          [
            -84.10591888427734,
            9.791619300842285
          ],
          [
            -84.10591888427734,
            9.791619300842285
          ],
          [
            -84.10591888427734,
            9.791619300842285
          ],
          [
            -84.10591888427734,
            9.791619300842285
          ],
          [
            -84.10591888427734,
            9.791619300842285
          ],
          [
            -84.10592651367188,
            9.7916202545166
          ],
          [
            -84.10592651367188,
            9.7916202545166
          ],
          [
            -84.10592651367188,
            9.7916202545166
          ],
          [
            -84.10592651367188,
            9.7916202545166
          ],
          [
            -84.10592651367188,
            9.7916202545166
          ],
          [
            -84.10592651367188,
            9.7916202545166
          ],
          [
            -84.10592651367188,
            9.7916202545166
          ],
          [
            -84.10592651367188,
            9.7916202545166
          ],
          [
            -84.10592651367188,
            9.7916202545166
          ],
          [
            -84.10592651367188,
            9.7916202545166
          ],
          [
            -84.10592651367188,
            9.7916202545166
          ],
          [
            -84.10592651367188,
            9.7916202545166
          ],
          [
            -84.10592651367188,
            9.7916202545166
          ],
          [
            -84.10592651367188,
            9.7916202545166
          ],
          [
            -84.10592651367188,
            9.7916202545166
          ],
          [
            -84.10592651367188,
            9.7916202545166
          ],
          [
            -84.10592651367188,
            9.7916202545166
          ],
          [
            -84.10592651367188,
            9.7916202545166
          ],
          [
            -84.10592651367188,
            9.7916202545166
          ],
          [
            -84.10592651367188,
            9.79161834716797
          ],
          [
            -84.10592651367188,
            9.79161834716797
          ],
          [
            -84.10592651367188,
            9.79161548614502
          ],
          [
            -84.10592651367188,
            9.79161548614502
          ],
          [
            -84.10592651367188,
            9.791611671447754
          ],
          [
            -84.10592651367188,
            9.791611671447754
          ],
          [
            -84.10592651367188,
            9.791608810424805
          ],
          [
            -84.10592651367188,
            9.791608810424805
          ],
          [
            -84.10592651367188,
            9.79160690307617
          ],
          [
            -84.10592651367188,
            9.79160690307617
          ],
          [
            -84.10591888427734,
            9.791603088378906
          ],
          [
            -84.10591888427734,
            9.791603088378906
          ],
          [
            -84.10591888427734,
            9.791600227355957
          ],
          [
            -84.10591888427734,
            9.791600227355957
          ],
          [
            -84.10591888427734,
            9.79159641265869
          ],
          [
            -84.10591888427734,
            9.79159641265869
          ],
          [
            -84.10591888427734,
            9.791592597961426
          ],
          [
            -84.10591888427734,
            9.791592597961426
          ],
          [
            -84.10591888427734,
            9.79158878326416
          ],
          [
            -84.10591888427734,
            9.79158878326416
          ],
          [
            -84.10591888427734,
            9.79158878326416
          ],
          [
            -84.10591888427734,
            9.79158878326416
          ],
          [
            -84.10591888427734,
            9.79158878326416
          ],
          [
            -84.1059112548828,
            9.79158687591553
          ],
          [
            -84.1059112548828,
            9.79158687591553
          ],
          [
            -84.1059112548828,
            9.79158687591553
          ],
          [
            -84.1059112548828,
            9.79158687591553
          ],
          [
            -84.1059112548828,
            9.79158687591553
          ],
          [
            -84.1059112548828,
            9.79158687591553
          ],
          [
            -84.1059112548828,
            9.79158687591553
          ],
          [
            -84.1059112548828,
            9.79158687591553
          ],
          [
            -84.1059112548828,
            9.79158687591553
          ],
          [
            -84.1059112548828,
            9.79158687591553
          ],
          [
            -84.1059112548828,
            9.79158687591553
          ],
          [
            -84.1059112548828,
            9.79158687591553
          ],
          [
            -84.1059112548828,
            9.79158687591553
          ],
          [
            -84.1059112548828,
            9.79158687591553
          ],
          [
            -84.1059112548828,
            9.79158687591553
          ],
          [
            -84.1059112548828,
            9.79158687591553
          ],
          [
            -84.1059112548828,
            9.79158687591553
          ],
          [
            -84.1059112548828,
            9.79158687591553
          ],
          [
            -84.1059112548828,
            9.79158687591553
          ],
          [
            -84.1059112548828,
            9.79158687591553
          ],
          [
            -84.1059112548828,
            9.79158687591553
          ],
          [
            -84.1059112548828,
            9.79158687591553
          ],
          [
            -84.1059112548828,
            9.79158687591553
          ],
          [
            -84.1059112548828,
            9.79158687591553
          ],
          [
            -84.1059112548828,
            9.79158687591553
          ],
          [
            -84.1059112548828,
            9.791587829589844
          ],
          [
            -84.1059112548828,
            9.791587829589844
          ],
          [
            -84.1059112548828,
            9.791587829589844
          ],
          [
            -84.1059112548828,
            9.791587829589844
          ],
          [
            -84.1059036254883,
            9.79158687591553
          ],
          [
            -84.1059036254883,
            9.79158687591553
          ],
          [
            -84.1059036254883,
            9.79158306121826
          ],
          [
            -84.1059036254883,
            9.79158306121826
          ],
          [
            -84.1059036254883,
            9.791579246520996
          ],
          [
            -84.1059036254883,
            9.791579246520996
          ],
          [
            -84.1059036254883,
            9.791576385498047
          ],
          [
            -84.1059036254883,
            9.791576385498047
          ],
          [
            -84.1059036254883,
            9.79157257080078
          ],
          [
            -84.1059036254883,
            9.79157257080078
          ],
          [
            -84.1059036254883,
            9.791568756103516
          ],
          [
            -84.1059036254883,
            9.791568756103516
          ],
          [
            -84.1059036254883,
            9.79156494140625
          ],
          [
            -84.1059036254883,
            9.79156494140625
          ],
          [
            -84.1059036254883,
            9.79156017303467
          ],
          [
            -84.1059036254883,
            9.79156017303467
          ],
          [
            -84.1059036254883,
            9.7915563583374
          ],
          [
            -84.1059036254883,
            9.7915563583374
          ],
          [
            -84.1059036254883,
            9.791553497314453
          ],
          [
            -84.1059036254883,
            9.791553497314453
          ],
          [
            -84.1059036254883,
            9.79154968261719
          ],
          [
            -84.1059036254883,
            9.79154968261719
          ],
          [
            -84.1059036254883,
            9.79154682159424
          ],
          [
            -84.1059036254883,
            9.79154682159424
          ],
          [
            -84.1059036254883,
            9.791544914245605
          ],
          [
            -84.1059036254883,
            9.791544914245605
          ],
          [
            -84.1059036254883,
            9.791544914245605
          ],
          [
            -84.1059036254883,
            9.791544914245605
          ],
          [
            -84.1059036254883,
            9.791544914245605
          ],
          [
            -84.1059036254883,
            9.791544914245605
          ],
          [
            -84.1059036254883,
            9.791544914245605
          ],
          [
            -84.1059036254883,
            9.791544914245605
          ],
          [
            -84.1059036254883,
            9.791544914245605
          ],
          [
            -84.1059036254883,
            9.791544914245605
          ],
          [
            -84.1059036254883,
            9.791544914245605
          ],
          [
            -84.1059112548828,
            9.791544914245605
          ],
          [
            -84.1059112548828,
            9.791544914245605
          ],
          [
            -84.1059112548828,
            9.79154300689697
          ],
          [
            -84.1059112548828,
            9.79154300689697
          ],
          [
            -84.1059112548828,
            9.791540145874023
          ],
          [
            -84.1059112548828,
            9.791540145874023
          ],
          [
            -84.1059036254883,
            9.79153823852539
          ],
          [
            -84.1059036254883,
            9.79153823852539
          ],
          [
            -84.1059036254883,
            9.79153823852539
          ],
          [
            -84.1059036254883,
            9.79153823852539
          ],
          [
            -84.1059036254883,
            9.79153823852539
          ],
          [
            -84.1059036254883,
            9.79153823852539
          ],
          [
            -84.1059036254883,
            9.79153823852539
          ],
          [
            -84.1059036254883,
            9.79153823852539
          ],
          [
            -84.1059036254883,
            9.79153823852539
          ],
          [
            -84.1059036254883,
            9.79153823852539
          ],
          [
            -84.1059036254883,
            9.79153823852539
          ],
          [
            -84.1059036254883,
            9.79153823852539
          ],
          [
            -84.1059036254883,
            9.79153823852539
          ],
          [
            -84.1059036254883,
            9.79153823852539
          ],
          [
            -84.1059036254883,
            9.79153823852539
          ],
          [
            -84.1059036254883,
            9.79153823852539
          ],
          [
            -84.1059036254883,
            9.79153823852539
          ],
          [
            -84.1059036254883,
            9.79153823852539
          ],
          [
            -84.1059036254883,
            9.79153823852539
          ],
          [
            -84.1059036254883,
            9.79153823852539
          ],
          [
            -84.1059036254883,
            9.79153823852539
          ],
          [
            -84.1059036254883,
            9.79153823852539
          ],
          [
            -84.1059036254883,
            9.791539192199707
          ],
          [
            -84.1059036254883,
            9.791539192199707
          ],
          [
            -84.1059036254883,
            9.791539192199707
          ],
          [
            -84.1059036254883,
            9.791539192199707
          ],
          [
            -84.1059036254883,
            9.791539192199707
          ],
          [
            -84.1059036254883,
            9.791539192199707
          ],
          [
            -84.1059036254883,
            9.791539192199707
          ],
          [
            -84.1059036254883,
            9.791539192199707
          ],
          [
            -84.1059036254883,
            9.791539192199707
          ],
          [
            -84.1059036254883,
            9.791539192199707
          ],
          [
            -84.1059036254883,
            9.791539192199707
          ],
          [
            -84.1059036254883,
            9.791539192199707
          ],
          [
            -84.1059036254883,
            9.791539192199707
          ],
          [
            -84.1059036254883,
            9.791539192199707
          ],
          [
            -84.1059036254883,
            9.791539192199707
          ],
          [
            -84.1059036254883,
            9.791539192199707
          ],
          [
            -84.1059036254883,
            9.791539192199707
          ],
          [
            -84.1059036254883,
            9.791539192199707
          ],
          [
            -84.1059036254883,
            9.791539192199707
          ],
          [
            -84.1059036254883,
            9.791539192199707
          ],
          [
            -84.1059036254883,
            9.791539192199707
          ],
          [
            -84.1059036254883,
            9.791539192199707
          ],
          [
            -84.1059036254883,
            9.791539192199707
          ],
          [
            -84.1059036254883,
            9.791539192199707
          ],
          [
            -84.1059036254883,
            9.791539192199707
          ],
          [
            -84.1059036254883,
            9.791539192199707
          ],
          [
            -84.1059036254883,
            9.791539192199707
          ],
          [
            -84.1059036254883,
            9.791539192199707
          ],
          [
            -84.1059036254883,
            9.791539192199707
          ],
          [
            -84.1059036254883,
            9.791539192199707
          ],
          [
            -84.1059036254883,
            9.791539192199707
          ],
          [
            -84.1059036254883,
            9.791539192199707
          ],
          [
            -84.1059036254883,
            9.791539192199707
          ],
          [
            -84.1059036254883,
            9.791539192199707
          ],
          [
            -84.1059036254883,
            9.791539192199707
          ],
          [
            -84.1059036254883,
            9.791539192199707
          ],
          [
            -84.1059036254883,
            9.791539192199707
          ],
          [
            -84.1059036254883,
            9.791537284851074
          ],
          [
            -84.1059036254883,
            9.791537284851074
          ],
          [
            -84.1059036254883,
            9.791534423828125
          ],
          [
            -84.1059036254883,
            9.791534423828125
          ],
          [
            -84.1059112548828,
            9.79153060913086
          ],
          [
            -84.1059112548828,
            9.79153060913086
          ],
          [
            -84.1059112548828,
            9.791528701782227
          ],
          [
            -84.1059112548828,
            9.791528701782227
          ],
          [
            -84.10591888427734,
            9.79152774810791
          ],
          [
            -84.10591888427734,
            9.79152774810791
          ],
          [
            -84.10591888427734,
            9.791526794433594
          ],
          [
            -84.10591888427734,
            9.791526794433594
          ],
          [
            -84.10591888427734,
            9.79152584075928
          ],
          [
            -84.10591888427734,
            9.79152584075928
          ],
          [
            -84.10592651367188,
            9.79152584075928
          ],
          [
            -84.10592651367188,
            9.79152584075928
          ],
          [
            -84.10592651367188,
            9.79152584075928
          ],
          [
            -84.10592651367188,
            9.79152584075928
          ],
          [
            -84.10592651367188,
            9.791526794433594
          ],
          [
            -84.10592651367188,
            9.791526794433594
          ],
          [
            -84.10592651367188,
            9.791526794433594
          ],
          [
            -84.10592651367188,
            9.791526794433594
          ],
          [
            -84.10592651367188,
            9.791526794433594
          ],
          [
            -84.10592651367188,
            9.791526794433594
          ],
          [
            -84.10592651367188,
            9.79152774810791
          ],
          [
            -84.10592651367188,
            9.79152774810791
          ],
          [
            -84.10592651367188,
            9.79152774810791
          ],
          [
            -84.10592651367188,
            9.79152774810791
          ],
          [
            -84.10592651367188,
            9.79152774810791
          ],
          [
            -84.10592651367188,
            9.79152774810791
          ],
          [
            -84.10592651367188,
            9.79152774810791
          ],
          [
            -84.10592651367188,
            9.79152774810791
          ],
          [
            -84.10592651367188,
            9.791528701782227
          ],
          [
            -84.10592651367188,
            9.791528701782227
          ],
          [
            -84.1059341430664,
            9.791529655456543
          ],
          [
            -84.1059341430664,
            9.791529655456543
          ],
          [
            -84.10594177246094,
            9.79153060913086
          ],
          [
            -84.10594177246094,
            9.79153251647949
          ],
          [
            -84.10594177246094,
            9.79153251647949
          ],
          [
            -84.10594177246094,
            9.791534423828125
          ],
          [
            -84.10594177246094,
            9.791534423828125
          ],
          [
            -84.10594940185547,
            9.79153537750244
          ],
          [
            -84.10594940185547,
            9.79153537750244
          ],
          [
            -84.10594940185547,
            9.79153633117676
          ],
          [
            -84.10594940185547,
            9.79153633117676
          ],
          [
            -84.10594940185547,
            9.79153823852539
          ],
          [
            -84.10594940185547,
            9.79153823852539
          ],
          [
            -84.10595703125,
            9.791539192199707
          ],
          [
            -84.10595703125,
            9.791539192199707
          ],
          [
            -84.10595703125,
            9.79154109954834
          ],
          [
            -84.10595703125,
            9.79154109954834
          ],
          [
            -84.10595703125,
            9.79154109954834
          ],
          [
            -84.10595703125,
            9.79154109954834
          ],
          [
            -84.10595703125,
            9.79154109954834
          ],
          [
            -84.10595703125,
            9.79154109954834
          ],
          [
            -84.10595703125,
            9.79154109954834
          ],
          [
            -84.10595703125,
            9.79154109954834
          ],
          [
            -84.10595703125,
            9.79154109954834
          ],
          [
            -84.10595703125,
            9.79154109954834
          ],
          [
            -84.10595703125,
            9.79154396057129
          ],
          [
            -84.10596466064453,
            9.791544914245605
          ],
          [
            -84.10596466064453,
            9.79154586791992
          ],
          [
            -84.10597229003906,
            9.79154682159424
          ],
          [
            -84.10597229003906,
            9.791547775268555
          ],
          [
            -84.10597229003906,
            9.791547775268555
          ],
          [
            -84.10597229003906,
            9.791547775268555
          ],
          [
            -84.10597229003906,
            9.79154682159424
          ],
          [
            -84.10597229003906,
            9.79154682159424
          ],
          [
            -84.10597229003906,
            9.79154682159424
          ],
          [
            -84.10597229003906,
            9.79154682159424
          ],
          [
            -84.10597229003906,
            9.79154682159424
          ],
          [
            -84.10597229003906,
            9.79154682159424
          ],
          [
            -84.10597229003906,
            9.79154682159424
          ],
          [
            -84.10597229003906,
            9.79154682159424
          ],
          [
            -84.10597229003906,
            9.79154682159424
          ]
        ]
      }
    },
    {
      "type": "Feature",
      "properties": {
        "sequence": 1,
        "motivo": "inicio"
      },
      "geometry": {
        "type": "Point",
        "coordinates": [
          -84.1060028076172,
          9.791561126708984
        ]
      }
    },
    {
      "type": "Feature",
      "properties": {
        "sequence": 2,
        "motivo": "manual"
      },
      "geometry": {
        "type": "Point",
        "coordinates": [
          -84.10596466064453,
          9.79153537750244
        ]
      }
    },
    {
      "type": "Feature",
      "properties": {
        "sequence": 3,
        "motivo": "manual"
      },
      "geometry": {
        "type": "Point",
        "coordinates": [
          -84.1058807373047,
          9.79154109954834
        ]
      }
    },
    {
      "type": "Feature",
      "properties": {
        "sequence": 4,
        "motivo": "manual"
      },
      "geometry": {
        "type": "Point",
        "coordinates": [
          -84.10592651367188,
          9.791614532470703
        ]
      }
    },
    {
      "type": "Feature",
      "properties": {
        "sequence": 5,
        "motivo": "manual"
      },
      "geometry": {
        "type": "Point",
        "coordinates": [
          -84.1059341430664,
          9.791723251342773
        ]
      }
    },
    {
      "type": "Feature",
      "properties": {
        "sequence": 6,
        "motivo": "manual"
      },
      "geometry": {
        "type": "Point",
        "coordinates": [
          -84.1059799194336,
          9.791879653930664
        ]
      }
    },
    {
      "type": "Feature",
      "properties": {
        "sequence": 7,
        "motivo": "manual"
      },
      "geometry": {
        "type": "Point",
        "coordinates": [
          -84.1059799194336,
          9.79206657409668
        ]
      }
    },
    {
      "type": "Feature",
      "properties": {
        "sequence": 8,
        "motivo": "manual"
      },
      "geometry": {
        "type": "Point",
        "coordinates": [
          -84.10596466064453,
          9.79211711883545
        ]
      }
    },
    {
      "type": "Feature",
      "properties": {
        "sequence": 9,
        "motivo": "manual"
      },
      "geometry": {
        "type": "Point",
        "coordinates": [
          -84.10596466064453,
          9.79211902618408
        ]
      }
    },
    {
      "type": "Feature",
      "properties": {
        "sequence": 10,
        "motivo": "manual"
      },
      "geometry": {
        "type": "Point",
        "coordinates": [
          -84.10596466064453,
          9.79205322265625
        ]
      }
    },
    {
      "type": "Feature",
      "properties": {
        "sequence": 11,
        "motivo": "manual"
      },
      "geometry": {
        "type": "Point",
        "coordinates": [
          -84.10599517822266,
          9.79199028015137
        ]
      }
    },
    {
      "type": "Feature",
      "properties": {
        "sequence": 12,
        "motivo": "manual"
      },
      "geometry": {
        "type": "Point",
        "coordinates": [
          -84.1059799194336,
          9.79186153411865
        ]
      }
    },
    {
      "type": "Feature",
      "properties": {
        "sequence": 13,
        "motivo": "manual"
      },
      "geometry": {
        "type": "Point",
        "coordinates": [
          -84.10597229003906,
          9.79180335998535
        ]
      }
    },
    {
      "type": "Feature",
      "properties": {
        "sequence": 14,
        "motivo": "manual"
      },
      "geometry": {
        "type": "Point",
        "coordinates": [
          -84.1059341430664,
          9.79170894622803
        ]
      }
    },
    {
      "type": "Feature",
      "properties": {
        "sequence": 15,
        "motivo": "manual"
      },
      "geometry": {
        "type": "Point",
        "coordinates": [
          -84.1059112548828,
          9.79158687591553
        ]
      }
    },
    {
      "type": "Feature",
      "properties": {
        "sequence": 16,
        "motivo": "manual"
      },
      "geometry": {
        "type": "Point",
        "coordinates": [
          -84.1059036254883,
          9.791544914245605
        ]
      }
    },
    {
      "type": "Feature",
      "properties": {
        "sequence": 17,
        "motivo": "manual"
      },
      "geometry": {
        "type": "Point",
        "coordinates": [
          -84.10592651367188,
          9.791526794433594
        ]
      }
    },
    {
      "type": "Feature",
      "properties": {
        "sequence": 18,
        "motivo": "manual"
      },
      "geometry": {
        "type": "Point",
        "coordinates": [
          -84.10597229003906,
          9.791547775268555
        ]
      }
    }
  ]
}