{
  "type": "FeatureCollection",
  "features": [
    {
      "type": "Feature",
      "properties": {
        "tipo": "track"
      },
      "geometry": {
        "type": "LineString",
        "coordinates": [
          [
            27.830904006958008,
            -21.983198165893555
          ],
          [
            27.830904006958008,
            -21.983198165893555
          ],
          [
            27.830904006958008,
            -21.983198165893555
          ],
          [
            27.830904006958008,
            -21.983198165893555
          ],
          [
            27.830904006958008,
            -21.983198165893555
          ],
          [
            27.830904006958008,
            -21.983198165893555
          ],
          [
            27.830904006958008,
            -21.983198165893555
          ],
          [
            27.830904006958008,
            -21.983198165893555
          ],
          [
            27.830904006958008,
            -21.983198165893555
          ],
          [
            27.830904006958008,
            -21.983198165893555
          ],
          [
            27.830904006958008,
            -21.983200073242188
          ],
          [
            27.830904006958008,
            -21.983200073242188
          ],
          [
            27.830904006958008,
            -21.983200073242188
          ],
          [
            27.830904006958008,
            -21.983200073242188
          ],
          [
            27.830904006958008,
            -21.983200073242188
          ],
          [
            27.830904006958008,
            -21.983200073242188
          ],
          [
            27.830904006958008,
            -21.983200073242188
          ],
          [
            27.830904006958008,
            -21.983200073242188
          ],
          [
            27.830904006958008,
            -21.983200073242188
          ],
          [
            27.830904006958008,
            -21.983200073242188
          ],
          [
            27.830904006958008,
            -21.983200073242188
          ],
          [
            27.830904006958008,
            -21.983200073242188
          ],
          [
            27.830904006958008,
            -21.983200073242188
          ],
          [
            27.830904006958008,
            -21.983200073242188
          ],
          [
            27.830904006958008,
            -21.98320198059082
          ],
          [
            27.830904006958008,
            -21.98320198059082
          ],
          [
            27.830904006958008,
            -21.98320198059082
          ],
          [
            27.830904006958008,
            -21.98320198059082
          ],
          [
            27.830904006958008,
            -21.983200073242188
          ],
          [
            27.830904006958008,
            -21.983200073242188
          ],
          [
            27.830904006958008,
            -21.983200073242188
          ],
          [
            27.830904006958008,
            -21.983200073242188
          ],
          [
            27.830904006958008,
            -21.983200073242188
          ],
          [
            27.830904006958008,
            -21.983200073242188
          ],
          [
            27.830904006958008,
            -21.983200073242188
          ],
          [
            27.830904006958008,
            -21.983200073242188
          ],
          [
            27.830902099609375,
            -21.983200073242188
          ],
          [
            27.830902099609375,
            -21.983200073242188
          ],
          [
            27.830896377563477,
            -21.983200073242188
          ],
          [
            27.830896377563477,
            -21.983200073242188
          ],
          [
            27.830888748168945,
            -21.983200073242188
          ],
          [
            27.830888748168945,
            -21.983200073242188
          ],
          [
            27.830875396728516,
            -21.983196258544922
          ],
          [
            27.830869674682617,
            -21.98319435119629
          ],
          [
            27.830869674682617,
            -21.98319435119629
          ],
          [
            27.83086585998535,
            -21.983190536499023
          ],
          [
            27.830862045288086,
            -21.98318862915039
          ],
          [
            27.830862045288086,
            -21.98318862915039
          ],
          [
            27.830856323242188,
            -21.983184814453125
          ],
          [
            27.830852508544922,
            -21.983182907104492
          ],
          [
            27.830852508544922,
            -21.983182907104492
          ],
          [
            27.830852508544922,
            -21.983182907104492
          ],
          [
            27.830852508544922,
            -21.983182907104492
          ],
          [
            27.830852508544922,
            -21.983182907104492
          ],
          [
            27.830852508544922,
            -21.983182907104492
          ],
          [
            27.830852508544922,
            -21.983182907104492
          ],
          [
            27.830852508544922,
            -21.983182907104492
          ],
          [
            27.83084487915039,
            -21.98318099975586
          ],
          [
            27.830839157104492,
            -21.983177185058594
          ],
          [
            27.830835342407227,
            -21.983173370361328
          ],
          [
            27.83083152770996,
            -21.983169555664062
          ],
          [
            27.830825805664062,
            -21.9831657409668
          ],
          [
            27.830820083618164,
            -21.983163833618164
          ],
          [
            27.830814361572266,
            -21.98316192626953
          ],
          [
            27.830814361572266,
            -21.98316192626953
          ],
          [
            27.830808639526367,
            -21.9831600189209
          ],
          [
            27.830808639526367,
            -21.9831600189209
          ],
          [
            27.83080291748047,
            -21.983158111572266
          ],
          [
            27.83080291748047,
            -21.983158111572266
          ],
          [
            27.8307991027832,
            -21.983156204223633
          ],
          [
            27.8307991027832,
            -21.983156204223633
          ],
          [
            27.830795288085938,
            -21.983156204223633
          ],
          [
            27.830795288085938,
            -21.983156204223633
          ],
          [
            27.83078956604004,
            -21.983158111572266
          ],
          [
            27.83078956604004,
            -21.983158111572266
          ],
          [
            27.830785751342773,
            -21.983158111572266
          ],
          [
            27.830785751342773,
            -21.983158111572266
          ],
          [
            27.830785751342773,
            -21.983158111572266
          ],
          [
            27.830785751342773,
            -21.983158111572266
          ],
          [
            27.830785751342773,
            -21.983158111572266
          ],
          [
            27.830785751342773,
            -21.983158111572266
          ],
          [
            27.830780029296875,
            -21.983158111572266
          ],
          [
            27.830778121948242,
            -21.983154296875
          ],
          [
            27.830780029296875,
            -21.983150482177734
          ],
          [
            27.830780029296875,
            -21.98314666748047
          ],
          [
            27.830780029296875,
            -21.98314666748047
          ],
          [
            27.830780029296875,
            -21.98314666748047
          ],
          [
            27.830778121948242,
            -21.983144760131836
          ],
          [
            27.83077621459961,
            -21.983139038085938
          ],
          [
            27.83077621459961,
            -21.983139038085938
          ],
          [
            27.830772399902344,
            -21.98313331604004
          ],
          [
            27.830772399902344,
            -21.98313331604004
          ],
          [
            27.83077049255371,
            -21.983131408691406
          ],
          [
            27.83077049255371,
            -21.983131408691406
          ],
          [
            27.83077049255371,
            -21.98312759399414
          ],
          [
            27.83077049255371,
            -21.98312759399414
          ],
          [
            27.83077049255371,
            -21.98312759399414
          ],
          [
            27.83077049255371,
            -21.98312759399414
          ],
          [
            27.83077049255371,
            -21.98312759399414
          ],
          [
            27.83077049255371,
            -21.98312759399414
          ],
          [
            27.83077049255371,
            -21.98312759399414
          ],
          [
            27.83077049255371,
            -21.98312759399414
          ],
          [
            27.83077049255371,
            -21.98312759399414
          ],
          [
            27.83077049255371,
            -21.98312759399414
          ],
          [
            27.830768585205078,
            -21.983123779296875
          ],
          [
            27.830768585205078,
            -21.983123779296875
          ],
          [
            27.83076286315918,
            -21.983118057250977
          ],
          [
            27.83076286315918,
            -21.983118057250977
          ],
          [
            27.830759048461914,
            -21.98311424255371
          ],
          [
            27.830759048461914,
            -21.98311424255371
          ],
          [
            27.83075714111328,
            -21.983108520507812
          ],
          [
            27.83075714111328,
            -21.983108520507812
          ],
          [
            27.830753326416016,
            -21.983104705810547
          ],
          [
            27.830753326416016,
            -21.983104705810547
          ],
          [
            27.83074951171875,
            -21.98310089111328
          ],
          [
            27.83074951171875,
            -21.98310089111328
          ],
          [
            27.830745697021484,
            -21.983095169067383
          ],
          [
            27.830745697021484,
            -21.983095169067383
          ],
          [
            27.83074188232422,
            -21.983089447021484
          ],
          [
            27.83074188232422,
            -21.983089447021484
          ],
          [
            27.830739974975586,
            -21.98308563232422
          ],
          [
            27.830739974975586,
            -21.98308563232422
          ],
          [
            27.83073616027832,
            -21.98307991027832
          ],
          [
            27.83073616027832,
            -21.98307991027832
          ],
          [
            27.830732345581055,
            -21.983076095581055
          ],
          [
            27.830732345581055,
            -21.983076095581055
          ],
          [
            27.830730438232422,
            -21.98307228088379
          ],
          [
            27.830730438232422,
            -21.98307228088379
          ],
          [
            27.830726623535156,
            -21.983070373535156
          ],
          [
            27.830726623535156,
            -21.983070373535156
          ],
          [
            27.830724716186523,
            -21.983070373535156
          ],
          [
            27.830724716186523,
            -21.983070373535156
          ],
          [
            27.83072280883789,
            -21.983070373535156
          ],
          [
            27.83072280883789,
            -21.983070373535156
          ],
          [
            27.83072280883789,
            -21.983070373535156
          ],
          [
            27.83072280883789,
            -21.983070373535156
          ],
          [
            27.83072280883789,
            -21.983070373535156
          ],
          [
            27.83072280883789,
            -21.983070373535156
          ],
          [
            27.83072280883789,
            -21.983070373535156
          ],
          [
            27.83072280883789,
            -21.983070373535156
          ],
          [
            27.83072280883789,
            -21.983070373535156
          ],
          [
            27.83072280883789,
            -21.983070373535156
          ],
          [
            27.83072280883789,
            -21.983070373535156
          ],
          [
            27.83072280883789,
            -21.983070373535156
          ],
          [
            27.83072280883789,
            -21.983070373535156
          ],
          [
            27.83072280883789,
            -21.983070373535156
          ],
          [
            27.83072280883789,
            -21.983070373535156
          ],
          [
            27.830718994140625,
            -21.983068466186523
          ],
          [
            27.830718994140625,
            -21.983068466186523
          ],
          [
            27.830713272094727,
            -21.983064651489258
          ],
          [
            27.830713272094727,
            -21.983064651489258
          ],
          [
            27.830707550048828,
            -21.983062744140625
          ],
          [
            27.830707550048828,
            -21.983062744140625
          ],
          [
            27.830703735351562,
            -21.98305892944336
          ],
          [
            27.830703735351562,
            -21.98305892944336
          ],
          [
            27.8306999206543,
            -21.983057022094727
          ],
          [
            27.8306999206543,
            -21.983057022094727
          ],
          [
            27.8306941986084,
            -21.98305892944336
          ],
          [
            27.8306941986084,
            -21.98305892944336
          ],
          [
            27.8306884765625,
            -21.983057022094727
          ],
          [
            27.8306884765625,
            -21.983057022094727
          ],
          [
            27.830684661865234,
            -21.983057022094727
          ],
          [
            27.830684661865234,
            -21.983057022094727
          ],
          [
            27.830684661865234,
            -21.98305320739746
          ],
          [
            27.830684661865234,
            -21.98305320739746
          ],
          [
            27.830684661865234,
            -21.98305320739746
          ],
          [
            27.830684661865234,
            -21.98305320739746
          ],
          [
            27.830684661865234,
            -21.98305320739746
          ],
          [
            27.830684661865234,
            -21.98305320739746
          ],
          [
            27.830684661865234,
            -21.98305320739746
          ],
          [
            27.830684661865234,
            -21.98305320739746
          ],
          [
            27.830684661865234,
            -21.98305320739746
          ],
          [
            27.830684661865234,
            -21.98305320739746
          ],
          [
            27.830684661865234,
            -21.98305320739746
          ],
          [
            27.830684661865234,
            -21.98305320739746
          ],
          [
            27.8306827545166,
            -21.983051300048828
          ],
          [
            27.8306827545166,
            -21.983051300048828
          ],
          [
            27.830684661865234,
            -21.983051300048828
          ],
          [
            27.830684661865234,
            -21.983051300048828
          ],
          [
            27.830684661865234,
            -21.983051300048828
          ],
          [
            27.830684661865234,
            -21.983051300048828
          ],
          [
            27.830684661865234,
            -21.983051300048828
          ],
          [
            27.830684661865234,
            -21.983051300048828
          ],
          [
            27.8306827545166,
            -21.983051300048828
          ],
          [
            27.8306827545166,
            -21.983051300048828
          ],
          [
            27.8306827545166,
            -21.983051300048828
          ],
          [
            27.8306827545166,
            -21.983051300048828
          ],
          [
            27.8306827545166,
            -21.983055114746094
          ],
          [
            27.8306827545166,
            -21.983055114746094
          ],
          [
            27.830678939819336,
            -21.983055114746094
          ],
          [
            27.830678939819336,
            -21.983055114746094
          ],
          [
            27.8306770324707,
            -21.98305320739746
          ],
          [
            27.8306770324707,
            -21.98305320739746
          ],
          [
            27.830673217773438,
            -21.983051300048828
          ],
          [
            27.830669403076172,
            -21.9830493927002
          ],
          [
            27.830669403076172,
            -21.9830493927002
          ],
          [
            27.830665588378906,
            -21.983047485351562
          ],
          [
            27.830665588378906,
            -21.983047485351562
          ],
          [
            27.83066177368164,
            -21.983047485351562
          ],
          [
            27.83066177368164,
            -21.983047485351562
          ],
          [
            27.83066177368164,
            -21.983047485351562
          ],
          [
            27.83066177368164,
            -21.983047485351562
          ],
          [
            27.83066177368164,
            -21.983047485351562
          ],
          [
            27.83066177368164,
            -21.983047485351562
          ],
          [
            27.830657958984375,
            -21.983047485351562
          ],
          [
            27.83065414428711,
            -21.98304557800293
          ],
          [
            27.830652236938477,
            -21.98304557800293
          ],
          [
            27.83064842224121,
            -21.983041763305664
          ],
          [
            27.830642700195312,
            -21.9830379486084
          ],
          [
            27.830642700195312,
            -21.9830379486084
          ],
          [
            27.830642700195312,
            -21.983036041259766
          ],
          [
            27.830642700195312,
            -21.983036041259766
          ],
          [
            27.830638885498047,
            -21.983034133911133
          ],
          [
            27.830638885498047,
            -21.983034133911133
          ],
          [
            27.830636978149414,
            -21.9830322265625
          ],
          [
            27.830636978149414,
            -21.9830322265625
          ],
          [
            27.83063507080078,
            -21.983030319213867
          ],
          [
            27.83063507080078,
            -21.983030319213867
          ],
          [
            27.83063316345215,
            -21.983028411865234
          ],
          [
            27.83063316345215,
            -21.983028411865234
          ],
          [
            27.830631256103516,
            -21.98302459716797
          ],
          [
            27.830631256103516,
            -21.98302459716797
          ],
          [
            27.830631256103516,
            -21.9830207824707
          ],
          [
            27.830631256103516,
            -21.9830207824707
          ],
          [
            27.830629348754883,
            -21.98301887512207
          ],
          [
            27.830629348754883,
            -21.98301887512207
          ],
          [
            27.83062744140625,
            -21.9830150604248
          ],
          [
            27.83062744140625,
            -21.9830150604248
          ],
          [
            27.830629348754883,
            -21.983013153076172
          ],
          [
            27.830629348754883,
            -21.983013153076172
          ],
          [
            27.830629348754883,
            -21.983013153076172
          ],
          [
            27.830629348754883,
            -21.983013153076172
          ],
          [
            27.830629348754883,
            -21.983013153076172
          ],
          [
            27.830629348754883,
            -21.983013153076172
          ],
          [
            27.830629348754883,
            -21.983013153076172
          ],
          [
            27.830629348754883,
            -21.983013153076172
          ],
          [
            27.830629348754883,
            -21.983013153076172
          ],
          [
            27.830629348754883,
            -21.983013153076172
          ],
          [
            27.830631256103516,
            -21.983013153076172
          ],
          [
            27.830631256103516,
            -21.983013153076172
          ],
          [
            27.830631256103516,
            -21.983013153076172
          ],
          [
            27.830631256103516,
            -21.983013153076172
          ],
          [
            27.83063316345215,
            -21.98301124572754
          ],
          [
            27.83063316345215,
            -21.98301124572754
          ],
          [
            27.83063316345215,
            -21.98301124572754
          ],
          [
            27.83063316345215,
            -21.98301124572754
          ],
          [
            27.83063316345215,
            -21.98301124572754
          ],
          [
            27.83063316345215,
            -21.98301124572754
          ],
          [
            27.83063316345215,
            -21.98301124572754
          ],
          [
            27.83063507080078,
            -21.98301124572754
          ],
          [
            27.83063507080078,
            -21.98301124572754
          ],
          [
            27.830636978149414,
            -21.983009338378906
          ],
          [
            27.830636978149414,
            -21.983009338378906
          ],
          [
            27.830636978149414,
            -21.983007431030273
          ],
          [
            27.830636978149414,
            -21.983007431030273
          ],
          [
            27.83063507080078,
            -21.983007431030273
          ],
          [
            27.83063507080078,
            -21.983007431030273
          ],
          [
            27.830631256103516,
            -21.98300552368164
          ],
          [
            27.830631256103516,
            -21.98300552368164
          ],
          [
            27.830629348754883,
            -21.983003616333008
          ],
          [
            27.830629348754883,
            -21.983003616333008
          ],
          [
            27.830629348754883,
            -21.983003616333008
          ],
          [
            27.830629348754883,
            -21.983003616333008
          ],
          [
            27.830629348754883,
            -21.983003616333008
          ],
          [
            27.830629348754883,
            -21.983003616333008
          ],
          [
            27.83062744140625,
            -21.982999801635742
          ],
          [
            27.830625534057617,
            -21.98299789428711
          ],
          [
            27.83062171936035,
            -21.982995986938477
          ],
          [
            27.83061981201172,
            -21.982994079589844
          ],
          [
            27.830615997314453,
            -21.982990264892578
          ],
          [
            27.830615997314453,
            -21.982990264892578
          ],
          [
            27.83061408996582,
            -21.982986450195312
          ],
          [
            27.83061408996582,
            -21.982986450195312
          ],
          [
            27.83061408996582,
            -21.982986450195312
          ],
          [
            27.83061408996582,
            -21.982986450195312
          ],
          [
            27.83061408996582,
            -21.98298454284668
          ],
          [
            27.83061408996582,
            -21.98298454284668
          ],
          [
            27.830612182617188,
            -21.982982635498047
          ],
          [
            27.830612182617188,
            -21.982982635498047
          ],
          [
            27.830608367919922,
            -21.982980728149414
          ],
          [
            27.830608367919922,
            -21.982980728149414
          ],
          [
            27.83060646057129,
            -21.98297882080078
          ],
          [
            27.83060646057129,
            -21.98297882080078
          ],
          [
            27.83060646057129,
            -21.98297691345215
          ],
          [
            27.83060646057129,
            -21.98297691345215
          ],
          [
            27.830604553222656,
            -21.98297691345215
          ],
          [
            27.830604553222656,
            -21.98297691345215
          ],
          [
            27.830604553222656,
            -21.98297691345215
          ],
          [
            27.830604553222656,
            -21.98297691345215
          ],
          [
            27.830604553222656,
            -21.98297691345215
          ],
          [
            27.830604553222656,
            -21.98297691345215
          ],
          [
            27.830604553222656,
            -21.98297691345215
          ],
          [
            27.830604553222656,
            -21.98297691345215
          ],
          [
            27.830604553222656,
            -21.98297691345215
          ],
          [
            27.830604553222656,
            -21.98297691345215
          ],
          [
            27.830604553222656,
            -21.98297691345215
          ],
          [
            27.830604553222656,
            -21.982975006103516
          ],
          [
            27.830604553222656,
            -21.982975006103516
          ],
          [
            27.830604553222656,
            -21.982975006103516
          ],
          [
            27.830604553222656,
            -21.982975006103516
          ],
          [
            27.830604553222656,
            -21.982975006103516
          ],
          [
            27.830604553222656,
            -21.982975006103516
          ],
          [
            27.830604553222656,
            -21.982973098754883
          ],
          [
            27.830604553222656,
            -21.982973098754883
          ],
          [
            27.830604553222656,
            -21.982973098754883
          ],
          [
            27.830604553222656,
            -21.982973098754883
          ],
          [
            27.830604553222656,
            -21.982973098754883
          ],
          [
            27.830604553222656,
            -21.982973098754883
          ],
          [
            27.83060646057129,
            -21.982973098754883
          ],
          [
            27.83060646057129,
            -21.982973098754883
          ],
          [
            27.83060646057129,
            -21.982973098754883
          ],
          [
            27.83060646057129,
            -21.982973098754883
          ],
          [
            27.83060646057129,
            -21.982973098754883
          ],
          [
            27.83060646057129,
            -21.982973098754883
          ],
          [
            27.83060646057129,
            -21.982973098754883
          ],
          [
            27.83060646057129,
            -21.982973098754883
          ],
          [
            27.830608367919922,
            -21.98297119140625
          ],
          [
            27.830608367919922,
            -21.98297119140625
          ],
          [
            27.830608367919922,
            -21.98297119140625
          ],
          [
            27.830608367919922,
            -21.98297119140625
          ],
          [
            27.83060646057129,
            -21.98297119140625
          ],
          [
            27.83060646057129,
            -21.98297119140625
          ],
          [
            27.830604553222656,
            -21.98297119140625
          ],
          [
            27.830604553222656,
            -21.98297119140625
          ],
          [
            27.830604553222656,
            -21.98297119140625
          ],
          [
            27.830604553222656,
            -21.98297119140625
          ],
          [
            27.830604553222656,
            -21.98297119140625
          ],
          [
            27.830602645874023,
            -21.98297119140625
          ],
          [
            27.830602645874023,
            -21.982967376708984
          ],
          [
            27.830602645874023,
            -21.982961654663086
          ],
          [
            27.830602645874023,
            -21.982955932617188
          ],
          [
            27.830602645874023,
            -21.982955932617188
          ],
          [
            27.830602645874023,
            -21.982952117919922
          ],
          [
            27.830602645874023,
            -21.982952117919922
          ],
          [
            27.830602645874023,
            -21.982948303222656
          ],
          [
            27.830602645874023,
            -21.982948303222656
          ],
          [
            27.830602645874023,
            -21.982946395874023
          ],
          [
            27.830602645874023,
            -21.982946395874023
          ],
          [
            27.830602645874023,
            -21.982942581176758
          ],
          [
            27.830602645874023,
            -21.982942581176758
          ],
          [
            27.830602645874023,
            -21.982942581176758
          ],
          [
            27.830602645874023,
            -21.982942581176758
          ],
          [
            27.830598831176758,
            -21.982938766479492
          ],
          [
            27.830598831176758,
            -21.98293685913086
          ],
          [
            27.830598831176758,
            -21.98293685913086
          ],
          [
            27.830596923828125,
            -21.982933044433594
          ],
          [
            27.830596923828125,
            -21.982933044433594
          ],
          [
            27.830596923828125,
            -21.982933044433594
          ],
          [
            27.830596923828125,
            -21.982929229736328
          ],
          [
            27.830596923828125,
            -21.9829273223877
          ],
          [
            27.830596923828125,
            -21.9829273223877
          ],
          [
            27.830596923828125,
            -21.9829273223877
          ],
          [
            27.830596923828125,
            -21.9829273223877
          ],
          [
            27.830598831176758,
            -21.9829273223877
          ],
          [
            27.830598831176758,
            -21.9829273223877
          ],
          [
            27.830598831176758,
            -21.9829273223877
          ],
          [
            27.830598831176758,
            -21.9829273223877
          ],
          [
            27.830598831176758,
            -21.9829273223877
          ],
          [
            27.830598831176758,
            -21.9829273223877
          ],
          [
            27.830598831176758,
            -21.9829273223877
          ],
          [
            27.830598831176758,
            -21.9829273223877
          ],
          [
            27.83060073852539,
            -21.982925415039062
          ],
          [
            27.83060073852539,
            -21.982925415039062
          ],
          [
            27.83060073852539,
            -21.98292350769043
          ],
          [
            27.83060073852539,
            -21.98292350769043
          ],
          [
            27.830602645874023,
            -21.9829216003418
          ],
          [
            27.830602645874023,
            -21.9829216003418
          ],
          [
            27.83060073852539,
            -21.982919692993164
          ],
          [
            27.83060073852539,
            -21.982919692993164
          ],
          [
            27.830598831176758,
            -21.98291778564453
          ],
          [
            27.830598831176758,
            -21.98291778564453
          ],
          [
            27.830598831176758,
            -21.98291778564453
          ],
          [
            27.830598831176758,
            -21.98291778564453
          ],
          [
            27.830596923828125,
            -21.982913970947266
          ],
          [
            27.830596923828125,
            -21.982913970947266
          ],
          [
            27.830596923828125,
            -21.982912063598633
          ],
          [
            27.830596923828125,
            -21.982912063598633
          ],
          [
            27.830595016479492,
            -21.98291015625
          ],
          [
            27.830595016479492,
            -21.98291015625
          ],
          [
            27.83059310913086,
            -21.982908248901367
          ],
          [
            27.83059310913086,
            -21.982908248901367
          ],
          [
            27.830591201782227,
            -21.98290252685547
          ],
          [
            27.830591201782227,
            -21.98290252685547
          ],
          [
            27.830591201782227,
            -21.9828987121582
          ],
          [
            27.830591201782227,
            -21.9828987121582
          ],
          [
            27.830591201782227,
            -21.9828987121582
          ],
          [
            27.830591201782227,
            -21.9828987121582
          ],
          [
            27.830591201782227,
            -21.9828987121582
          ],
          [
            27.830591201782227,
            -21.982894897460938
          ],
          [
            27.830591201782227,
            -21.982891082763672
          ],
          [
            27.830591201782227,
            -21.982887268066406
          ],
          [
            27.83059310913086,
            -21.982885360717773
          ],
          [
            27.83059310913086,
            -21.98288345336914
          ],
          [
            27.83059310913086,
            -21.98288345336914
          ],
          [
            27.83059310913086,
            -21.98288345336914
          ],
          [
            27.83059310913086,
            -21.98288345336914
          ],
          [
            27.83059310913086,
            -21.98288345336914
          ],
          [
            27.83059310913086,
            -21.98288345336914
          ],
          [
            27.83059310913086,
            -21.98288345336914
          ],
          [
            27.83059310913086,
            -21.98288345336914
          ],
          [
            27.83059310913086,
            -21.98288345336914
          ],
          [
            27.83059310913086,
            -21.98288345336914
          ],
          [
            27.830595016479492,
            -21.98288345336914
          ],
          [
            27.830595016479492,
            -21.98288345336914
          ],
          [
            27.830595016479492,
            -21.98288345336914
          ],
          [
            27.830595016479492,
            -21.98288345336914
          ],
          [
            27.830595016479492,
            -21.98288345336914
          ],
          [
            27.830595016479492,
            -21.98288345336914
          ],
          [
            27.830596923828125,
            -21.98288345336914
          ],
          [
            27.830596923828125,
            -21.98288345336914
          ],
          [
            27.830596923828125,
            -21.982881546020508
          ],
          [
            27.830596923828125,
            -21.982881546020508
          ],
          [
            27.830595016479492,
            -21.982877731323242
          ],
          [
            27.830595016479492,
            -21.982877731323242
          ],
          [
            27.830596923828125,
            -21.982879638671875
          ],
          [
            27.830596923828125,
            -21.982879638671875
          ],
          [
            27.83060073852539,
            -21.982877731323242
          ],
          [
            27.83060073852539,
            -21.982877731323242
          ],
          [
            27.830602645874023,
            -21.98287582397461
          ],
          [
            27.830602645874023,
            -21.98287582397461
          ],
          [
            27.830604553222656,
            -21.982873916625977
          ],
          [
            27.830604553222656,
            -21.982873916625977
          ],
          [
            27.83060646057129,
            -21.982872009277344
          ],
          [
            27.83060646057129,
            -21.982872009277344
          ],
          [
            27.830608367919922,
            -21.982872009277344
          ],
          [
            27.830608367919922,
            -21.982872009277344
          ],
          [
            27.830608367919922,
            -21.982872009277344
          ],
          [
            27.830608367919922,
            -21.982872009277344
          ],
          [
            27.830608367919922,
            -21.982872009277344
          ],
          [
            27.830608367919922,
            -21.982872009277344
          ],
          [
            27.830608367919922,
            -21.982872009277344
          ],
          [
            27.830608367919922,
            -21.982872009277344
          ],
          [
            27.830610275268555,
            -21.982873916625977
          ],
          [
            27.830610275268555,
            -21.982873916625977
          ],
          [
            27.830610275268555,
            -21.982873916625977
          ],
          [
            27.830610275268555,
            -21.982873916625977
          ],
          [
            27.830612182617188,
            -21.982873916625977
          ],
          [
            27.830612182617188,
            -21.982873916625977
          ],
          [
            27.830612182617188,
            -21.982873916625977
          ],
          [
            27.830612182617188,
            -21.982873916625977
          ],
          [
            27.830612182617188,
            -21.982873916625977
          ],
          [
            27.830612182617188,
            -21.982873916625977
          ],
          [
            27.830612182617188,
            -21.982873916625977
          ],
          [
            27.83061408996582,
            -21.98287582397461
          ],
          [
            27.83061408996582,
            -21.98287582397461
          ],
          [
            27.83061408996582,
            -21.98287582397461
          ],
          [
            27.83061408996582,
            -21.98287582397461
          ],
          [
            27.83061408996582,
            -21.98287582397461
          ],
          [
            27.83061408996582,
            -21.98287582397461
          ],
          [
            27.83061408996582,
            -21.982873916625977
          ],
          [
            27.83061408996582,
            -21.982873916625977
          ],
          [
            27.83061408996582,
            -21.98287582397461
          ],
          [
            27.830615997314453,
            -21.98287582397461
          ],
          [
            27.830617904663086,
            -21.982873916625977
          ],
          [
            27.830617904663086,
            -21.982873916625977
          ],
          [
            27.83061981201172,
            -21.982873916625977
          ],
          [
            27.83061981201172,
            -21.982873916625977
          ],
          [
            27.830623626708984,
            -21.982872009277344
          ],
          [
            27.830623626708984,
            -21.982872009277344
          ],
          [
            27.83062744140625,
            -21.98287010192871
          ],
          [
            27.83062744140625,
            -21.98287010192871
          ],
          [
            27.83063316345215,
            -21.982868194580078
          ],
          [
            27.83063316345215,
            -21.982868194580078
          ],
          [
            27.83063507080078,
            -21.982868194580078
          ],
          [
            27.83063507080078,
            -21.982868194580078
          ],
          [
            27.830638885498047,
            -21.982868194580078
          ],
          [
            27.830638885498047,
            -21.982868194580078
          ],
          [
            27.830638885498047,
            -21.982864379882812
          ],
          [
            27.830638885498047,
            -21.982864379882812
          ],
          [
            27.830642700195312,
            -21.98286247253418
          ],
          [
            27.830642700195312,
            -21.98286247253418
          ],
          [
            27.830646514892578,
            -21.982860565185547
          ],
          [
            27.830646514892578,
            -21.982860565185547
          ],
          [
            27.830650329589844,
            -21.98286247253418
          ],
          [
            27.830650329589844,
            -21.98286247253418
          ],
          [
            27.83065414428711,
            -21.98286247253418
          ],
          [
            27.83065414428711,
            -21.98286247253418
          ],
          [
            27.830657958984375,
            -21.98286247253418
          ],
          [
            27.830657958984375,
            -21.98286247253418
          ],
          [
            27.83066177368164,
            -21.982860565185547
          ],
          [
            27.83066177368164,
            -21.982860565185547
          ],
          [
            27.830665588378906,
            -21.982860565185547
          ],
          [
            27.830665588378906,
            -21.982860565185547
          ],
          [
            27.830669403076172,
            -21.98285675048828
          ],
          [
            27.830669403076172,
            -21.98285675048828
          ],
          [
            27.830669403076172,
            -21.98285675048828
          ],
          [
            27.830669403076172,
            -21.98285675048828
          ],
          [
            27.8306713104248,
            -21.98285675048828
          ],
          [
            27.8306713104248,
            -21.98285675048828
          ],
          [
            27.83067512512207,
            -21.98285675048828
          ],
          [
            27.83067512512207,
            -21.98285675048828
          ],
          [
            27.8306770324707,
            -21.98285675048828
          ],
          [
            27.83068084716797,
            -21.98285484313965
          ],
          [
            27.83068084716797,
            -21.98285484313965
          ],
          [
            27.83068084716797,
            -21.98285484313965
          ],
          [
            27.8306827545166,
            -21.982852935791016
          ],
          [
            27.830686569213867,
            -21.98284912109375
          ],
          [
            27.830686569213867,
            -21.98284912109375
          ],
          [
            27.830690383911133,
            -21.98284912109375
          ],
          [
            27.830690383911133,
            -21.98284912109375
          ],
          [
            27.830692291259766,
            -21.982847213745117
          ],
          [
            27.830692291259766,
            -21.982847213745117
          ],
          [
            27.8306941986084,
            -21.982847213745117
          ],
          [
            27.8306941986084,
            -21.982847213745117
          ],
          [
            27.830698013305664,
            -21.982845306396484
          ],
          [
            27.83070182800293,
            -21.982845306396484
          ],
          [
            27.83070182800293,
            -21.982845306396484
          ],
          [
            27.83070182800293,
            -21.982845306396484
          ],
          [
            27.83070182800293,
            -21.982845306396484
          ],
          [
            27.83070182800293,
            -21.982845306396484
          ],
          [
            27.83070182800293,
            -21.982845306396484
          ],
          [
            27.830707550048828,
            -21.98284149169922
          ],
          [
            27.830717086791992,
            -21.982839584350586
          ],
          [
            27.830720901489258,
            -21.982837677001953
          ],
          [
            27.830720901489258,
            -21.982837677001953
          ],
          [
            27.830724716186523,
            -21.982831954956055
          ],
          [
            27.830724716186523,
            -21.982831954956055
          ],
          [
            27.83072853088379,
            -21.982830047607422
          ],
          [
            27.83072853088379,
            -21.982830047607422
          ],
          [
            27.83072853088379,
            -21.98282814025879
          ],
          [
            27.83072853088379,
            -21.98282814025879
          ],
          [
            27.83072853088379,
            -21.98282814025879
          ],
          [
            27.83072853088379,
            -21.98282814025879
          ],
          [
            27.83072853088379,
            -21.98282814025879
          ],
          [
            27.83072853088379,
            -21.98282814025879
          ],
          [
            27.83072853088379,
            -21.98282814025879
          ],
          [
            27.830730438232422,
            -21.98282814025879
          ],
          [
            27.830730438232422,
            -21.98282814025879
          ],
          [
            27.830730438232422,
            -21.98282814025879
          ],
          [
            27.830730438232422,
            -21.98282814025879
          ],
          [
            27.830730438232422,
            -21.982830047607422
          ],
          [
            27.83072853088379,
            -21.982830047607422
          ],
          [
            27.83072853088379,
            -21.982830047607422
          ],
          [
            27.830730438232422,
            -21.982830047607422
          ],
          [
            27.830730438232422,
            -21.982830047607422
          ],
          [
            27.830730438232422,
            -21.982830047607422
          ],
          [
            27.830730438232422,
            -21.982830047607422
          ],
          [
            27.830730438232422,
            -21.982830047607422
          ],
          [
            27.830730438232422,
            -21.982830047607422
          ],
          [
            27.830732345581055,
            -21.982830047607422
          ],
          [
            27.830732345581055,
            -21.982830047607422
          ],
          [
            27.830734252929688,
            -21.98282814025879
          ],
          [
            27.830734252929688,
            -21.98282814025879
          ],
          [
            27.830734252929688,
            -21.98282814025879
          ],
          [
            27.83073616027832,
            -21.98282814025879
          ],
          [
            27.83073616027832,
            -21.98282814025879
          ],
          [
            27.83073616027832,
            -21.98282814025879
          ],
          [
            27.83073616027832,
            -21.98282814025879
          ],
          [
            27.830738067626953,
            -21.98282814025879
          ],
          [
            27.830738067626953,
            -21.98282814025879
          ],
          [
            27.830738067626953,
            -21.98282814025879
          ],
          [
            27.830738067626953,
            -21.98282814025879
          ],
          [
            27.830738067626953,
            -21.98282814025879
          ],
          [
            27.830738067626953,
            -21.98282814025879
          ],
          [
            27.830738067626953,
            -21.98282814025879
          ],
          [
            27.830738067626953,
            -21.98282814025879
          ],
          [
            27.830739974975586,
            -21.982830047607422
          ],
          [
            27.830739974975586,
            -21.982830047607422
          ],
          [
            27.830739974975586,
            -21.982830047607422
          ],
          [
            27.830739974975586,
            -21.982830047607422
          ],
          [
            27.830739974975586,
            -21.982830047607422
          ],
          [
            27.830739974975586,
            -21.982830047607422
          ],
          [
            27.830739974975586,
            -21.982830047607422
          ],
          [
            27.830739974975586,
            -21.982830047607422
          ],
          [
            27.830739974975586,
            -21.982831954956055
          ],
          [
            27.830739974975586,
            -21.982831954956055
          ],
          [
            27.83074188232422,
            -21.982831954956055
          ],
          [
            27.83074188232422,
            -21.982831954956055
          ],
          [
            27.83074188232422,
            -21.982831954956055
          ],
          [
            27.83074188232422,
            -21.982831954956055
          ],
          [
            27.83074188232422,
            -21.982831954956055
          ],
          [
            27.83074188232422,
            -21.982831954956055
          ],
          [
            27.830739974975586,
            -21.982831954956055
          ],
          [
            27.830739974975586,
            -21.982831954956055
          ],
          [
            27.830739974975586,
            -21.982831954956055
          ],
          [
            27.830739974975586,
            -21.982831954956055
          ],
          [
            27.83074188232422,
            -21.982831954956055
          ],
          [
            27.83074188232422,
            -21.982831954956055
          ],
          [
            27.83074378967285,
            -21.98282814025879
          ],
          [
            27.83074378967285,
            -21.98282814025879
          ],
          [
            27.830745697021484,
            -21.982826232910156
          ],
          [
            27.830745697021484,
            -21.982826232910156
          ],
          [
            27.830747604370117,
            -21.982824325561523
          ],
          [
            27.830747604370117,
            -21.982824325561523
          ],
          [
            27.83074951171875,
            -21.98282241821289
          ],
          [
            27.83074951171875,
            -21.98282241821289
          ],
          [
            27.83074951171875,
            -21.982818603515625
          ],
          [
            27.83074951171875,
            -21.982818603515625
          ],
          [
            27.83074951171875,
            -21.982818603515625
          ],
          [
            27.830751419067383,
            -21.982818603515625
          ],
          [
            27.830751419067383,
            -21.982818603515625
          ],
          [
            27.830751419067383,
            -21.982818603515625
          ],
          [
            27.830753326416016,
            -21.982816696166992
          ],
          [
            27.83075523376465,
            -21.98281478881836
          ],
          [
            27.83075714111328,
            -21.982812881469727
          ],
          [
            27.83075714111328,
            -21.982812881469727
          ],
          [
            27.830759048461914,
            -21.982810974121094
          ],
          [
            27.830759048461914,
            -21.982810974121094
          ],
          [
            27.83076286315918,
            -21.982807159423828
          ],
          [
            27.83076286315918,
            -21.982807159423828
          ],
          [
            27.830766677856445,
            -21.982803344726562
          ],
          [
            27.830766677856445,
            -21.982803344726562
          ],
          [
            27.83077049255371,
            -21.98280143737793
          ],
          [
            27.83077049255371,
            -21.98280143737793
          ],
          [
            27.830774307250977,
            -21.9827995300293
          ],
          [
            27.830774307250977,
            -21.9827995300293
          ],
          [
            27.830778121948242,
            -21.982797622680664
          ],
          [
            27.830778121948242,
            -21.982797622680664
          ],
          [
            27.830780029296875,
            -21.98279571533203
          ],
          [
            27.830780029296875,
            -21.98279571533203
          ],
          [
            27.830781936645508,
            -21.9827938079834
          ],
          [
            27.830781936645508,
            -21.9827938079834
          ],
          [
            27.83078384399414,
            -21.982791900634766
          ],
          [
            27.83078384399414,
            -21.982791900634766
          ],
          [
            27.83078384399414,
            -21.982791900634766
          ],
          [
            27.83078384399414,
            -21.982791900634766
          ],
          [
            27.830785751342773,
            -21.9827880859375
          ],
          [
            27.830785751342773,
            -21.9827880859375
          ],
          [
            27.83078956604004,
            -21.982786178588867
          ],
          [
            27.83078956604004,
            -21.982786178588867
          ],
          [
            27.830791473388672,
            -21.9827823638916
          ],
          [
            27.830791473388672,
            -21.9827823638916
          ],
          [
            27.830795288085938,
            -21.98278045654297
          ],
          [
            27.830795288085938,
            -21.98278045654297
          ],
          [
            27.83079719543457,
            -21.982778549194336
          ],
          [
            27.83079719543457,
            -21.982778549194336
          ],
          [
            27.830801010131836,
            -21.9827766418457
          ],
          [
            27.830801010131836,
            -21.9827766418457
          ],
          [
            27.830801010131836,
            -21.9827766418457
          ],
          [
            27.830801010131836,
            -21.9827766418457
          ],
          [
            27.830801010131836,
            -21.9827766418457
          ],
          [
            27.830801010131836,
            -21.9827766418457
          ],
          [
            27.83080291748047,
            -21.9827766418457
          ],
          [
            27.830810546875,
            -21.9827709197998
          ],
          [
            27.830814361572266,
            -21.982769012451172
          ],
          [
            27.830814361572266,
            -21.982769012451172
          ],
          [
            27.8308162689209,
            -21.982765197753906
          ],
          [
            27.8308162689209,
            -21.982765197753906
          ],
          [
            27.830820083618164,
            -21.982763290405273
          ],
          [
            27.830820083618164,
            -21.982763290405273
          ],
          [
            27.8308219909668,
            -21.98276138305664
          ],
          [
            27.8308219909668,
            -21.98276138305664
          ],
          [
            27.83082389831543,
            -21.982757568359375
          ],
          [
            27.83082389831543,
            -21.982757568359375
          ],
          [
            27.83082389831543,
            -21.982757568359375
          ],
          [
            27.83082389831543,
            -21.982757568359375
          ],
          [
            27.830825805664062,
            -21.982757568359375
          ],
          [
            27.830825805664062,
            -21.982757568359375
          ],
          [
            27.830829620361328,
            -21.982755661010742
          ],
          [
            27.83083152770996,
            -21.98275375366211
          ],
          [
            27.83083152770996,
            -21.98275375366211
          ],
          [
            27.830833435058594,
            -21.982751846313477
          ],
          [
            27.830833435058594,
            -21.982751846313477
          ],
          [
            27.83083724975586,
            -21.982749938964844
          ],
          [
            27.83083724975586,
            -21.982749938964844
          ],
          [
            27.830839157104492,
            -21.98274803161621
          ],
          [
            27.830839157104492,
            -21.98274803161621
          ],
          [
            27.830839157104492,
            -21.98274803161621
          ],
          [
            27.830839157104492,
            -21.98274803161621
          ],
          [
            27.830841064453125,
            -21.98274803161621
          ],
          [
            27.830841064453125,
            -21.98274803161621
          ],
          [
            27.83084487915039,
            -21.98274803161621
          ],
          [
            27.830848693847656,
            -21.982746124267578
          ],
          [
            27.830848693847656,
            -21.982746124267578
          ],
          [
            27.83085060119629,
            -21.982744216918945
          ],
          [
            27.83085060119629,
            -21.982744216918945
          ],
          [
            27.830854415893555,
            -21.982742309570312
          ],
          [
            27.830854415893555,
            -21.982742309570312
          ],
          [
            27.830854415893555,
            -21.982742309570312
          ],
          [
            27.830856323242188,
            -21.982742309570312
          ],
          [
            27.830856323242188,
            -21.982742309570312
          ],
          [
            27.830856323242188,
            -21.982742309570312
          ],
          [
            27.830856323242188,
            -21.982742309570312
          ],
          [
            27.830856323242188,
            -21.982742309570312
          ],
          [
            27.830856323242188,
            -21.982742309570312
          ],
          [
            27.830856323242188,
            -21.982742309570312
          ],
          [
            27.830856323242188,
            -21.982742309570312
          ],
          [
            27.830856323242188,
            -21.982742309570312
          ],
          [
            27.83085823059082,
            -21.982742309570312
          ],
          [
            27.83085823059082,
            -21.982742309570312
          ],
          [
            27.83085823059082,
            -21.982742309570312
          ],
          [
            27.83085823059082,
            -21.982742309570312
          ],
          [
            27.830860137939453,
            -21.982744216918945
          ],
          [
            27.830860137939453,
            -21.982744216918945
          ],
          [
            27.830860137939453,
            -21.982744216918945
          ],
          [
            27.830860137939453,
            -21.982744216918945
          ],
          [
            27.830862045288086,
            -21.982742309570312
          ],
          [
            27.830862045288086,
            -21.982742309570312
          ],
          [
            27.830862045288086,
            -21.982742309570312
          ],
          [
            27.830862045288086,
            -21.982742309570312
          ],
          [
            27.830862045288086,
            -21.982742309570312
          ],
          [
            27.830862045288086,
            -21.982742309570312
          ],
          [
            27.83086395263672,
            -21.98274040222168
          ],
          [
            27.83086585998535,
            -21.982738494873047
          ],
          [
            27.830867767333984,
            -21.98273468017578
          ],
          [
            27.83087158203125,
            -21.982730865478516
          ],
          [
            27.830873489379883,
            -21.982728958129883
          ],
          [
            27.830873489379883,
            -21.982728958129883
          ],
          [
            27.830875396728516,
            -21.98272705078125
          ],
          [
            27.830875396728516,
            -21.98272705078125
          ],
          [
            27.83087921142578,
            -21.982723236083984
          ],
          [
            27.83087921142578,
            -21.982723236083984
          ],
          [
            27.830881118774414,
            -21.98271942138672
          ],
          [
            27.830881118774414,
            -21.98271942138672
          ],
          [
            27.830883026123047,
            -21.982715606689453
          ],
          [
            27.830883026123047,
            -21.982715606689453
          ],
          [
            27.83088493347168,
            -21.98271369934082
          ],
          [
            27.83088493347168,
            -21.98271369934082
          ],
          [
            27.83088493347168,
            -21.98271369934082
          ],
          [
            27.83088493347168,
            -21.98271369934082
          ],
          [
            27.830886840820312,
            -21.98271369934082
          ],
          [
            27.830886840820312,
            -21.98271369934082
          ],
          [
            27.830888748168945,
            -21.982711791992188
          ],
          [
            27.830888748168945,
            -21.982711791992188
          ],
          [
            27.83089256286621,
            -21.982709884643555
          ],
          [
            27.83089256286621,
            -21.982709884643555
          ],
          [
            27.830894470214844,
            -21.98270606994629
          ],
          [
            27.83089828491211,
            -21.98270606994629
          ],
          [
            27.83089828491211,
            -21.98270606994629
          ],
          [
            27.830900192260742,
            -21.982704162597656
          ],
          [
            27.830900192260742,
            -21.982704162597656
          ],
          [
            27.830900192260742,
            -21.982704162597656
          ],
          [
            27.830900192260742,
            -21.982704162597656
          ],
          [
            27.830904006958008,
            -21.982702255249023
          ],
          [
            27.830904006958008,
            -21.982702255249023
          ],
          [
            27.830904006958008,
            -21.982702255249023
          ],
          [
            27.83090591430664,
            -21.982702255249023
          ],
          [
            27.830907821655273,
            -21.982698440551758
          ],
          [
            27.830907821655273,
            -21.982698440551758
          ],
          [
            27.830909729003906,
            -21.982696533203125
          ],
          [
            27.830909729003906,
            -21.982696533203125
          ],
          [
            27.830909729003906,
            -21.982696533203125
          ],
          [
            27.830909729003906,
            -21.982696533203125
          ],
          [
            27.83091163635254,
            -21.982696533203125
          ],
          [
            27.83091163635254,
            -21.982696533203125
          ],
          [
            27.830913543701172,
            -21.982696533203125
          ],
          [
            27.830913543701172,
            -21.982696533203125
          ],
          [
            27.830913543701172,
            -21.982696533203125
          ],
          [
            27.830913543701172,
            -21.982696533203125
          ],
          [
            27.830913543701172,
            -21.982696533203125
          ],
          [
            27.830913543701172,
            -21.982696533203125
          ],
          [
            27.8309154510498,
            -21.982694625854492
          ],
          [
            27.8309154510498,
            -21.982694625854492
          ],
          [
            27.8309154510498,
            -21.982694625854492
          ],
          [
            27.8309154510498,
            -21.982694625854492
          ],
          [
            27.8309154510498,
            -21.982696533203125
          ],
          [
            27.8309154510498,
            -21.982696533203125
          ],
          [
            27.830917358398438,
            -21.982694625854492
          ],
          [
            27.830917358398438,
            -21.982694625854492
          ],
          [
            27.830917358398438,
            -21.982694625854492
          ],
          [
            27.830917358398438,
            -21.982694625854492
          ],
          [
            27.830917358398438,
            -21.982694625854492
          ],
          [
            27.830917358398438,
            -21.982694625854492
          ],
          [
            27.830917358398438,
            -21.982694625854492
          ],
          [
            27.830917358398438,
            -21.982694625854492
          ],
          [
            27.830917358398438,
            -21.982694625854492
          ],
          [
            27.830917358398438,
            -21.982694625854492
          ],
          [
            27.830917358398438,
            -21.982694625854492
          ],
          [
            27.830917358398438,
            -21.982694625854492
          ],
          [
            27.830917358398438,
            -21.982694625854492
          ],
          [
            27.830917358398438,
            -21.982694625854492
          ],
          [
            27.830917358398438,
            -21.982694625854492
          ],
          [
            27.830917358398438,
            -21.982694625854492
          ],
          [
            27.83091926574707,
            -21.982694625854492
          ],
          [
            27.8309211730957,
            -21.982694625854492
          ],
          [
            27.830923080444336,
            -21.98269271850586
          ],
          [
            27.8309268951416,
            -21.982690811157227
          ],
          [
            27.830928802490234,
            -21.982688903808594
          ],
          [
            27.8309326171875,
            -21.982685089111328
          ],
          [
            27.830936431884766,
            -21.982681274414062
          ],
          [
            27.83094024658203,
            -21.9826774597168
          ],
          [
            27.83094024658203,
            -21.9826774597168
          ],
          [
            27.830942153930664,
            -21.982675552368164
          ],
          [
            27.830942153930664,
            -21.982675552368164
          ],
          [
            27.83094596862793,
            -21.9826717376709
          ],
          [
            27.83094596862793,
            -21.9826717376709
          ],
          [
            27.83094596862793,
            -21.9826717376709
          ],
          [
            27.83094596862793,
            -21.9826717376709
          ],
          [
            27.830947875976562,
            -21.9826717376709
          ],
          [
            27.830947875976562,
            -21.9826717376709
          ],
          [
            27.830947875976562,
            -21.9826717376709
          ],
          [
            27.830947875976562,
            -21.9826717376709
          ],
          [
            27.830947875976562,
            -21.982669830322266
          ],
          [
            27.830947875976562,
            -21.982669830322266
          ],
          [
            27.830947875976562,
            -21.982669830322266
          ],
          [
            27.830947875976562,
            -21.982669830322266
          ],
          [
            27.8309497833252,
            -21.982669830322266
          ],
          [
            27.8309497833252,
            -21.982669830322266
          ],
          [
            27.8309497833252,
            -21.982669830322266
          ],
          [
            27.8309497833252,
            -21.982669830322266
          ],
          [
            27.8309497833252,
            -21.982669830322266
          ],
          [
            27.8309497833252,
            -21.982669830322266
          ],
          [
            27.830951690673828,
            -21.982667922973633
          ],
          [
            27.830951690673828,
            -21.982667922973633
          ],
          [
            27.83095359802246,
            -21.982666015625
          ],
          [
            27.83095359802246,
            -21.982666015625
          ],
          [
            27.830955505371094,
            -21.982664108276367
          ],
          [
            27.830955505371094,
            -21.982664108276367
          ],
          [
            27.830957412719727,
            -21.982662200927734
          ],
          [
            27.830957412719727,
            -21.982662200927734
          ],
          [
            27.830961227416992,
            -21.9826602935791
          ],
          [
            27.830961227416992,
            -21.9826602935791
          ],
          [
            27.830965042114258,
            -21.9826602935791
          ],
          [
            27.83096694946289,
            -21.9826602935791
          ],
          [
            27.83096694946289,
            -21.9826602935791
          ],
          [
            27.830970764160156,
            -21.98265838623047
          ],
          [
            27.830970764160156,
            -21.98265838623047
          ],
          [
            27.83097267150879,
            -21.98265838623047
          ],
          [
            27.83097267150879,
            -21.98265838623047
          ],
          [
            27.830976486206055,
            -21.982656478881836
          ],
          [
            27.830976486206055,
            -21.982656478881836
          ],
          [
            27.830976486206055,
            -21.982656478881836
          ],
          [
            27.830976486206055,
            -21.982656478881836
          ],
          [
            27.830976486206055,
            -21.982656478881836
          ],
          [
            27.83098030090332,
            -21.98265838623047
          ],
          [
            27.83098793029785,
            -21.982656478881836
          ],
          [
            27.830991744995117,
            -21.982656478881836
          ],
          [
            27.830991744995117,
            -21.982656478881836
          ],
          [
            27.830995559692383,
            -21.98265266418457
          ],
          [
            27.830995559692383,
            -21.98265266418457
          ],
          [
            27.83099937438965,
            -21.982650756835938
          ],
          [
            27.831003189086914,
            -21.9826488494873
          ],
          [
            27.831003189086914,
            -21.9826488494873
          ],
          [
            27.831005096435547,
            -21.98264503479004
          ],
          [
            27.831005096435547,
            -21.98264503479004
          ],
          [
            27.83100700378418,
            -21.982643127441406
          ],
          [
            27.83100700378418,
            -21.982643127441406
          ],
          [
            27.831008911132812,
            -21.98263931274414
          ],
          [
            27.831010818481445,
            -21.982637405395508
          ],
          [
            27.831010818481445,
            -21.982637405395508
          ],
          [
            27.831010818481445,
            -21.982637405395508
          ],
          [
            27.831010818481445,
            -21.982637405395508
          ],
          [
            27.831012725830078,
            -21.982633590698242
          ],
          [
            27.831012725830078,
            -21.982633590698242
          ],
          [
            27.83101463317871,
            -21.98263168334961
          ],
          [
            27.83101463317871,
            -21.98263168334961
          ],
          [
            27.831018447875977,
            -21.98263168334961
          ],
          [
            27.831018447875977,
            -21.98263168334961
          ],
          [
            27.831018447875977,
            -21.98263168334961
          ],
          [
            27.831018447875977,
            -21.98263168334961
          ],
          [
            27.831018447875977,
            -21.98263168334961
          ],
          [
            27.831018447875977,
            -21.98263168334961
          ],
          [
            27.83102035522461,
            -21.98263168334961
          ],
          [
            27.83102035522461,
            -21.98263168334961
          ],
          [
            27.83102035522461,
            -21.982633590698242
          ],
          [
            27.83102035522461,
            -21.982633590698242
          ],
          [
            27.83102035522461,
            -21.982633590698242
          ],
          [
            27.83102035522461,
            -21.982633590698242
          ],
          [
            27.831022262573242,
            -21.982633590698242
          ],
          [
            27.831022262573242,
            -21.982633590698242
          ],
          [
            27.831024169921875,
            -21.982633590698242
          ],
          [
            27.831024169921875,
            -21.982633590698242
          ],
          [
            27.831026077270508,
            -21.98263168334961
          ],
          [
            27.831026077270508,
            -21.98263168334961
          ],
          [
            27.831029891967773,
            -21.98263168334961
          ],
          [
            27.831029891967773,
            -21.98263168334961
          ],
          [
            27.831035614013672,
            -21.98263168334961
          ],
          [
            27.831035614013672,
            -21.98263168334961
          ],
          [
            27.831039428710938,
            -21.98263168334961
          ],
          [
            27.831039428710938,
            -21.98263168334961
          ],
          [
            27.831039428710938,
            -21.982633590698242
          ],
          [
            27.831039428710938,
            -21.982633590698242
          ],
          [
            27.83104133605957,
            -21.982633590698242
          ],
          [
            27.83104133605957,
            -21.982633590698242
          ],
          [
            27.83104133605957,
            -21.982633590698242
          ],
          [
            27.83104133605957,
            -21.982633590698242
          ],
          [
            27.83104133605957,
            -21.982635498046875
          ],
          [
            27.83104133605957,
            -21.982635498046875
          ],
          [
            27.83104133605957,
            -21.982635498046875
          ],
          [
            27.83104133605957,
            -21.982635498046875
          ],
          [
            27.83104133605957,
            -21.982635498046875
          ],
          [
            27.83104133605957,
            -21.982635498046875
          ],
          [
            27.83104133605957,
            -21.982633590698242
          ],
          [
            27.831039428710938,
            -21.982633590698242
          ],
          [
            27.831039428710938,
            -21.982633590698242
          ],
          [
            27.831039428710938,
            -21.982633590698242
          ],
          [
            27.83104133605957,
            -21.98263168334961
          ],
          [
            27.83104133605957,
            -21.98263168334961
          ],
          [
            27.831039428710938,
            -21.98263168334961
          ],
          [
            27.831039428710938,
            -21.98263168334961
          ],
          [
            27.83104133605957,
            -21.98263168334961
          ],
          [
            27.83104133605957,
            -21.98263168334961
          ],
          [
            27.83104133605957,
            -21.98263168334961
          ],
          [
            27.83104133605957,
            -21.98263168334961
          ],
          [
            27.8310432434082,
            -21.982627868652344
          ],
          [
            27.8310432434082,
            -21.982627868652344
          ],
          [
            27.8310432434082,
            -21.98262596130371
          ],
          [
            27.8310432434082,
            -21.98262596130371
          ],
          [
            27.83104705810547,
            -21.982622146606445
          ],
          [
            27.83104705810547,
            -21.982622146606445
          ],
          [
            27.8310489654541,
            -21.982620239257812
          ],
          [
            27.8310489654541,
            -21.982620239257812
          ],
          [
            27.8310489654541,
            -21.982616424560547
          ],
          [
            27.8310489654541,
            -21.982616424560547
          ],
          [
            27.831052780151367,
            -21.982614517211914
          ],
          [
            27.831052780151367,
            -21.982614517211914
          ],
          [
            27.831052780151367,
            -21.98261260986328
          ],
          [
            27.831052780151367,
            -21.98261260986328
          ],
          [
            27.8310546875,
            -21.982608795166016
          ],
          [
            27.831052780151367,
            -21.982606887817383
          ],
          [
            27.831052780151367,
            -21.982606887817383
          ],
          [
            27.8310546875,
            -21.98260498046875
          ],
          [
            27.8310546875,
            -21.98260498046875
          ],
          [
            27.831056594848633,
            -21.98260498046875
          ],
          [
            27.831056594848633,
            -21.98260498046875
          ],
          [
            27.831056594848633,
            -21.982601165771484
          ],
          [
            27.831056594848633,
            -21.982601165771484
          ],
          [
            27.831058502197266,
            -21.98259925842285
          ],
          [
            27.831058502197266,
            -21.98259925842285
          ],
          [
            27.8310604095459,
            -21.98259925842285
          ],
          [
            27.8310604095459,
            -21.98259925842285
          ],
          [
            27.8310604095459,
            -21.98259925842285
          ],
          [
            27.8310604095459,
            -21.98259925842285
          ],
          [
            27.8310604095459,
            -21.982595443725586
          ],
          [
            27.8310604095459,
            -21.982595443725586
          ],
          [
            27.83106231689453,
            -21.98259162902832
          ],
          [
            27.83106231689453,
            -21.98259162902832
          ],
          [
            27.831064224243164,
            -21.982589721679688
          ],
          [
            27.831064224243164,
            -21.982589721679688
          ],
          [
            27.83106803894043,
            -21.982587814331055
          ],
          [
            27.83106803894043,
            -21.982587814331055
          ],
          [
            27.83106803894043,
            -21.982587814331055
          ],
          [
            27.83106803894043,
            -21.982587814331055
          ],
          [
            27.83106803894043,
            -21.982587814331055
          ],
          [
            27.83106803894043,
            -21.982587814331055
          ],
          [
            27.831069946289062,
            -21.982585906982422
          ],
          [
            27.831069946289062,
            -21.982585906982422
          ],
          [
            27.831073760986328,
            -21.982585906982422
          ],
          [
            27.831073760986328,
            -21.982585906982422
          ],
          [
            27.83107566833496,
            -21.98258399963379
          ],
          [
            27.83107566833496,
            -21.98258399963379
          ],
          [
            27.83107566833496,
            -21.98258399963379
          ],
          [
            27.83107566833496,
            -21.98258399963379
          ],
          [
            27.83107566833496,
            -21.98258399963379
          ],
          [
            27.83108139038086,
            -21.982582092285156
          ],
          [
            27.831083297729492,
            -21.98257827758789
          ],
          [
            27.831083297729492,
            -21.982572555541992
          ],
          [
            27.831085205078125,
            -21.982568740844727
          ],
          [
            27.831087112426758,
            -21.982566833496094
          ],
          [
            27.831087112426758,
            -21.982566833496094
          ],
          [
            27.831090927124023,
            -21.982563018798828
          ],
          [
            27.831090927124023,
            -21.982563018798828
          ],
          [
            27.83109474182129,
            -21.9825611114502
          ],
          [
            27.83109474182129,
            -21.9825611114502
          ],
          [
            27.831096649169922,
            -21.9825611114502
          ],
          [
            27.831096649169922,
            -21.9825611114502
          ],
          [
            27.831098556518555,
            -21.9825611114502
          ],
          [
            27.831098556518555,
            -21.9825611114502
          ],
          [
            27.831098556518555,
            -21.9825611114502
          ],
          [
            27.831098556518555,
            -21.9825611114502
          ],
          [
            27.831100463867188,
            -21.9825611114502
          ],
          [
            27.831100463867188,
            -21.9825611114502
          ],
          [
            27.831100463867188,
            -21.982563018798828
          ],
          [
            27.831100463867188,
            -21.982563018798828
          ],
          [
            27.831100463867188,
            -21.982563018798828
          ],
          [
            27.831100463867188,
            -21.982563018798828
          ],
          [
            27.831100463867188,
            -21.982563018798828
          ],
          [
            27.831100463867188,
            -21.982563018798828
          ],
          [
            27.83110237121582,
            -21.982563018798828
          ],
          [
            27.83110237121582,
            -21.982563018798828
          ],
          [
            27.83110237121582,
            -21.982563018798828
          ],
          [
            27.83110237121582,
            -21.982563018798828
          ],
          [
            27.831104278564453,
            -21.982563018798828
          ],
          [
            27.831104278564453,
            -21.982563018798828
          ],
          [
            27.831104278564453,
            -21.982563018798828
          ],
          [
            27.831104278564453,
            -21.982563018798828
          ],
          [
            27.831104278564453,
            -21.9825611114502
          ],
          [
            27.831104278564453,
            -21.9825611114502
          ],
          [
            27.83110809326172,
            -21.982559204101562
          ],
          [
            27.83110809326172,
            -21.982559204101562
          ],
          [
            27.83111000061035,
            -21.9825553894043
          ],
          [
            27.83111000061035,
            -21.9825553894043
          ],
          [
            27.83111000061035,
            -21.982553482055664
          ],
          [
            27.83111000061035,
            -21.982553482055664
          ],
          [
            27.83111000061035,
            -21.982553482055664
          ],
          [
            27.83111000061035,
            -21.982553482055664
          ],
          [
            27.83111000061035,
            -21.982553482055664
          ],
          [
            27.831111907958984,
            -21.9825553894043
          ],
          [
            27.831111907958984,
            -21.9825553894043
          ],
          [
            27.831111907958984,
            -21.9825553894043
          ],
          [
            27.831111907958984,
            -21.9825553894043
          ],
          [
            27.831111907958984,
            -21.9825553894043
          ],
          [
            27.831111907958984,
            -21.9825553894043
          ],
          [
            27.831111907958984,
            -21.9825553894043
          ],
          [
            27.831111907958984,
            -21.9825553894043
          ],
          [
            27.831111907958984,
            -21.9825553894043
          ],
          [
            27.831111907958984,
            -21.9825553894043
          ],
          [
            27.831111907958984,
            -21.9825553894043
          ],
          [
            27.831111907958984,
            -21.9825553894043
          ],
          [
            27.831111907958984,
            -21.9825553894043
          ],
          [
            27.831111907958984,
            -21.9825553894043
          ],
          [
            27.831111907958984,
            -21.9825553894043
          ],
          [
            27.831111907958984,
            -21.9825553894043
          ],
          [
            27.831111907958984,
            -21.9825553894043
          ],
          [
            27.831111907958984,
            -21.9825553894043
          ],
          [
            27.831111907958984,
            -21.9825553894043
          ],
          [
            27.831111907958984,
            -21.9825553894043
          ],
          [
            27.831111907958984,
            -21.9825553894043
          ],
          [
            27.831111907958984,
            -21.9825553894043
          ],
          [
            27.831111907958984,
            -21.98255729675293
          ],
          [
            27.831113815307617,
            -21.98255729675293
          ],
          [
            27.831113815307617,
            -21.98255729675293
          ],
          [
            27.83111572265625,
            -21.98255729675293
          ],
          [
            27.83111572265625,
            -21.98255729675293
          ],
          [
            27.83111572265625,
            -21.98255729675293
          ],
          [
            27.83111572265625,
            -21.98255729675293
          ],
          [
            27.83111572265625,
            -21.98255729675293
          ],
          [
            27.83111572265625,
            -21.98255729675293
          ],
          [
            27.83111572265625,
            -21.98255729675293
          ],
          [
            27.83111572265625,
            -21.982559204101562
          ],
          [
            27.83111572265625,
            -21.982559204101562
          ],
          [
            27.831113815307617,
            -21.982559204101562
          ],
          [
            27.831113815307617,
            -21.982559204101562
          ],
          [
            27.831113815307617,
            -21.982559204101562
          ],
          [
            27.831113815307617,
            -21.982559204101562
          ],
          [
            27.831113815307617,
            -21.982559204101562
          ],
          [
            27.831113815307617,
            -21.982559204101562
          ],
          [
            27.831111907958984,
            -21.982559204101562
          ],
          [
            27.831111907958984,
            -21.982559204101562
          ],
          [
            27.831111907958984,
            -21.982559204101562
          ],
          [
            27.831111907958984,
            -21.982559204101562
          ],
          [
            27.831111907958984,
            -21.982559204101562
          ],
          [
            27.831111907958984,
            -21.982559204101562
          ],
          [
            27.831111907958984,
            -21.982559204101562
          ],
          [
            27.831111907958984,
            -21.982559204101562
          ],
          [
            27.831111907958984,
            -21.982559204101562
          ],
          [
            27.83111000061035,
            -21.982559204101562
          ],
          [
            27.83111000061035,
            -21.982559204101562
          ],
          [
            27.831113815307617,
            -21.982559204101562
          ],
          [
            27.831113815307617,
            -21.982559204101562
          ],
          [
            27.83111572265625,
            -21.982559204101562
          ],
          [
            27.83111572265625,
            -21.982559204101562
          ],
          [
            27.831117630004883,
            -21.98255157470703
          ],
          [
            27.831117630004883,
            -21.98255157470703
          ],
          [
            27.831119537353516,
            -21.982547760009766
          ],
          [
            27.831119537353516,
            -21.982547760009766
          ],
          [
            27.831119537353516,
            -21.9825439453125
          ],
          [
            27.831119537353516,
            -21.9825439453125
          ],
          [
            27.831119537353516,
            -21.982540130615234
          ],
          [
            27.831119537353516,
            -21.982540130615234
          ],
          [
            27.831119537353516,
            -21.9825382232666
          ],
          [
            27.831119537353516,
            -21.9825382232666
          ],
          [
            27.83112144470215,
            -21.98253631591797
          ],
          [
            27.83112144470215,
            -21.98253631591797
          ],
          [
            27.83112335205078,
            -21.982534408569336
          ],
          [
            27.83112335205078,
            -21.982534408569336
          ],
          [
            27.831127166748047,
            -21.982534408569336
          ],
          [
            27.831127166748047,
            -21.982534408569336
          ],
          [
            27.83112907409668,
            -21.98253059387207
          ],
          [
            27.83112907409668,
            -21.98253059387207
          ],
          [
            27.831130981445312,
            -21.9825267791748
          ],
          [
            27.831130981445312,
            -21.9825267791748
          ],
          [
            27.831132888793945,
            -21.982524871826172
          ],
          [
            27.831132888793945,
            -21.982524871826172
          ],
          [
            27.831132888793945,
            -21.982524871826172
          ],
          [
            27.831132888793945,
            -21.982524871826172
          ],
          [
            27.831132888793945,
            -21.982524871826172
          ],
          [
            27.83113670349121,
            -21.98252296447754
          ],
          [
            27.831140518188477,
            -21.982521057128906
          ],
          [
            27.831144332885742,
            -21.982519149780273
          ],
          [
            27.831146240234375,
            -21.98251724243164
          ],
          [
            27.831146240234375,
            -21.98251724243164
          ],
          [
            27.831148147583008,
            -21.982513427734375
          ],
          [
            27.831148147583008,
            -21.982513427734375
          ],
          [
            27.83115005493164,
            -21.98250961303711
          ],
          [
            27.83115005493164,
            -21.98250961303711
          ],
          [
            27.83115005493164,
            -21.98250961303711
          ],
          [
            27.83115005493164,
            -21.98250961303711
          ],
          [
            27.83115005493164,
            -21.98250961303711
          ],
          [
            27.83115005493164,
            -21.98250961303711
          ],
          [
            27.831153869628906,
            -21.982507705688477
          ],
          [
            27.831153869628906,
            -21.982507705688477
          ],
          [
            27.831157684326172,
            -21.982505798339844
          ],
          [
            27.831161499023438,
            -21.982501983642578
          ],
          [
            27.831161499023438,
            -21.982501983642578
          ],
          [
            27.8311653137207,
            -21.982500076293945
          ],
          [
            27.8311653137207,
            -21.982500076293945
          ],
          [
            27.8311710357666,
            -21.98249626159668
          ],
          [
            27.8311710357666,
            -21.98249626159668
          ],
          [
            27.831174850463867,
            -21.982494354248047
          ],
          [
            27.831174850463867,
            -21.982494354248047
          ],
          [
            27.831178665161133,
            -21.982492446899414
          ],
          [
            27.831178665161133,
            -21.982492446899414
          ],
          [
            27.8311824798584,
            -21.98249053955078
          ],
          [
            27.8311824798584,
            -21.98249053955078
          ],
          [
            27.83118438720703,
            -21.98249053955078
          ],
          [
            27.83118438720703,
            -21.98249053955078
          ],
          [
            27.83118438720703,
            -21.98249053955078
          ],
          [
            27.83118438720703,
            -21.98249053955078
          ],
          [
            27.831186294555664,
            -21.98249053955078
          ],
          [
            27.831186294555664,
            -21.98249053955078
          ],
          [
            27.831186294555664,
            -21.98249053955078
          ],
          [
            27.831186294555664,
            -21.98249053955078
          ],
          [
            27.8311882019043,
            -21.982492446899414
          ],
          [
            27.8311882019043,
            -21.982492446899414
          ],
          [
            27.83119010925293,
            -21.982492446899414
          ],
          [
            27.83119010925293,
            -21.982492446899414
          ],
          [
            27.831192016601562,
            -21.982494354248047
          ],
          [
            27.831192016601562,
            -21.982494354248047
          ],
          [
            27.8311939239502,
            -21.982494354248047
          ],
          [
            27.8311939239502,
            -21.982494354248047
          ],
          [
            27.831195831298828,
            -21.982494354248047
          ],
          [
            27.831195831298828,
            -21.982494354248047
          ],
          [
            27.831195831298828,
            -21.982494354248047
          ],
          [
            27.831195831298828,
            -21.982494354248047
          ],
          [
            27.831195831298828,
            -21.982494354248047
          ],
          [
            27.831195831298828,
            -21.982494354248047
          ],
          [
            27.831195831298828,
            -21.982494354248047
          ],
          [
            27.831195831298828,
            -21.982494354248047
          ],
          [
            27.831195831298828,
            -21.98249626159668
          ],
          [
            27.831195831298828,
            -21.98249626159668
          ],
          [
            27.83119773864746,
            -21.98249626159668
          ],
          [
            27.83119773864746,
            -21.98249626159668
          ],
          [
            27.83119773864746,
            -21.98249626159668
          ],
          [
            27.83119773864746,
            -21.98249626159668
          ],
          [
            27.83119773864746,
            -21.98249626159668
          ],
          [
            27.83119773864746,
            -21.98249626159668
          ],
          [
            27.83119773864746,
            -21.98249626159668
          ],
          [
            27.83119773864746,
            -21.98249626159668
          ],
          [
            27.83119773864746,
            -21.98249626159668
          ],
          [
            27.831199645996094,
            -21.98249626159668
          ],
          [
            27.831199645996094,
            -21.982498168945312
          ],
          [
            27.831199645996094,
            -21.982498168945312
          ],
          [
            27.831199645996094,
            -21.98249626159668
          ],
          [
            27.831199645996094,
            -21.982498168945312
          ],
          [
            27.831199645996094,
            -21.982498168945312
          ],
          [
            27.831201553344727,
            -21.982498168945312
          ],
          [
            27.831201553344727,
            -21.982498168945312
          ],
          [
            27.831199645996094,
            -21.982498168945312
          ],
          [
            27.831199645996094,
            -21.982498168945312
          ],
          [
            27.831201553344727,
            -21.982498168945312
          ],
          [
            27.831201553344727,
            -21.982498168945312
          ],
          [
            27.831201553344727,
            -21.982498168945312
          ],
          [
            27.831201553344727,
            -21.982498168945312
          ],
          [
            27.831201553344727,
            -21.982498168945312
          ],
          [
            27.831201553344727,
            -21.982498168945312
          ],
          [
            27.831201553344727,
            -21.982498168945312
          ],
          [
            27.831201553344727,
            -21.982498168945312
          ],
          [
            27.831205368041992,
            -21.982492446899414
          ],
          [
            27.831205368041992,
            -21.982492446899414
          ],
          [
            27.831209182739258,
            -21.982484817504883
          ],
          [
            27.831209182739258,
            -21.982484817504883
          ],
          [
            27.83121681213379,
            -21.98247718811035
          ],
          [
            27.83121681213379,
            -21.98247718811035
          ],
          [
            27.83122444152832,
            -21.98246955871582
          ],
          [
            27.83122444152832,
            -21.98246955871582
          ],
          [
            27.83123207092285,
            -21.98246192932129
          ],
          [
            27.83123207092285,
            -21.98246192932129
          ],
          [
            27.83123779296875,
            -21.982460021972656
          ],
          [
            27.83123779296875,
            -21.982460021972656
          ],
          [
            27.83124351501465,
            -21.98246192932129
          ],
          [
            27.83124351501465,
            -21.98246192932129
          ],
          [
            27.83125114440918,
            -21.982463836669922
          ],
          [
            27.83125114440918,
            -21.982463836669922
          ],
          [
            27.83125114440918,
            -21.982460021972656
          ],
          [
            27.83125114440918,
            -21.982460021972656
          ],
          [
            27.83125114440918,
            -21.98245620727539
          ],
          [
            27.83125114440918,
            -21.98245620727539
          ],
          [
            27.83125114440918,
            -21.98245620727539
          ],
          [
            27.83125114440918,
            -21.98245620727539
          ],
          [
            27.83125114440918,
            -21.982458114624023
          ],
          [
            27.83125114440918,
            -21.982458114624023
          ],
          [
            27.831253051757812,
            -21.982454299926758
          ],
          [
            27.831253051757812,
            -21.982454299926758
          ],
          [
            27.83125877380371,
            -21.982452392578125
          ],
          [
            27.83125877380371,
            -21.982452392578125
          ],
          [
            27.831266403198242,
            -21.982444763183594
          ],
          [
            27.831266403198242,
            -21.982444763183594
          ],
          [
            27.831279754638672,
            -21.9824333190918
          ],
          [
            27.831279754638672,
            -21.9824333190918
          ],
          [
            27.83128547668457,
            -21.982425689697266
          ],
          [
            27.83128547668457,
            -21.982425689697266
          ],
          [
            27.83128547668457,
            -21.982425689697266
          ],
          [
            27.83128547668457,
            -21.982425689697266
          ],
          [
            27.83128547668457,
            -21.982425689697266
          ],
          [
            27.83128547668457,
            -21.982425689697266
          ],
          [
            27.8312931060791,
            -21.982418060302734
          ],
          [
            27.831296920776367,
            -21.982412338256836
          ],
          [
            27.831300735473633,
            -21.9824047088623
          ],
          [
            27.831296920776367,
            -21.982391357421875
          ],
          [
            27.831296920776367,
            -21.982391357421875
          ],
          [
            27.831296920776367,
            -21.98238754272461
          ],
          [
            27.831296920776367,
            -21.98238754272461
          ],
          [
            27.831296920776367,
            -21.982385635375977
          ],
          [
            27.831296920776367,
            -21.982385635375977
          ],
          [
            27.831296920776367,
            -21.982385635375977
          ],
          [
            27.831296920776367,
            -21.982385635375977
          ],
          [
            27.831296920776367,
            -21.982385635375977
          ],
          [
            27.831296920776367,
            -21.982385635375977
          ],
          [
            27.831296920776367,
            -21.982385635375977
          ],
          [
            27.831296920776367,
            -21.982385635375977
          ],
          [
            27.831296920776367,
            -21.982385635375977
          ],
          [
            27.831296920776367,
            -21.982385635375977
          ],
          [
            27.831296920776367,
            -21.982383728027344
          ],
          [
            27.831296920776367,
            -21.982383728027344
          ],
          [
            27.831296920776367,
            -21.982383728027344
          ],
          [
            27.831296920776367,
            -21.982383728027344
          ],
          [
            27.831296920776367,
            -21.982383728027344
          ],
          [
            27.831296920776367,
            -21.982383728027344
          ],
          [
            27.831296920776367,
            -21.982383728027344
          ],
          [
            27.831296920776367,
            -21.982383728027344
          ],
          [
            27.831295013427734,
            -21.982383728027344
          ],
          [
            27.831295013427734,
            -21.982383728027344
          ],
          [
            27.831295013427734,
            -21.982383728027344
          ],
          [
            27.831295013427734,
            -21.982383728027344
          ],
          [
            27.831295013427734,
            -21.982383728027344
          ],
          [
            27.831295013427734,
            -21.982383728027344
          ],
          [
            27.831295013427734,
            -21.982383728027344
          ],
          [
            27.831295013427734,
            -21.982383728027344
          ],
          [
            27.831296920776367,
            -21.982383728027344
          ],
          [
            27.831296920776367,
            -21.982383728027344
          ],
          [
            27.831296920776367,
            -21.982385635375977
          ],
          [
            27.831296920776367,
            -21.982385635375977
          ],
          [
            27.831296920776367,
            -21.982385635375977
          ],
          [
            27.831296920776367,
            -21.982385635375977
          ],
          [
            27.831296920776367,
            -21.982385635375977
          ],
          [
            27.831296920776367,
            -21.982385635375977
          ],
          [
            27.831296920776367,
            -21.982385635375977
          ],
          [
            27.831296920776367,
            -21.982385635375977
          ],
          [
            27.831296920776367,
            -21.982385635375977
          ],
          [
            27.831296920776367,
            -21.982385635375977
          ],
          [
            27.831296920776367,
            -21.982385635375977
          ],
          [
            27.831296920776367,
            -21.982385635375977
          ],
          [
            27.831296920776367,
            -21.982379913330078
          ],
          [
            27.831302642822266,
            -21.982376098632812
          ],
          [
            27.83130645751953,
            -21.982372283935547
          ],
          [
            27.83131217956543,
            -21.982370376586914
          ],
          [
            27.831317901611328,
            -21.98237419128418
          ],
          [
            27.831321716308594,
            -21.982376098632812
          ],
          [
            27.831321716308594,
            -21.982376098632812
          ],
          [
            27.831321716308594,
            -21.982372283935547
          ],
          [
            27.831321716308594,
            -21.982372283935547
          ],
          [
            27.831321716308594,
            -21.982370376586914
          ],
          [
            27.831321716308594,
            -21.982370376586914
          ],
          [
            27.831321716308594,
            -21.982370376586914
          ],
          [
            27.831321716308594,
            -21.982370376586914
          ],
          [
            27.831321716308594,
            -21.982370376586914
          ],
          [
            27.831321716308594,
            -21.982370376586914
          ],
          [
            27.831321716308594,
            -21.98236656188965
          ],
          [
            27.831321716308594,
            -21.98236083984375
          ],
          [
            27.831321716308594,
            -21.982357025146484
          ],
          [
            27.831321716308594,
            -21.982357025146484
          ],
          [
            27.83132553100586,
            -21.98235511779785
          ],
          [
            27.83132553100586,
            -21.98235511779785
          ],
          [
            27.831329345703125,
            -21.982357025146484
          ],
          [
            27.831329345703125,
            -21.982357025146484
          ],
          [
            27.831331253051758,
            -21.982358932495117
          ],
          [
            27.831331253051758,
            -21.982358932495117
          ],
          [
            27.831331253051758,
            -21.98236083984375
          ],
          [
            27.831331253051758,
            -21.98236083984375
          ],
          [
            27.831331253051758,
            -21.98236083984375
          ],
          [
            27.831331253051758,
            -21.98236083984375
          ],
          [
            27.831331253051758,
            -21.98236083984375
          ],
          [
            27.831331253051758,
            -21.98236083984375
          ],
          [
            27.831331253051758,
            -21.982358932495117
          ],
          [
            27.831331253051758,
            -21.982358932495117
          ],
          [
            27.831331253051758,
            -21.982358932495117
          ],
          [
            27.831331253051758,
            -21.982358932495117
          ],
          [
            27.831331253051758,
            -21.982358932495117
          ],
          [
            27.831331253051758,
            -21.982358932495117
          ],
          [
            27.831331253051758,
            -21.982358932495117
          ],
          [
            27.831331253051758,
            -21.982358932495117
          ],
          [
            27.831331253051758,
            -21.982358932495117
          ],
          [
            27.831331253051758,
            -21.982358932495117
          ],
          [
            27.831331253051758,
            -21.982358932495117
          ],
          [
            27.831331253051758,
            -21.982358932495117
          ],
          [
            27.831331253051758,
            -21.982358932495117
          ],
          [
            27.831331253051758,
            -21.982358932495117
          ],
          [
            27.831331253051758,
            -21.982358932495117
          ],
          [
            27.831329345703125,
            -21.982358932495117
          ],
          [
            27.831329345703125,
            -21.982358932495117
          ],
          [
            27.831329345703125,
            -21.982358932495117
          ],
          [
            27.831329345703125,
            -21.982358932495117
          ],
          [
            27.831329345703125,
            -21.982357025146484
          ],
          [
            27.831329345703125,
            -21.982357025146484
          ],
          [
            27.831327438354492,
            -21.982357025146484
          ],
          [
            27.831327438354492,
            -21.982357025146484
          ],
          [
            27.831327438354492,
            -21.982357025146484
          ],
          [
            27.831327438354492,
            -21.982357025146484
          ],
          [
            27.83132553100586,
            -21.982357025146484
          ],
          [
            27.83132553100586,
            -21.982357025146484
          ],
          [
            27.831329345703125,
            -21.982357025146484
          ],
          [
            27.831329345703125,
            -21.982357025146484
          ],
          [
            27.83133316040039,
            -21.982357025146484
          ],
          [
            27.83133316040039,
            -21.982357025146484
          ],
          [
            27.831336975097656,
            -21.982351303100586
          ],
          [
            27.831336975097656,
            -21.982351303100586
          ],
          [
            27.831340789794922,
            -21.982349395751953
          ],
          [
            27.831340789794922,
            -21.982349395751953
          ],
          [
            27.83134651184082,
            -21.982351303100586
          ],
          [
            27.83134651184082,
            -21.982351303100586
          ],
          [
            27.83135414123535,
            -21.98235321044922
          ],
          [
            27.83135414123535,
            -21.98235321044922
          ],
          [
            27.831357955932617,
            -21.982349395751953
          ],
          [
            27.831357955932617,
            -21.982349395751953
          ],
          [
            27.831357955932617,
            -21.982349395751953
          ],
          [
            27.831357955932617,
            -21.982349395751953
          ],
          [
            27.831357955932617,
            -21.982349395751953
          ],
          [
            27.831357955932617,
            -21.982349395751953
          ],
          [
            27.831357955932617,
            -21.982345581054688
          ],
          [
            27.831356048583984,
            -21.982341766357422
          ],
          [
            27.83135414123535,
            -21.98233985900879
          ],
          [
            27.83135414123535,
            -21.98233985900879
          ],
          [
            27.83135414123535,
            -21.98233985900879
          ],
          [
            27.83135414123535,
            -21.98233985900879
          ],
          [
            27.83135414123535,
            -21.98233985900879
          ],
          [
            27.83135414123535,
            -21.98233985900879
          ],
          [
            27.831356048583984,
            -21.982337951660156
          ],
          [
            27.831356048583984,
            -21.982337951660156
          ],
          [
            27.831356048583984,
            -21.982332229614258
          ],
          [
            27.831356048583984,
            -21.982332229614258
          ],
          [
            27.831357955932617,
            -21.982328414916992
          ],
          [
            27.831357955932617,
            -21.982328414916992
          ],
          [
            27.831363677978516,
            -21.982328414916992
          ],
          [
            27.831363677978516,
            -21.982328414916992
          ],
          [
            27.831371307373047,
            -21.982330322265625
          ],
          [
            27.831371307373047,
            -21.982330322265625
          ],
          [
            27.831378936767578,
            -21.982332229614258
          ],
          [
            27.831378936767578,
            -21.982332229614258
          ],
          [
            27.831384658813477,
            -21.982332229614258
          ],
          [
            27.831384658813477,
            -21.982332229614258
          ],
          [
            27.831390380859375,
            -21.982330322265625
          ],
          [
            27.831390380859375,
            -21.982330322265625
          ],
          [
            27.831396102905273,
            -21.98233413696289
          ],
          [
            27.83139991760254,
            -21.982337951660156
          ],
          [
            27.83139991760254,
            -21.982337951660156
          ],
          [
            27.831405639648438,
            -21.982336044311523
          ],
          [
            27.831405639648438,
            -21.982336044311523
          ],
          [
            27.8314094543457,
            -21.982332229614258
          ],
          [
            27.8314094543457,
            -21.982332229614258
          ],
          [
            27.831411361694336,
            -21.982328414916992
          ],
          [
            27.831411361694336,
            -21.982328414916992
          ],
          [
            27.83141326904297,
            -21.98232650756836
          ],
          [
            27.83141326904297,
            -21.98232650756836
          ],
          [
            27.8314151763916,
            -21.98232650756836
          ],
          [
            27.8314151763916,
            -21.98232650756836
          ],
          [
            27.8314151763916,
            -21.98232650756836
          ],
          [
            27.8314151763916,
            -21.98232650756836
          ],
          [
            27.8314151763916,
            -21.98232650756836
          ],
          [
            27.8314151763916,
            -21.98232650756836
          ],
          [
            27.8314151763916,
            -21.98232650756836
          ],
          [
            27.8314151763916,
            -21.98232650756836
          ],
          [
            27.8314151763916,
            -21.98232650756836
          ],
          [
            27.8314151763916,
            -21.98232650756836
          ],
          [
            27.8314151763916,
            -21.98232650756836
          ],
          [
            27.8314151763916,
            -21.98232650756836
          ],
          [
            27.8314151763916,
            -21.98232650756836
          ],
          [
            27.8314151763916,
            -21.98232650756836
          ],
          [
            27.831417083740234,
            -21.982328414916992
          ],
          [
            27.831417083740234,
            -21.982328414916992
          ],
          [
            27.831417083740234,
            -21.982328414916992
          ],
          [
            27.831417083740234,
            -21.982328414916992
          ],
          [
            27.831417083740234,
            -21.982328414916992
          ],
          [
            27.831417083740234,
            -21.982328414916992
          ],
          [
            27.831417083740234,
            -21.982328414916992
          ],
          [
            27.831417083740234,
            -21.982328414916992
          ],
          [
            27.831417083740234,
            -21.982328414916992
          ],
          [
            27.831417083740234,
            -21.982328414916992
          ],
          [
            27.831417083740234,
            -21.982328414916992
          ],
          [
            27.831417083740234,
            -21.982328414916992
          ],
          [
            27.831417083740234,
            -21.982328414916992
          ],
          [
            27.8314151763916,
            -21.982330322265625
          ],
          [
            27.8314151763916,
            -21.982330322265625
          ],
          [
            27.8314151763916,
            -21.982330322265625
          ],
          [
            27.8314151763916,
            -21.982330322265625
          ],
          [
            27.8314151763916,
            -21.982330322265625
          ],
          [
            27.831417083740234,
            -21.982330322265625
          ],
          [
            27.831417083740234,
            -21.982330322265625
          ],
          [
            27.831417083740234,
            -21.982332229614258
          ],
          [
            27.831417083740234,
            -21.982332229614258
          ],
          [
            27.831417083740234,
            -21.982332229614258
          ],
          [
            27.8314151763916,
            -21.982332229614258
          ],
          [
            27.8314151763916,
            -21.982332229614258
          ],
          [
            27.83141326904297,
            -21.98233413696289
          ],
          [
            27.83141326904297,
            -21.98233413696289
          ],
          [
            27.83141326904297,
            -21.982336044311523
          ],
          [
            27.83141326904297,
            -21.982336044311523
          ],
          [
            27.831411361694336,
            -21.982337951660156
          ],
          [
            27.831411361694336,
            -21.982337951660156
          ],
          [
            27.831411361694336,
            -21.982337951660156
          ],
          [
            27.831411361694336,
            -21.982337951660156
          ],
          [
            27.8314094543457,
            -21.98233985900879
          ],
          [
            27.8314094543457,
            -21.98233985900879
          ],
          [
            27.8314094543457,
            -21.98233985900879
          ],
          [
            27.8314094543457,
            -21.98233985900879
          ],
          [
            27.8314094543457,
            -21.982341766357422
          ],
          [
            27.8314094543457,
            -21.982341766357422
          ],
          [
            27.8314094543457,
            -21.982341766357422
          ],
          [
            27.8314094543457,
            -21.982341766357422
          ],
          [
            27.8314094543457,
            -21.982341766357422
          ],
          [
            27.8314094543457,
            -21.982341766357422
          ],
          [
            27.8314094543457,
            -21.982341766357422
          ],
          [
            27.8314094543457,
            -21.982341766357422
          ],
          [
            27.8314094543457,
            -21.982341766357422
          ],
          [
            27.8314094543457,
            -21.982341766357422
          ],
          [
            27.83140754699707,
            -21.982341766357422
          ],
          [
            27.83140754699707,
            -21.982341766357422
          ],
          [
            27.83140754699707,
            -21.982343673706055
          ],
          [
            27.83140754699707,
            -21.982343673706055
          ],
          [
            27.831405639648438,
            -21.982343673706055
          ],
          [
            27.831405639648438,
            -21.982343673706055
          ],
          [
            27.831405639648438,
            -21.982343673706055
          ],
          [
            27.831405639648438,
            -21.982343673706055
          ],
          [
            27.83140754699707,
            -21.982343673706055
          ],
          [
            27.83140754699707,
            -21.982343673706055
          ],
          [
            27.8314094543457,
            -21.982345581054688
          ],
          [
            27.8314094543457,
            -21.982345581054688
          ],
          [
            27.831411361694336,
            -21.982345581054688
          ],
          [
            27.831411361694336,
            -21.982345581054688
          ],
          [
            27.8314151763916,
            -21.982345581054688
          ],
          [
            27.8314151763916,
            -21.982345581054688
          ],
          [
            27.831418991088867,
            -21.982345581054688
          ],
          [
            27.831418991088867,
            -21.982345581054688
          ],
          [
            27.8314208984375,
            -21.98234748840332
          ],
          [
            27.8314208984375,
            -21.98234748840332
          ],
          [
            27.831422805786133,
            -21.982349395751953
          ],
          [
            27.831422805786133,
            -21.982349395751953
          ],
          [
            27.831422805786133,
            -21.982349395751953
          ],
          [
            27.831422805786133,
            -21.982349395751953
          ],
          [
            27.831422805786133,
            -21.982349395751953
          ],
          [
            27.831422805786133,
            -21.982349395751953
          ],
          [
            27.831424713134766,
            -21.982351303100586
          ],
          [
            27.83142852783203,
            -21.98235511779785
          ],
          [
            27.83143424987793,
            -21.982358932495117
          ],
          [
            27.831439971923828,
            -21.98236083984375
          ],
          [
            27.83144187927246,
            -21.982362747192383
          ],
          [
            27.83144187927246,
            -21.982362747192383
          ],
          [
            27.83144187927246,
            -21.982362747192383
          ],
          [
            27.83144187927246,
            -21.982362747192383
          ],
          [
            27.831443786621094,
            -21.982364654541016
          ],
          [
            27.831443786621094,
            -21.982364654541016
          ],
          [
            27.831445693969727,
            -21.982370376586914
          ],
          [
            27.831445693969727,
            -21.982372283935547
          ],
          [
            27.831445693969727,
            -21.982372283935547
          ],
          [
            27.831445693969727,
            -21.982372283935547
          ],
          [
            27.831445693969727,
            -21.982376098632812
          ],
          [
            27.831445693969727,
            -21.982376098632812
          ],
          [
            27.831445693969727,
            -21.982376098632812
          ],
          [
            27.831445693969727,
            -21.982378005981445
          ],
          [
            27.831445693969727,
            -21.982378005981445
          ],
          [
            27.831443786621094,
            -21.982378005981445
          ],
          [
            27.831443786621094,
            -21.982378005981445
          ],
          [
            27.831443786621094,
            -21.982379913330078
          ],
          [
            27.831443786621094,
            -21.982379913330078
          ],
          [
            27.83144187927246,
            -21.982379913330078
          ],
          [
            27.83144187927246,
            -21.982379913330078
          ],
          [
            27.83144187927246,
            -21.982376098632812
          ],
          [
            27.83144187927246,
            -21.982376098632812
          ],
          [
            27.83144187927246,
            -21.982376098632812
          ],
          [
            27.83144187927246,
            -21.982376098632812
          ],
          [
            27.83144187927246,
            -21.982376098632812
          ],
          [
            27.83144187927246,
            -21.982376098632812
          ],
          [
            27.83144187927246,
            -21.982376098632812
          ],
          [
            27.83144187927246,
            -21.982376098632812
          ],
          [
            27.83144187927246,
            -21.982376098632812
          ],
          [
            27.83144187927246,
            -21.982376098632812
          ],
          [
            27.83144187927246,
            -21.982376098632812
          ],
          [
            27.83144187927246,
            -21.982376098632812
          ],
          [
            27.83144187927246,
            -21.982376098632812
          ],
          [
            27.831439971923828,
            -21.982376098632812
          ],
          [
            27.8314380645752,
            -21.982376098632812
          ],
          [
            27.831436157226562,
            -21.982378005981445
          ],
          [
            27.831436157226562,
            -21.982378005981445
          ],
          [
            27.83143424987793,
            -21.982378005981445
          ],
          [
            27.83143424987793,
            -21.982378005981445
          ],
          [
            27.83143424987793,
            -21.982378005981445
          ],
          [
            27.83143424987793,
            -21.982379913330078
          ],
          [
            27.83143424987793,
            -21.982379913330078
          ],
          [
            27.83143424987793,
            -21.982379913330078
          ],
          [
            27.83143424987793,
            -21.982379913330078
          ],
          [
            27.8314323425293,
            -21.982379913330078
          ],
          [
            27.8314323425293,
            -21.982379913330078
          ],
          [
            27.8314323425293,
            -21.982379913330078
          ],
          [
            27.8314323425293,
            -21.982379913330078
          ],
          [
            27.8314323425293,
            -21.982379913330078
          ],
          [
            27.8314323425293,
            -21.982379913330078
          ],
          [
            27.831430435180664,
            -21.982379913330078
          ],
          [
            27.831430435180664,
            -21.982379913330078
          ],
          [
            27.83142852783203,
            -21.982379913330078
          ],
          [
            27.83142852783203,
            -21.982379913330078
          ],
          [
            27.83142852783203,
            -21.982379913330078
          ],
          [
            27.83142852783203,
            -21.982379913330078
          ],
          [
            27.83142852783203,
            -21.982379913330078
          ],
          [
            27.83142852783203,
            -21.982379913330078
          ],
          [
            27.8314323425293,
            -21.982378005981445
          ],
          [
            27.83143424987793,
            -21.982379913330078
          ],
          [
            27.83143424987793,
            -21.982379913330078
          ],
          [
            27.8314323425293,
            -21.982379913330078
          ],
          [
            27.8314323425293,
            -21.982379913330078
          ],
          [
            27.8314323425293,
            -21.982379913330078
          ],
          [
            27.8314323425293,
            -21.982379913330078
          ],
          [
            27.8314323425293,
            -21.982379913330078
          ],
          [
            27.8314323425293,
            -21.982379913330078
          ],
          [
            27.831430435180664,
            -21.98238182067871
          ],
          [
            27.831430435180664,
            -21.98238182067871
          ],
          [
            27.8314266204834,
            -21.982379913330078
          ],
          [
            27.8314266204834,
            -21.982379913330078
          ],
          [
            27.831422805786133,
            -21.982379913330078
          ],
          [
            27.831422805786133,
            -21.982379913330078
          ],
          [
            27.83142852783203,
            -21.982370376586914
          ],
          [
            27.83142852783203,
            -21.982370376586914
          ],
          [
            27.8314266204834,
            -21.98236846923828
          ],
          [
            27.8314266204834,
            -21.98236846923828
          ],
          [
            27.83142852783203,
            -21.98236846923828
          ],
          [
            27.83142852783203,
            -21.98236846923828
          ],
          [
            27.83142852783203,
            -21.98236846923828
          ],
          [
            27.83142852783203,
            -21.98236846923828
          ],
          [
            27.83142852783203,
            -21.98236846923828
          ],
          [
            27.83142852783203,
            -21.98236846923828
          ],
          [
            27.83142852783203,
            -21.98236656188965
          ],
          [
            27.83142852783203,
            -21.98236656188965
          ],
          [
            27.83142852783203,
            -21.98236656188965
          ],
          [
            27.83142852783203,
            -21.98236656188965
          ],
          [
            27.83142852783203,
            -21.98236656188965
          ],
          [
            27.83142852783203,
            -21.98236656188965
          ],
          [
            27.83142852783203,
            -21.982364654541016
          ],
          [
            27.83142852783203,
            -21.982364654541016
          ],
          [
            27.83142852783203,
            -21.982364654541016
          ],
          [
            27.83142852783203,
            -21.982364654541016
          ],
          [
            27.83142852783203,
            -21.982364654541016
          ],
          [
            27.83142852783203,
            -21.982364654541016
          ],
          [
            27.83142852783203,
            -21.982364654541016
          ],
          [
            27.83142852783203,
            -21.982364654541016
          ],
          [
            27.83142852783203,
            -21.982364654541016
          ],
          [
            27.83142852783203,
            -21.982364654541016
          ],
          [
            27.831430435180664,
            -21.98236846923828
          ],
          [
            27.831430435180664,
            -21.98236846923828
          ],
          [
            27.8314323425293,
            -21.982370376586914
          ],
          [
            27.8314323425293,
            -21.982370376586914
          ],
          [
            27.8314323425293,
            -21.982372283935547
          ],
          [
            27.83143424987793,
            -21.982376098632812
          ],
          [
            27.83143424987793,
            -21.982376098632812
          ],
          [
            27.831436157226562,
            -21.982379913330078
          ],
          [
            27.831436157226562,
            -21.982379913330078
          ],
          [
            27.831436157226562,
            -21.982379913330078
          ],
          [
            27.831439971923828,
            -21.982383728027344
          ],
          [
            27.83144187927246,
            -21.98238754272461
          ],
          [
            27.83144187927246,
            -21.98238754272461
          ],
          [
            27.831443786621094,
            -21.982389450073242
          ],
          [
            27.831443786621094,
            -21.982389450073242
          ],
          [
            27.831443786621094,
            -21.982389450073242
          ],
          [
            27.831443786621094,
            -21.982389450073242
          ],
          [
            27.831443786621094,
            -21.982389450073242
          ],
          [
            27.831443786621094,
            -21.982389450073242
          ],
          [
            27.831443786621094,
            -21.982393264770508
          ],
          [
            27.831445693969727,
            -21.982393264770508
          ],
          [
            27.831445693969727,
            -21.982393264770508
          ],
          [
            27.831449508666992,
            -21.982397079467773
          ],
          [
            27.831451416015625,
            -21.98240089416504
          ],
          [
            27.831451416015625,
            -21.98240089416504
          ],
          [
            27.83145523071289,
            -21.982402801513672
          ],
          [
            27.83145523071289,
            -21.982402801513672
          ],
          [
            27.831457138061523,
            -21.9824047088623
          ],
          [
            27.831457138061523,
            -21.9824047088623
          ],
          [
            27.831459045410156,
            -21.9824047088623
          ],
          [
            27.831459045410156,
            -21.9824047088623
          ],
          [
            27.831459045410156,
            -21.9824047088623
          ],
          [
            27.831459045410156,
            -21.9824047088623
          ],
          [
            27.831459045410156,
            -21.9824047088623
          ],
          [
            27.831459045410156,
            -21.9824047088623
          ],
          [
            27.83146095275879,
            -21.9824047088623
          ],
          [
            27.83146095275879,
            -21.9824047088623
          ],
          [
            27.83146095275879,
            -21.9824047088623
          ],
          [
            27.83146095275879,
            -21.9824047088623
          ],
          [
            27.83146095275879,
            -21.9824047088623
          ],
          [
            27.83146095275879,
            -21.9824047088623
          ],
          [
            27.83146095275879,
            -21.9824047088623
          ],
          [
            27.83146095275879,
            -21.9824047088623
          ],
          [
            27.83146095275879,
            -21.9824047088623
          ],
          [
            27.83146095275879,
            -21.9824047088623
          ],
          [
            27.83146095275879,
            -21.9824047088623
          ],
          [
            27.83146095275879,
            -21.9824047088623
          ],
          [
            27.83146095275879,
            -21.9824047088623
          ],
          [
            27.83146095275879,
            -21.9824047088623
          ],
          [
            27.83146095275879,
            -21.9824047088623
          ],
          [
            27.83146095275879,
            -21.9824047088623
          ],
          [
            27.83146095275879,
            -21.9824047088623
          ],
          [
            27.831462860107422,
            -21.9824047088623
          ],
          [
            27.831462860107422,
            -21.9824047088623
          ],
          [
            27.831459045410156,
            -21.98240089416504
          ],
          [
            27.831459045410156,
            -21.98240089416504
          ],
          [
            27.831462860107422,
            -21.982402801513672
          ],
          [
            27.831462860107422,
            -21.982402801513672
          ],
          [
            27.831464767456055,
            -21.9824047088623
          ],
          [
            27.831464767456055,
            -21.9824047088623
          ],
          [
            27.831466674804688,
            -21.982406616210938
          ],
          [
            27.831466674804688,
            -21.982406616210938
          ],
          [
            27.83146858215332,
            -21.9824104309082
          ],
          [
            27.83146858215332,
            -21.9824104309082
          ],
          [
            27.831472396850586,
            -21.9824104309082
          ],
          [
            27.831472396850586,
            -21.9824104309082
          ],
          [
            27.83147621154785,
            -21.982412338256836
          ],
          [
            27.83147621154785,
            -21.982412338256836
          ],
          [
            27.83147621154785,
            -21.98241424560547
          ],
          [
            27.83147621154785,
            -21.98241424560547
          ],
          [
            27.831478118896484,
            -21.982419967651367
          ],
          [
            27.831478118896484,
            -21.982419967651367
          ],
          [
            27.83148193359375,
            -21.982421875
          ],
          [
            27.83148193359375,
            -21.982421875
          ],
          [
            27.83148765563965,
            -21.982421875
          ],
          [
            27.83148765563965,
            -21.982421875
          ],
          [
            27.83148765563965,
            -21.982421875
          ],
          [
            27.83148765563965,
            -21.982421875
          ],
          [
            27.83148765563965,
            -21.982421875
          ],
          [
            27.83148765563965,
            -21.982421875
          ],
          [
            27.831491470336914,
            -21.982421875
          ],
          [
            27.83149528503418,
            -21.982425689697266
          ],
          [
            27.831497192382812,
            -21.98242950439453
          ],
          [
            27.831501007080078,
            -21.982431411743164
          ],
          [
            27.831504821777344,
            -21.98243522644043
          ],
          [
            27.831504821777344,
            -21.98243522644043
          ],
          [
            27.83150863647461,
            -21.982437133789062
          ],
          [
            27.83150863647461,
            -21.982437133789062
          ],
          [
            27.83150863647461,
            -21.98244285583496
          ],
          [
            27.83150863647461,
            -21.98244285583496
          ],
          [
            27.83150863647461,
            -21.982446670532227
          ],
          [
            27.83150863647461,
            -21.982446670532227
          ],
          [
            27.831510543823242,
            -21.982450485229492
          ],
          [
            27.831510543823242,
            -21.982450485229492
          ],
          [
            27.831512451171875,
            -21.982454299926758
          ],
          [
            27.831512451171875,
            -21.982454299926758
          ],
          [
            27.831514358520508,
            -21.982458114624023
          ],
          [
            27.831514358520508,
            -21.982458114624023
          ],
          [
            27.831518173217773,
            -21.98246192932129
          ],
          [
            27.831518173217773,
            -21.98246192932129
          ],
          [
            27.831520080566406,
            -21.982465744018555
          ],
          [
            27.831520080566406,
            -21.982465744018555
          ],
          [
            27.83152198791504,
            -21.982471466064453
          ],
          [
            27.8315258026123,
            -21.98247718811035
          ],
          [
            27.8315258026123,
            -21.98247718811035
          ],
          [
            27.831527709960938,
            -21.98248291015625
          ],
          [
            27.831527709960938,
            -21.98248291015625
          ],
          [
            27.83152961730957,
            -21.982486724853516
          ],
          [
            27.83152961730957,
            -21.982486724853516
          ],
          [
            27.831533432006836,
            -21.98249053955078
          ],
          [
            27.831533432006836,
            -21.98249053955078
          ],
          [
            27.83153533935547,
            -21.982494354248047
          ],
          [
            27.83153533935547,
            -21.982494354248047
          ],
          [
            27.831539154052734,
            -21.98249626159668
          ],
          [
            27.831539154052734,
            -21.98249626159668
          ],
          [
            27.83154296875,
            -21.982500076293945
          ],
          [
            27.83154296875,
            -21.982500076293945
          ],
          [
            27.831544876098633,
            -21.982501983642578
          ],
          [
            27.831544876098633,
            -21.982501983642578
          ],
          [
            27.831546783447266,
            -21.982505798339844
          ],
          [
            27.831546783447266,
            -21.982505798339844
          ],
          [
            27.831546783447266,
            -21.982505798339844
          ],
          [
            27.831546783447266,
            -21.982505798339844
          ],
          [
            27.8315486907959,
            -21.982507705688477
          ],
          [
            27.8315486907959,
            -21.982507705688477
          ],
          [
            27.83155059814453,
            -21.982511520385742
          ],
          [
            27.83155059814453,
            -21.982511520385742
          ],
          [
            27.831552505493164,
            -21.982513427734375
          ],
          [
            27.831552505493164,
            -21.982513427734375
          ],
          [
            27.831558227539062,
            -21.982513427734375
          ],
          [
            27.831558227539062,
            -21.982513427734375
          ],
          [
            27.8315601348877,
            -21.982515335083008
          ],
          [
            27.8315601348877,
            -21.982515335083008
          ],
          [
            27.8315601348877,
            -21.982515335083008
          ],
          [
            27.8315601348877,
            -21.982515335083008
          ],
          [
            27.8315601348877,
            -21.982515335083008
          ],
          [
            27.8315601348877,
            -21.982515335083008
          ],
          [
            27.8315601348877,
            -21.982515335083008
          ],
          [
            27.8315601348877,
            -21.982515335083008
          ],
          [
            27.8315601348877,
            -21.982515335083008
          ],
          [
            27.8315601348877,
            -21.982515335083008
          ],
          [
            27.8315601348877,
            -21.982515335083008
          ],
          [
            27.831562042236328,
            -21.982515335083008
          ],
          [
            27.83156394958496,
            -21.982513427734375
          ],
          [
            27.831565856933594,
            -21.982513427734375
          ],
          [
            27.831567764282227,
            -21.982511520385742
          ],
          [
            27.831567764282227,
            -21.982511520385742
          ],
          [
            27.831567764282227,
            -21.982511520385742
          ],
          [
            27.831567764282227,
            -21.982511520385742
          ],
          [
            27.831567764282227,
            -21.982511520385742
          ],
          [
            27.831567764282227,
            -21.982511520385742
          ],
          [
            27.831567764282227,
            -21.982511520385742
          ],
          [
            27.831567764282227,
            -21.982511520385742
          ],
          [
            27.83156967163086,
            -21.98250961303711
          ],
          [
            27.83156967163086,
            -21.98250961303711
          ],
          [
            27.83156967163086,
            -21.98250961303711
          ],
          [
            27.831571578979492,
            -21.98250961303711
          ],
          [
            27.831571578979492,
            -21.98250961303711
          ],
          [
            27.831571578979492,
            -21.98250961303711
          ],
          [
            27.831573486328125,
            -21.98250961303711
          ],
          [
            27.831573486328125,
            -21.98250961303711
          ],
          [
            27.831573486328125,
            -21.98250961303711
          ],
          [
            27.831573486328125,
            -21.98250961303711
          ],
          [
            27.831573486328125,
            -21.98250961303711
          ],
          [
            27.831573486328125,
            -21.98250961303711
          ],
          [
            27.831573486328125,
            -21.98250961303711
          ],
          [
            27.831573486328125,
            -21.98250961303711
          ],
          [
            27.83157730102539,
            -21.98250961303711
          ],
          [
            27.83158302307129,
            -21.98250961303711
          ],
          [
            27.831588745117188,
            -21.982505798339844
          ],
          [
            27.83159065246582,
            -21.982505798339844
          ],
          [
            27.83159065246582,
            -21.982505798339844
          ],
          [
            27.831592559814453,
            -21.982505798339844
          ],
          [
            27.83159065246582,
            -21.982505798339844
          ],
          [
            27.83159065246582,
            -21.982507705688477
          ],
          [
            27.83159065246582,
            -21.982507705688477
          ],
          [
            27.83159065246582,
            -21.982507705688477
          ],
          [
            27.83159065246582,
            -21.982507705688477
          ],
          [
            27.83159065246582,
            -21.98250961303711
          ],
          [
            27.83159065246582,
            -21.98250961303711
          ],
          [
            27.83159065246582,
            -21.98250961303711
          ],
          [
            27.83159065246582,
            -21.98250961303711
          ],
          [
            27.83159065246582,
            -21.98250961303711
          ],
          [
            27.83159065246582,
            -21.98250961303711
          ],
          [
            27.831588745117188,
            -21.98250961303711
          ],
          [
            27.831588745117188,
            -21.98250961303711
          ],
          [
            27.831588745117188,
            -21.982511520385742
          ],
          [
            27.831588745117188,
            -21.982511520385742
          ],
          [
            27.831588745117188,
            -21.982511520385742
          ],
          [
            27.831588745117188,
            -21.982511520385742
          ],
          [
            27.831594467163086,
            -21.98250961303711
          ],
          [
            27.831594467163086,
            -21.98250961303711
          ],
          [
            27.83160400390625,
            -21.98250961303711
          ],
          [
            27.83160400390625,
            -21.98250961303711
          ],
          [
            27.83161163330078,
            -21.982511520385742
          ],
          [
            27.83161163330078,
            -21.982511520385742
          ],
          [
            27.83161735534668,
            -21.982515335083008
          ],
          [
            27.83161735534668,
            -21.982515335083008
          ],
          [
            27.831619262695312,
            -21.98252296447754
          ],
          [
            27.831619262695312,
            -21.98252296447754
          ],
          [
            27.831619262695312,
            -21.98252296447754
          ],
          [
            27.831619262695312,
            -21.98252296447754
          ],
          [
            27.831619262695312,
            -21.98252296447754
          ],
          [
            27.83161735534668,
            -21.9825267791748
          ],
          [
            27.83161735534668,
            -21.9825267791748
          ],
          [
            27.83161735534668,
            -21.9825267791748
          ],
          [
            27.83161735534668,
            -21.9825267791748
          ],
          [
            27.831623077392578,
            -21.9825267791748
          ],
          [
            27.831628799438477,
            -21.982534408569336
          ],
          [
            27.831632614135742,
            -21.982542037963867
          ],
          [
            27.831632614135742,
            -21.982542037963867
          ],
          [
            27.83163833618164,
            -21.9825439453125
          ],
          [
            27.83163833618164,
            -21.9825439453125
          ],
          [
            27.83164405822754,
            -21.982540130615234
          ],
          [
            27.831649780273438,
            -21.982540130615234
          ],
          [
            27.831649780273438,
            -21.982540130615234
          ],
          [
            27.8316535949707,
            -21.982540130615234
          ],
          [
            27.8316535949707,
            -21.982540130615234
          ],
          [
            27.8316535949707,
            -21.9825439453125
          ],
          [
            27.8316535949707,
            -21.982545852661133
          ],
          [
            27.8316535949707,
            -21.982545852661133
          ],
          [
            27.8316535949707,
            -21.982545852661133
          ],
          [
            27.8316535949707,
            -21.982545852661133
          ],
          [
            27.8316535949707,
            -21.982545852661133
          ],
          [
            27.8316535949707,
            -21.982547760009766
          ],
          [
            27.8316535949707,
            -21.982547760009766
          ],
          [
            27.8316535949707,
            -21.982547760009766
          ],
          [
            27.8316535949707,
            -21.982547760009766
          ],
          [
            27.83165740966797,
            -21.98255157470703
          ],
          [
            27.83165740966797,
            -21.98255157470703
          ],
          [
            27.831663131713867,
            -21.98255157470703
          ],
          [
            27.831663131713867,
            -21.98255157470703
          ],
          [
            27.8316707611084,
            -21.98255157470703
          ],
          [
            27.8316707611084,
            -21.98255157470703
          ],
          [
            27.83167839050293,
            -21.98255157470703
          ],
          [
            27.83167839050293,
            -21.98255157470703
          ],
          [
            27.83168601989746,
            -21.9825553894043
          ],
          [
            27.831693649291992,
            -21.982559204101562
          ],
          [
            27.831701278686523,
            -21.98256492614746
          ],
          [
            27.831701278686523,
            -21.98256492614746
          ],
          [
            27.831701278686523,
            -21.982574462890625
          ],
          [
            27.831701278686523,
            -21.982574462890625
          ],
          [
            27.831701278686523,
            -21.98258399963379
          ],
          [
            27.831701278686523,
            -21.98258399963379
          ],
          [
            27.831703186035156,
            -21.982589721679688
          ],
          [
            27.831703186035156,
            -21.982589721679688
          ],
          [
            27.831708908081055,
            -21.982593536376953
          ],
          [
            27.831708908081055,
            -21.982593536376953
          ],
          [
            27.83171844482422,
            -21.982595443725586
          ],
          [
            27.83171844482422,
            -21.982595443725586
          ],
          [
            27.831724166870117,
            -21.98259925842285
          ],
          [
            27.83172607421875,
            -21.98259925842285
          ],
          [
            27.83172607421875,
            -21.98259925842285
          ],
          [
            27.831724166870117,
            -21.982603073120117
          ],
          [
            27.831724166870117,
            -21.982603073120117
          ],
          [
            27.831724166870117,
            -21.982603073120117
          ],
          [
            27.831724166870117,
            -21.982603073120117
          ],
          [
            27.831724166870117,
            -21.982603073120117
          ],
          [
            27.831724166870117,
            -21.982603073120117
          ],
          [
            27.831724166870117,
            -21.982608795166016
          ],
          [
            27.831727981567383,
            -21.98261260986328
          ],
          [
            27.831727981567383,
            -21.982614517211914
          ],
          [
            27.831729888916016,
            -21.982614517211914
          ],
          [
            27.831729888916016,
            -21.982614517211914
          ],
          [
            27.831729888916016,
            -21.982614517211914
          ],
          [
            27.831729888916016,
            -21.982614517211914
          ],
          [
            27.831729888916016,
            -21.982614517211914
          ],
          [
            27.831729888916016,
            -21.982614517211914
          ],
          [
            27.831729888916016,
            -21.982614517211914
          ],
          [
            27.831729888916016,
            -21.982614517211914
          ],
          [
            27.831729888916016,
            -21.982614517211914
          ],
          [
            27.831729888916016,
            -21.982614517211914
          ],
          [
            27.831729888916016,
            -21.982614517211914
          ],
          [
            27.831729888916016,
            -21.982614517211914
          ],
          [
            27.831729888916016,
            -21.982614517211914
          ],
          [
            27.831727981567383,
            -21.982614517211914
          ],
          [
            27.831727981567383,
            -21.982614517211914
          ],
          [
            27.831727981567383,
            -21.982614517211914
          ],
          [
            27.831727981567383,
            -21.982614517211914
          ],
          [
            27.831727981567383,
            -21.982614517211914
          ],
          [
            27.831727981567383,
            -21.982614517211914
          ],
          [
            27.83173179626465,
            -21.982614517211914
          ],
          [
            27.83173179626465,
            -21.982614517211914
          ],
          [
            27.831741333007812,
            -21.98261833190918
          ],
          [
            27.831741333007812,
            -21.98261833190918
          ],
          [
            27.831748962402344,
            -21.98262596130371
          ],
          [
            27.831748962402344,
            -21.98262596130371
          ],
          [
            27.831756591796875,
            -21.982629776000977
          ],
          [
            27.831756591796875,
            -21.982629776000977
          ],
          [
            27.831764221191406,
            -21.982635498046875
          ],
          [
            27.831764221191406,
            -21.982635498046875
          ],
          [
            27.83177375793457,
            -21.982641220092773
          ],
          [
            27.83177375793457,
            -21.982641220092773
          ],
          [
            27.831783294677734,
            -21.9826488494873
          ],
          [
            27.831783294677734,
            -21.9826488494873
          ],
          [
            27.831790924072266,
            -21.9826545715332
          ],
          [
            27.831790924072266,
            -21.9826545715332
          ],
          [
            27.83180046081543,
            -21.98265838623047
          ],
          [
            27.831811904907227,
            -21.982662200927734
          ],
          [
            27.831811904907227,
            -21.982662200927734
          ],
          [
            27.831819534301758,
            -21.982667922973633
          ],
          [
            27.831819534301758,
            -21.982667922973633
          ],
          [
            27.831829071044922,
            -21.98267364501953
          ],
          [
            27.831829071044922,
            -21.98267364501953
          ],
          [
            27.831838607788086,
            -21.982681274414062
          ],
          [
            27.831838607788086,
            -21.982681274414062
          ],
          [
            27.831850051879883,
            -21.982688903808594
          ],
          [
            27.831850051879883,
            -21.982688903808594
          ],
          [
            27.831859588623047,
            -21.982694625854492
          ],
          [
            27.831859588623047,
            -21.982694625854492
          ],
          [
            27.831867218017578,
            -21.982702255249023
          ],
          [
            27.831867218017578,
            -21.982702255249023
          ],
          [
            27.831876754760742,
            -21.982707977294922
          ],
          [
            27.831876754760742,
            -21.982707977294922
          ],
          [
            27.831884384155273,
            -21.982715606689453
          ],
          [
            27.831884384155273,
            -21.982715606689453
          ],
          [
            27.831893920898438,
            -21.98272132873535
          ],
          [
            27.831893920898438,
            -21.98272132873535
          ],
          [
            27.831893920898438,
            -21.98272132873535
          ],
          [
            27.831893920898438,
            -21.98272132873535
          ],
          [
            27.831893920898438,
            -21.98272132873535
          ],
          [
            27.8319034576416,
            -21.98272705078125
          ],
          [
            27.8319091796875,
            -21.982744216918945
          ],
          [
            27.831907272338867,
            -21.982755661010742
          ],
          [
            27.831907272338867,
            -21.982765197753906
          ],
          [
            27.831907272338867,
            -21.982765197753906
          ],
          [
            27.831907272338867,
            -21.98276710510254
          ],
          [
            27.831907272338867,
            -21.98276710510254
          ],
          [
            27.8319091796875,
            -21.98276138305664
          ],
          [
            27.8319091796875,
            -21.98276138305664
          ],
          [
            27.831907272338867,
            -21.982757568359375
          ],
          [
            27.831907272338867,
            -21.982757568359375
          ],
          [
            27.831907272338867,
            -21.982755661010742
          ],
          [
            27.831907272338867,
            -21.982755661010742
          ],
          [
            27.831907272338867,
            -21.982755661010742
          ],
          [
            27.831907272338867,
            -21.982755661010742
          ],
          [
            27.831907272338867,
            -21.982755661010742
          ],
          [
            27.831907272338867,
            -21.982755661010742
          ],
          [
            27.8319091796875,
            -21.982755661010742
          ],
          [
            27.8319091796875,
            -21.982757568359375
          ],
          [
            27.8319091796875,
            -21.982757568359375
          ],
          [
            27.8319091796875,
            -21.982757568359375
          ],
          [
            27.8319091796875,
            -21.982755661010742
          ],
          [
            27.8319091796875,
            -21.982751846313477
          ],
          [
            27.8319091796875,
            -21.982751846313477
          ],
          [
            27.8319091796875,
            -21.982751846313477
          ],
          [
            27.831912994384766,
            -21.98274803161621
          ],
          [
            27.8319149017334,
            -21.982749938964844
          ],
          [
            27.8319149017334,
            -21.982749938964844
          ],
          [
            27.831912994384766,
            -21.982749938964844
          ],
          [
            27.831912994384766,
            -21.982749938964844
          ],
          [
            27.831912994384766,
            -21.982751846313477
          ],
          [
            27.831912994384766,
            -21.982751846313477
          ],
          [
            27.831912994384766,
            -21.982751846313477
          ],
          [
            27.831911087036133,
            -21.98275375366211
          ],
          [
            27.831911087036133,
            -21.98275375366211
          ],
          [
            27.831911087036133,
            -21.98275375366211
          ],
          [
            27.831911087036133,
            -21.98275375366211
          ],
          [
            27.831911087036133,
            -21.98275375366211
          ],
          [
            27.831911087036133,
            -21.98275375366211
          ],
          [
            27.831911087036133,
            -21.98275375366211
          ],
          [
            27.831911087036133,
            -21.98275375366211
          ],
          [
            27.831911087036133,
            -21.98275375366211
          ],
          [
            27.831911087036133,
            -21.98275375366211
          ],
          [
            27.831911087036133,
            -21.98275375366211
          ],
          [
            27.831911087036133,
            -21.98275375366211
          ],
          [
            27.831911087036133,
            -21.98275375366211
          ],
          [
            27.831911087036133,
            -21.98275375366211
          ],
          [
            27.831911087036133,
            -21.98275375366211
          ],
          [
            27.831911087036133,
            -21.98275375366211
          ],
          [
            27.831911087036133,
            -21.98275375366211
          ],
          [
            27.8319091796875,
            -21.982751846313477
          ],
          [
            27.8319091796875,
            -21.982751846313477
          ],
          [
            27.8319091796875,
            -21.982751846313477
          ],
          [
            27.8319091796875,
            -21.982751846313477
          ],
          [
            27.8319091796875,
            -21.982751846313477
          ],
          [
            27.8319091796875,
            -21.982751846313477
          ],
          [
            27.8319091796875,
            -21.982751846313477
          ],
          [
            27.8319091796875,
            -21.982751846313477
          ],
          [
            27.8319091796875,
            -21.982751846313477
          ],
          [
            27.8319091796875,
            -21.982751846313477
          ],
          [
            27.831907272338867,
            -21.982751846313477
          ],
          [
            27.831907272338867,
            -21.982751846313477
          ],
          [
            27.831907272338867,
            -21.982751846313477
          ],
          [
            27.831907272338867,
            -21.982751846313477
          ],
          [
            27.831907272338867,
            -21.982751846313477
          ],
          [
            27.831907272338867,
            -21.982751846313477
          ],
          [
            27.831905364990234,
            -21.982751846313477
          ],
          [
            27.831905364990234,
            -21.982751846313477
          ],
          [
            27.831905364990234,
            -21.982751846313477
          ],
          [
            27.831905364990234,
            -21.982751846313477
          ],
          [
            27.831905364990234,
            -21.982751846313477
          ],
          [
            27.831905364990234,
            -21.982751846313477
          ],
          [
            27.831905364990234,
            -21.982751846313477
          ],
          [
            27.831905364990234,
            -21.982751846313477
          ],
          [
            27.831905364990234,
            -21.982751846313477
          ],
          [
            27.831905364990234,
            -21.982749938964844
          ],
          [
            27.831905364990234,
            -21.982749938964844
          ],
          [
            27.8319034576416,
            -21.982749938964844
          ],
          [
            27.8319034576416,
            -21.982749938964844
          ],
          [
            27.8319034576416,
            -21.982749938964844
          ],
          [
            27.83190155029297,
            -21.982749938964844
          ],
          [
            27.83190155029297,
            -21.982749938964844
          ],
          [
            27.83190155029297,
            -21.982749938964844
          ],
          [
            27.83190155029297,
            -21.982749938964844
          ],
          [
            27.83190155029297,
            -21.982749938964844
          ],
          [
            27.8319034576416,
            -21.982751846313477
          ],
          [
            27.8319034576416,
            -21.982751846313477
          ],
          [
            27.831907272338867,
            -21.98275375366211
          ],
          [
            27.831907272338867,
            -21.98275375366211
          ],
          [
            27.8319149017334,
            -21.982757568359375
          ],
          [
            27.83192253112793,
            -21.982759475708008
          ],
          [
            27.83192253112793,
            -21.982759475708008
          ],
          [
            27.831933975219727,
            -21.982757568359375
          ],
          [
            27.831939697265625,
            -21.982759475708008
          ],
          [
            27.831939697265625,
            -21.982759475708008
          ],
          [
            27.831939697265625,
            -21.98276138305664
          ],
          [
            27.831939697265625,
            -21.98276138305664
          ],
          [
            27.831937789916992,
            -21.982763290405273
          ],
          [
            27.831937789916992,
            -21.982763290405273
          ],
          [
            27.831937789916992,
            -21.982765197753906
          ],
          [
            27.831937789916992,
            -21.982765197753906
          ],
          [
            27.831937789916992,
            -21.982765197753906
          ],
          [
            27.831937789916992,
            -21.982765197753906
          ],
          [
            27.831939697265625,
            -21.982769012451172
          ],
          [
            27.831939697265625,
            -21.982769012451172
          ],
          [
            27.83194351196289,
            -21.98277473449707
          ],
          [
            27.83194351196289,
            -21.98277473449707
          ],
          [
            27.83194923400879,
            -21.98277473449707
          ],
          [
            27.83194923400879,
            -21.98277473449707
          ],
          [
            27.831954956054688,
            -21.9827766418457
          ],
          [
            27.831954956054688,
            -21.9827766418457
          ],
          [
            27.831958770751953,
            -21.98278045654297
          ],
          [
            27.831958770751953,
            -21.98278045654297
          ],
          [
            27.831960678100586,
            -21.98278045654297
          ],
          [
            27.831960678100586,
            -21.98278045654297
          ],
          [
            27.831960678100586,
            -21.98278045654297
          ],
          [
            27.831960678100586,
            -21.98278045654297
          ],
          [
            27.831960678100586,
            -21.98278045654297
          ],
          [
            27.831958770751953,
            -21.98278045654297
          ],
          [
            27.831958770751953,
            -21.98278045654297
          ],
          [
            27.831960678100586,
            -21.98278045654297
          ],
          [
            27.831960678100586,
            -21.98278045654297
          ],
          [
            27.831960678100586,
            -21.98278045654297
          ],
          [
            27.831960678100586,
            -21.98278045654297
          ],
          [
            27.831960678100586,
            -21.98278045654297
          ],
          [
            27.831958770751953,
            -21.9827823638916
          ],
          [
            27.831958770751953,
            -21.9827823638916
          ],
          [
            27.831958770751953,
            -21.9827823638916
          ],
          [
            27.831958770751953,
            -21.9827823638916
          ],
          [
            27.831958770751953,
            -21.9827823638916
          ],
          [
            27.831958770751953,
            -21.9827823638916
          ],
          [
            27.831958770751953,
            -21.9827823638916
          ],
          [
            27.831958770751953,
            -21.9827823638916
          ],
          [
            27.831958770751953,
            -21.9827823638916
          ],
          [
            27.83195686340332,
            -21.9827823638916
          ],
          [
            27.83195686340332,
            -21.9827823638916
          ],
          [
            27.83195686340332,
            -21.982784271240234
          ],
          [
            27.83195686340332,
            -21.982784271240234
          ],
          [
            27.83195686340332,
            -21.982784271240234
          ],
          [
            27.83195686340332,
            -21.982784271240234
          ],
          [
            27.83195686340332,
            -21.982784271240234
          ],
          [
            27.83195686340332,
            -21.982784271240234
          ],
          [
            27.831951141357422,
            -21.98278045654297
          ],
          [
            27.831951141357422,
            -21.98278045654297
          ],
          [
            27.83194923400879,
            -21.98278045654297
          ],
          [
            27.83194923400879,
            -21.98278045654297
          ],
          [
            27.831951141357422,
            -21.9827823638916
          ],
          [
            27.831951141357422,
            -21.9827823638916
          ],
          [
            27.83195686340332,
            -21.98278045654297
          ],
          [
            27.83195686340332,
            -21.98278045654297
          ],
          [
            27.831966400146484,
            -21.98278045654297
          ],
          [
            27.831966400146484,
            -21.98278045654297
          ],
          [
            27.831972122192383,
            -21.982786178588867
          ],
          [
            27.831972122192383,
            -21.982786178588867
          ],
          [
            27.83197593688965,
            -21.9827938079834
          ],
          [
            27.83197593688965,
            -21.9827938079834
          ],
          [
            27.831981658935547,
            -21.9827995300293
          ],
          [
            27.831981658935547,
            -21.9827995300293
          ],
          [
            27.831985473632812,
            -21.9828052520752
          ],
          [
            27.831985473632812,
            -21.9828052520752
          ],
          [
            27.831987380981445,
            -21.98280906677246
          ],
          [
            27.831987380981445,
            -21.98280906677246
          ],
          [
            27.83198356628418,
            -21.982812881469727
          ],
          [
            27.83198356628418,
            -21.982812881469727
          ],
          [
            27.83198356628418,
            -21.98280906677246
          ],
          [
            27.83198356628418,
            -21.98280906677246
          ],
          [
            27.83198356628418,
            -21.98280906677246
          ],
          [
            27.83198356628418,
            -21.98280906677246
          ],
          [
            27.83198356628418,
            -21.98280906677246
          ],
          [
            27.83198356628418,
            -21.98280906677246
          ],
          [
            27.831985473632812,
            -21.982812881469727
          ],
          [
            27.831985473632812,
            -21.982812881469727
          ],
          [
            27.831987380981445,
            -21.982816696166992
          ],
          [
            27.83199119567871,
            -21.98282241821289
          ],
          [
            27.83199119567871,
            -21.98282241821289
          ],
          [
            27.83199119567871,
            -21.98282241821289
          ],
          [
            27.83199119567871,
            -21.98282241821289
          ],
          [
            27.83199119567871,
            -21.98282241821289
          ],
          [
            27.831995010375977,
            -21.982830047607422
          ],
          [
            27.83199691772461,
            -21.982833862304688
          ],
          [
            27.831998825073242,
            -21.98284149169922
          ],
          [
            27.831998825073242,
            -21.982847213745117
          ],
          [
            27.832000732421875,
            -21.98285675048828
          ],
          [
            27.832000732421875,
            -21.98285675048828
          ],
          [
            27.832000732421875,
            -21.982864379882812
          ],
          [
            27.832000732421875,
            -21.982864379882812
          ],
          [
            27.832000732421875,
            -21.982866287231445
          ],
          [
            27.832000732421875,
            -21.982866287231445
          ],
          [
            27.832000732421875,
            -21.982868194580078
          ],
          [
            27.832000732421875,
            -21.982868194580078
          ],
          [
            27.832000732421875,
            -21.982868194580078
          ],
          [
            27.832000732421875,
            -21.982868194580078
          ],
          [
            27.832000732421875,
            -21.982868194580078
          ],
          [
            27.832000732421875,
            -21.982868194580078
          ],
          [
            27.832000732421875,
            -21.982868194580078
          ],
          [
            27.832000732421875,
            -21.982868194580078
          ],
          [
            27.832002639770508,
            -21.982868194580078
          ],
          [
            27.832002639770508,
            -21.982868194580078
          ],
          [
            27.832002639770508,
            -21.982866287231445
          ],
          [
            27.832002639770508,
            -21.982866287231445
          ],
          [
            27.832002639770508,
            -21.982866287231445
          ],
          [
            27.832002639770508,
            -21.982866287231445
          ],
          [
            27.832002639770508,
            -21.982866287231445
          ],
          [
            27.832002639770508,
            -21.982866287231445
          ],
          [
            27.83200454711914,
            -21.982866287231445
          ],
          [
            27.83200454711914,
            -21.982866287231445
          ],
          [
            27.832002639770508,
            -21.982866287231445
          ],
          [
            27.832002639770508,
            -21.982866287231445
          ],
          [
            27.832000732421875,
            -21.982868194580078
          ],
          [
            27.832000732421875,
            -21.982868194580078
          ],
          [
            27.832000732421875,
            -21.982866287231445
          ],
          [
            27.832000732421875,
            -21.982866287231445
          ],
          [
            27.832002639770508,
            -21.982866287231445
          ],
          [
            27.832002639770508,
            -21.982866287231445
          ],
          [
            27.832006454467773,
            -21.98286247253418
          ],
          [
            27.832006454467773,
            -21.98286247253418
          ],
          [
            27.8320140838623,
            -21.98286247253418
          ],
          [
            27.8320140838623,
            -21.98286247253418
          ],
          [
            27.832021713256836,
            -21.98286247253418
          ],
          [
            27.832021713256836,
            -21.98286247253418
          ],
          [
            27.832027435302734,
            -21.982868194580078
          ],
          [
            27.832027435302734,
            -21.982868194580078
          ],
          [
            27.83203125,
            -21.98287010192871
          ],
          [
            27.832035064697266,
            -21.98287010192871
          ],
          [
            27.832035064697266,
            -21.98287010192871
          ],
          [
            27.8320426940918,
            -21.982873916625977
          ],
          [
            27.8320426940918,
            -21.982873916625977
          ],
          [
            27.83204460144043,
            -21.982879638671875
          ],
          [
            27.83204460144043,
            -21.982879638671875
          ],
          [
            27.832050323486328,
            -21.982885360717773
          ],
          [
            27.832050323486328,
            -21.982885360717773
          ],
          [
            27.832056045532227,
            -21.98288917541504
          ],
          [
            27.832056045532227,
            -21.98288917541504
          ],
          [
            27.832059860229492,
            -21.982891082763672
          ],
          [
            27.832059860229492,
            -21.982891082763672
          ],
          [
            27.83206558227539,
            -21.982894897460938
          ],
          [
            27.83206558227539,
            -21.982894897460938
          ],
          [
            27.83206558227539,
            -21.982894897460938
          ],
          [
            27.83206558227539,
            -21.982894897460938
          ],
          [
            27.83206558227539,
            -21.982894897460938
          ],
          [
            27.83206558227539,
            -21.982894897460938
          ],
          [
            27.83207130432129,
            -21.982894897460938
          ],
          [
            27.83208656311035,
            -21.98288917541504
          ],
          [
            27.83208656311035,
            -21.98288917541504
          ],
          [
            27.832094192504883,
            -21.98288917541504
          ],
          [
            27.83209991455078,
            -21.98288917541504
          ],
          [
            27.83209991455078,
            -21.98288917541504
          ],
          [
            27.832107543945312,
            -21.98288917541504
          ],
          [
            27.832107543945312,
            -21.98288917541504
          ],
          [
            27.832115173339844,
            -21.982891082763672
          ],
          [
            27.832115173339844,
            -21.982891082763672
          ],
          [
            27.832120895385742,
            -21.9828929901123
          ],
          [
            27.832120895385742,
            -21.9828929901123
          ],
          [
            27.83212661743164,
            -21.9828929901123
          ],
          [
            27.83212661743164,
            -21.9828929901123
          ],
          [
            27.83213233947754,
            -21.982894897460938
          ],
          [
            27.83213233947754,
            -21.982894897460938
          ],
          [
            27.83213996887207,
            -21.98289680480957
          ],
          [
            27.83213996887207,
            -21.98289680480957
          ],
          [
            27.83214569091797,
            -21.982900619506836
          ],
          [
            27.83214569091797,
            -21.982900619506836
          ],
          [
            27.8321533203125,
            -21.98290252685547
          ],
          [
            27.8321533203125,
            -21.98290252685547
          ],
          [
            27.83216094970703,
            -21.98290252685547
          ],
          [
            27.83216094970703,
            -21.98290252685547
          ],
          [
            27.8321704864502,
            -21.9829044342041
          ],
          [
            27.8321704864502,
            -21.9829044342041
          ],
          [
            27.832176208496094,
            -21.982906341552734
          ],
          [
            27.832176208496094,
            -21.982906341552734
          ],
          [
            27.832183837890625,
            -21.982908248901367
          ],
          [
            27.832191467285156,
            -21.98291015625
          ],
          [
            27.832191467285156,
            -21.98291015625
          ],
          [
            27.83220100402832,
            -21.98291015625
          ],
          [
            27.83220100402832,
            -21.98291015625
          ],
          [
            27.83220672607422,
            -21.982913970947266
          ],
          [
            27.83220672607422,
            -21.982913970947266
          ],
          [
            27.832210540771484,
            -21.98291778564453
          ],
          [
            27.832210540771484,
            -21.98291778564453
          ],
          [
            27.832212448120117,
            -21.9829216003418
          ],
          [
            27.832212448120117,
            -21.9829216003418
          ],
          [
            27.83221435546875,
            -21.982925415039062
          ],
          [
            27.83221435546875,
            -21.982925415039062
          ],
          [
            27.83221435546875,
            -21.9829273223877
          ],
          [
            27.83221435546875,
            -21.9829273223877
          ],
          [
            27.832212448120117,
            -21.9829273223877
          ],
          [
            27.832212448120117,
            -21.9829273223877
          ],
          [
            27.83221435546875,
            -21.982929229736328
          ],
          [
            27.83221435546875,
            -21.982929229736328
          ],
          [
            27.832216262817383,
            -21.982929229736328
          ],
          [
            27.832216262817383,
            -21.982929229736328
          ],
          [
            27.832216262817383,
            -21.982929229736328
          ],
          [
            27.832216262817383,
            -21.982929229736328
          ],
          [
            27.83221435546875,
            -21.982929229736328
          ],
          [
            27.83221435546875,
            -21.982929229736328
          ],
          [
            27.83220672607422,
            -21.982929229736328
          ],
          [
            27.83220672607422,
            -21.982929229736328
          ],
          [
            27.832199096679688,
            -21.9829273223877
          ],
          [
            27.832199096679688,
            -21.9829273223877
          ],
          [
            27.832199096679688,
            -21.9829273223877
          ],
          [
            27.832199096679688,
            -21.9829273223877
          ],
          [
            27.832199096679688,
            -21.9829273223877
          ],
          [
            27.832191467285156,
            -21.9829273223877
          ],
          [
            27.832191467285156,
            -21.9829273223877
          ],
          [
            27.832191467285156,
            -21.9829273223877
          ],
          [
            27.832191467285156,
            -21.9829273223877
          ],
          [
            27.832191467285156,
            -21.9829273223877
          ],
          [
            27.832191467285156,
            -21.9829273223877
          ],
          [
            27.832191467285156,
            -21.9829273223877
          ],
          [
            27.832191467285156,
            -21.9829273223877
          ],
          [
            27.832189559936523,
            -21.982929229736328
          ],
          [
            27.832189559936523,
            -21.98293113708496
          ],
          [
            27.832189559936523,
            -21.98293113708496
          ],
          [
            27.832189559936523,
            -21.98293113708496
          ],
          [
            27.832191467285156,
            -21.98293113708496
          ],
          [
            27.832189559936523,
            -21.982934951782227
          ],
          [
            27.83218765258789,
            -21.98293685913086
          ],
          [
            27.832191467285156,
            -21.982934951782227
          ],
          [
            27.832195281982422,
            -21.982933044433594
          ],
          [
            27.832199096679688,
            -21.98292350769043
          ],
          [
            27.832199096679688,
            -21.982919692993164
          ],
          [
            27.83220100402832,
            -21.9829158782959
          ],
          [
            27.83220100402832,
            -21.9829158782959
          ],
          [
            27.83220100402832,
            -21.9829158782959
          ],
          [
            27.832202911376953,
            -21.982912063598633
          ],
          [
            27.832202911376953,
            -21.98291015625
          ],
          [
            27.832202911376953,
            -21.98291015625
          ],
          [
            27.832202911376953,
            -21.982908248901367
          ],
          [
            27.832202911376953,
            -21.982908248901367
          ],
          [
            27.832202911376953,
            -21.982908248901367
          ],
          [
            27.832202911376953,
            -21.982908248901367
          ],
          [
            27.832204818725586,
            -21.982908248901367
          ],
          [
            27.832204818725586,
            -21.982908248901367
          ],
          [
            27.832204818725586,
            -21.982908248901367
          ],
          [
            27.832204818725586,
            -21.982908248901367
          ],
          [
            27.832204818725586,
            -21.982908248901367
          ],
          [
            27.832204818725586,
            -21.982908248901367
          ],
          [
            27.83220672607422,
            -21.982908248901367
          ],
          [
            27.83220672607422,
            -21.982908248901367
          ],
          [
            27.83220672607422,
            -21.982908248901367
          ],
          [
            27.83220672607422,
            -21.982908248901367
          ],
          [
            27.83220672607422,
            -21.982908248901367
          ],
          [
            27.83220672607422,
            -21.982908248901367
          ],
          [
            27.83220672607422,
            -21.982908248901367
          ],
          [
            27.83220672607422,
            -21.982908248901367
          ],
          [
            27.83220863342285,
            -21.982908248901367
          ],
          [
            27.83220863342285,
            -21.982908248901367
          ],
          [
            27.832204818725586,
            -21.9829158782959
          ],
          [
            27.832204818725586,
            -21.982919692993164
          ],
          [
            27.832204818725586,
            -21.982919692993164
          ],
          [
            27.832202911376953,
            -21.98292350769043
          ],
          [
            27.832202911376953,
            -21.98292350769043
          ],
          [
            27.832202911376953,
            -21.982925415039062
          ],
          [
            27.832202911376953,
            -21.982925415039062
          ],
          [
            27.832202911376953,
            -21.982925415039062
          ],
          [
            27.832202911376953,
            -21.982925415039062
          ],
          [
            27.832202911376953,
            -21.982925415039062
          ],
          [
            27.832202911376953,
            -21.982925415039062
          ],
          [
            27.832202911376953,
            -21.982925415039062
          ],
          [
            27.832202911376953,
            -21.982925415039062
          ],
          [
            27.832202911376953,
            -21.982925415039062
          ],
          [
            27.832202911376953,
            -21.982925415039062
          ],
          [
            27.832202911376953,
            -21.982925415039062
          ],
          [
            27.832202911376953,
            -21.982925415039062
          ],
          [
            27.832202911376953,
            -21.982925415039062
          ],
          [
            27.832202911376953,
            -21.982925415039062
          ],
          [
            27.83220100402832,
            -21.982925415039062
          ],
          [
            27.83220100402832,
            -21.982925415039062
          ],
          [
            27.83220100402832,
            -21.982925415039062
          ],
          [
            27.83220100402832,
            -21.982925415039062
          ],
          [
            27.83220100402832,
            -21.98292350769043
          ],
          [
            27.83220100402832,
            -21.98292350769043
          ],
          [
            27.83220100402832,
            -21.98292350769043
          ],
          [
            27.832199096679688,
            -21.98292350769043
          ],
          [
            27.832199096679688,
            -21.98292350769043
          ],
          [
            27.832199096679688,
            -21.982925415039062
          ],
          [
            27.832199096679688,
            -21.982925415039062
          ],
          [
            27.832199096679688,
            -21.982925415039062
          ],
          [
            27.832199096679688,
            -21.982925415039062
          ],
          [
            27.832199096679688,
            -21.982925415039062
          ],
          [
            27.832199096679688,
            -21.982925415039062
          ],
          [
            27.832199096679688,
            -21.982925415039062
          ],
          [
            27.832199096679688,
            -21.982925415039062
          ],
          [
            27.832199096679688,
            -21.982925415039062
          ],
          [
            27.832199096679688,
            -21.982925415039062
          ],
          [
            27.832199096679688,
            -21.98292350769043
          ],
          [
            27.832199096679688,
            -21.98292350769043
          ],
          [
            27.832197189331055,
            -21.98292350769043
          ],
          [
            27.832197189331055,
            -21.98292350769043
          ],
          [
            27.832197189331055,
            -21.98292350769043
          ],
          [
            27.832197189331055,
            -21.98292350769043
          ],
          [
            27.832197189331055,
            -21.9829216003418
          ],
          [
            27.832197189331055,
            -21.9829216003418
          ],
          [
            27.832195281982422,
            -21.9829216003418
          ],
          [
            27.832195281982422,
            -21.9829216003418
          ],
          [
            27.832195281982422,
            -21.9829216003418
          ],
          [
            27.832195281982422,
            -21.9829216003418
          ],
          [
            27.832195281982422,
            -21.9829216003418
          ],
          [
            27.832195281982422,
            -21.9829216003418
          ],
          [
            27.832195281982422,
            -21.9829216003418
          ],
          [
            27.832195281982422,
            -21.9829216003418
          ],
          [
            27.83219337463379,
            -21.9829216003418
          ],
          [
            27.83219337463379,
            -21.9829216003418
          ],
          [
            27.83219337463379,
            -21.9829216003418
          ],
          [
            27.83219337463379,
            -21.9829216003418
          ],
          [
            27.83219337463379,
            -21.9829216003418
          ],
          [
            27.83219337463379,
            -21.9829216003418
          ],
          [
            27.832191467285156,
            -21.9829216003418
          ],
          [
            27.832191467285156,
            -21.9829216003418
          ],
          [
            27.832191467285156,
            -21.982919692993164
          ],
          [
            27.832191467285156,
            -21.982919692993164
          ],
          [
            27.832191467285156,
            -21.982919692993164
          ],
          [
            27.832191467285156,
            -21.982919692993164
          ],
          [
            27.832191467285156,
            -21.982919692993164
          ],
          [
            27.832191467285156,
            -21.982919692993164
          ],
          [
            27.83219337463379,
            -21.98291778564453
          ],
          [
            27.83219337463379,
            -21.98291778564453
          ],
          [
            27.83219337463379,
            -21.98291778564453
          ],
          [
            27.83219337463379,
            -21.98291778564453
          ],
          [
            27.83219337463379,
            -21.98291778564453
          ],
          [
            27.83219337463379,
            -21.98291778564453
          ],
          [
            27.83219337463379,
            -21.98291778564453
          ],
          [
            27.832191467285156,
            -21.98291778564453
          ],
          [
            27.832191467285156,
            -21.98291778564453
          ],
          [
            27.83219337463379,
            -21.98291778564453
          ],
          [
            27.83219337463379,
            -21.98291778564453
          ],
          [
            27.83219337463379,
            -21.98291778564453
          ],
          [
            27.83219337463379,
            -21.98291778564453
          ],
          [
            27.83219337463379,
            -21.98291778564453
          ],
          [
            27.83219337463379,
            -21.98291778564453
          ],
          [
            27.832191467285156,
            -21.98291778564453
          ],
          [
            27.832191467285156,
            -21.98291778564453
          ],
          [
            27.832191467285156,
            -21.982919692993164
          ],
          [
            27.832191467285156,
            -21.982919692993164
          ],
          [
            27.832191467285156,
            -21.982919692993164
          ],
          [
            27.832191467285156,
            -21.982919692993164
          ],
          [
            27.83219337463379,
            -21.982919692993164
          ],
          [
            27.83219337463379,
            -21.982919692993164
          ],
          [
            27.83219337463379,
            -21.982919692993164
          ],
          [
            27.83219337463379,
            -21.982919692993164
          ],
          [
            27.83219337463379,
            -21.982919692993164
          ],
          [
            27.83219337463379,
            -21.982919692993164
          ],
          [
            27.83219337463379,
            -21.9829216003418
          ],
          [
            27.83219337463379,
            -21.9829216003418
          ],
          [
            27.83219337463379,
            -21.9829216003418
          ],
          [
            27.83219337463379,
            -21.9829216003418
          ],
          [
            27.83219337463379,
            -21.9829216003418
          ],
          [
            27.83219337463379,
            -21.9829216003418
          ],
          [
            27.83219337463379,
            -21.98292350769043
          ],
          [
            27.83219337463379,
            -21.98292350769043
          ],
          [
            27.83219337463379,
            -21.98292350769043
          ],
          [
            27.83219337463379,
            -21.98292350769043
          ],
          [
            27.83219337463379,
            -21.98292350769043
          ],
          [
            27.83219337463379,
            -21.98292350769043
          ],
          [
            27.83219337463379,
            -21.98292350769043
          ],
          [
            27.83219337463379,
            -21.98292350769043
          ],
          [
            27.83219337463379,
            -21.982925415039062
          ],
          [
            27.83219337463379,
            -21.982925415039062
          ],
          [
            27.83219337463379,
            -21.982925415039062
          ],
          [
            27.83219337463379,
            -21.982925415039062
          ],
          [
            27.83219337463379,
            -21.982925415039062
          ],
          [
            27.83219337463379,
            -21.982925415039062
          ],
          [
            27.83219337463379,
            -21.982925415039062
          ],
          [
            27.83219337463379,
            -21.982925415039062
          ],
          [
            27.83219337463379,
            -21.982925415039062
          ],
          [
            27.83219337463379,
            -21.982925415039062
          ],
          [
            27.832189559936523,
            -21.982929229736328
          ],
          [
            27.832189559936523,
            -21.982929229736328
          ],
          [
            27.832185745239258,
            -21.982933044433594
          ],
          [
            27.832185745239258,
            -21.982933044433594
          ],
          [
            27.832181930541992,
            -21.982938766479492
          ],
          [
            27.832181930541992,
            -21.982938766479492
          ],
          [
            27.832176208496094,
            -21.982942581176758
          ],
          [
            27.8321704864502,
            -21.982948303222656
          ],
          [
            27.8321704864502,
            -21.982948303222656
          ],
          [
            27.83216667175293,
            -21.982954025268555
          ],
          [
            27.83216667175293,
            -21.982954025268555
          ],
          [
            27.832162857055664,
            -21.982959747314453
          ],
          [
            27.832162857055664,
            -21.982959747314453
          ],
          [
            27.832162857055664,
            -21.982959747314453
          ],
          [
            27.832162857055664,
            -21.982959747314453
          ],
          [
            27.832162857055664,
            -21.982959747314453
          ],
          [
            27.832162857055664,
            -21.982959747314453
          ],
          [
            27.8321590423584,
            -21.98296356201172
          ],
          [
            27.8321590423584,
            -21.98296356201172
          ],
          [
            27.832155227661133,
            -21.982969284057617
          ],
          [
            27.832151412963867,
            -21.982973098754883
          ],
          [
            27.8321475982666,
            -21.98297882080078
          ],
          [
            27.8321418762207,
            -21.982982635498047
          ],
          [
            27.832138061523438,
            -21.982988357543945
          ],
          [
            27.832138061523438,
            -21.982988357543945
          ],
          [
            27.83213233947754,
            -21.98299217224121
          ],
          [
            27.83213233947754,
            -21.98299217224121
          ],
          [
            27.832124710083008,
            -21.982995986938477
          ],
          [
            27.832124710083008,
            -21.982995986938477
          ],
          [
            27.83211898803711,
            -21.982999801635742
          ],
          [
            27.83211898803711,
            -21.982999801635742
          ],
          [
            27.83211326599121,
            -21.983007431030273
          ],
          [
            27.83211326599121,
            -21.983007431030273
          ],
          [
            27.832107543945312,
            -21.98301124572754
          ],
          [
            27.832107543945312,
            -21.98301124572754
          ],
          [
            27.832101821899414,
            -21.983013153076172
          ],
          [
            27.832101821899414,
            -21.983013153076172
          ],
          [
            27.83209991455078,
            -21.9830150604248
          ],
          [
            27.83209991455078,
            -21.9830150604248
          ],
          [
            27.83209800720215,
            -21.9830150604248
          ],
          [
            27.83209800720215,
            -21.9830150604248
          ],
          [
            27.83209991455078,
            -21.9830150604248
          ],
          [
            27.83209991455078,
            -21.9830150604248
          ],
          [
            27.83209991455078,
            -21.9830150604248
          ],
          [
            27.83209991455078,
            -21.9830150604248
          ],
          [
            27.83209991455078,
            -21.9830150604248
          ],
          [
            27.83209991455078,
            -21.9830150604248
          ],
          [
            27.832101821899414,
            -21.9830150604248
          ],
          [
            27.832101821899414,
            -21.9830150604248
          ],
          [
            27.832101821899414,
            -21.9830150604248
          ],
          [
            27.832101821899414,
            -21.9830150604248
          ],
          [
            27.832101821899414,
            -21.9830150604248
          ],
          [
            27.832101821899414,
            -21.9830150604248
          ],
          [
            27.832101821899414,
            -21.9830150604248
          ],
          [
            27.832101821899414,
            -21.9830150604248
          ],
          [
            27.83209800720215,
            -21.983013153076172
          ],
          [
            27.83209800720215,
            -21.983013153076172
          ],
          [
            27.83209228515625,
            -21.983016967773438
          ],
          [
            27.83208656311035,
            -21.9830207824707
          ],
          [
            27.83208656311035,
            -21.9830207824707
          ],
          [
            27.83208656311035,
            -21.9830207824707
          ],
          [
            27.832080841064453,
            -21.9830265045166
          ],
          [
            27.832080841064453,
            -21.9830265045166
          ],
          [
            27.832073211669922,
            -21.983030319213867
          ],
          [
            27.832073211669922,
            -21.983030319213867
          ],
          [
            27.832067489624023,
            -21.983034133911133
          ],
          [
            27.832059860229492,
            -21.9830379486084
          ],
          [
            27.832059860229492,
            -21.9830379486084
          ],
          [
            27.832059860229492,
            -21.9830379486084
          ],
          [
            27.832054138183594,
            -21.9830436706543
          ],
          [
            27.832054138183594,
            -21.9830436706543
          ],
          [
            27.832054138183594,
            -21.9830436706543
          ],
          [
            27.832054138183594,
            -21.9830436706543
          ],
          [
            27.832054138183594,
            -21.9830436706543
          ],
          [
            27.832054138183594,
            -21.9830436706543
          ],
          [
            27.832054138183594,
            -21.9830436706543
          ],
          [
            27.832054138183594,
            -21.9830436706543
          ],
          [
            27.832046508789062,
            -21.983047485351562
          ],
          [
            27.832046508789062,
            -21.983047485351562
          ],
          [
            27.832046508789062,
            -21.983047485351562
          ],
          [
            27.832046508789062,
            -21.983047485351562
          ],
          [
            27.832046508789062,
            -21.983047485351562
          ],
          [
            27.83203887939453,
            -21.983051300048828
          ],
          [
            27.832033157348633,
            -21.983055114746094
          ],
          [
            27.832027435302734,
            -21.983060836791992
          ],
          [
            27.832021713256836,
            -21.983064651489258
          ],
          [
            27.832015991210938,
            -21.983068466186523
          ],
          [
            27.83201026916504,
            -21.983074188232422
          ],
          [
            27.832006454467773,
            -21.98307991027832
          ],
          [
            27.831998825073242,
            -21.983083724975586
          ],
          [
            27.831993103027344,
            -21.98308753967285
          ],
          [
            27.831987380981445,
            -21.983091354370117
          ],
          [
            27.831981658935547,
            -21.983097076416016
          ],
          [
            27.831981658935547,
            -21.983097076416016
          ],
          [
            27.83197593688965,
            -21.98310089111328
          ],
          [
            27.83197593688965,
            -21.98310089111328
          ],
          [
            27.831968307495117,
            -21.983104705810547
          ],
          [
            27.831968307495117,
            -21.983104705810547
          ],
          [
            27.83196258544922,
            -21.983108520507812
          ],
          [
            27.83196258544922,
            -21.983108520507812
          ],
          [
            27.831958770751953,
            -21.983112335205078
          ],
          [
            27.831958770751953,
            -21.983112335205078
          ],
          [
            27.831951141357422,
            -21.983116149902344
          ],
          [
            27.831951141357422,
            -21.983116149902344
          ],
          [
            27.831945419311523,
            -21.983121871948242
          ],
          [
            27.831945419311523,
            -21.983121871948242
          ],
          [
            27.831939697265625,
            -21.983125686645508
          ],
          [
            27.831939697265625,
            -21.983125686645508
          ],
          [
            27.831933975219727,
            -21.983131408691406
          ],
          [
            27.831933975219727,
            -21.983131408691406
          ],
          [
            27.831928253173828,
            -21.9831371307373
          ],
          [
            27.831928253173828,
            -21.9831371307373
          ],
          [
            27.83192253112793,
            -21.9831428527832
          ],
          [
            27.83191680908203,
            -21.98314666748047
          ],
          [
            27.831911087036133,
            -21.983152389526367
          ],
          [
            27.831911087036133,
            -21.983152389526367
          ],
          [
            27.831911087036133,
            -21.983152389526367
          ],
          [
            27.831905364990234,
            -21.9831600189209
          ],
          [
            27.8318977355957,
            -21.9831657409668
          ],
          [
            27.8318977355957,
            -21.9831657409668
          ],
          [
            27.831893920898438,
            -21.983169555664062
          ],
          [
            27.831893920898438,
            -21.983169555664062
          ],
          [
            27.83188819885254,
            -21.98317527770996
          ],
          [
            27.83188819885254,
            -21.98317527770996
          ],
          [
            27.83188247680664,
            -21.983179092407227
          ],
          [
            27.83188247680664,
            -21.983179092407227
          ],
          [
            27.831876754760742,
            -21.983182907104492
          ],
          [
            27.831876754760742,
            -21.983182907104492
          ],
          [
            27.83186912536621,
            -21.98318862915039
          ],
          [
            27.83186912536621,
            -21.98318862915039
          ],
          [
            27.831863403320312,
            -21.983196258544922
          ],
          [
            27.831863403320312,
            -21.983196258544922
          ],
          [
            27.83185577392578,
            -21.983200073242188
          ],
          [
            27.83185577392578,
            -21.983200073242188
          ],
          [
            27.831850051879883,
            -21.983205795288086
          ],
          [
            27.831850051879883,
            -21.983205795288086
          ],
          [
            27.831844329833984,
            -21.983211517333984
          ],
          [
            27.831844329833984,
            -21.983211517333984
          ],
          [
            27.831844329833984,
            -21.983211517333984
          ],
          [
            27.831844329833984,
            -21.983211517333984
          ],
          [
            27.831844329833984,
            -21.983211517333984
          ],
          [
            27.831838607788086,
            -21.983217239379883
          ],
          [
            27.831832885742188,
            -21.98322105407715
          ],
          [
            27.83182716369629,
            -21.983226776123047
          ],
          [
            27.83182144165039,
            -21.983232498168945
          ],
          [
            27.83182144165039,
            -21.983232498168945
          ],
          [
            27.83181381225586,
            -21.983238220214844
          ],
          [
            27.83181381225586,
            -21.983238220214844
          ],
          [
            27.83180809020996,
            -21.983245849609375
          ],
          [
            27.83180809020996,
            -21.983245849609375
          ],
          [
            27.831802368164062,
            -21.983251571655273
          ],
          [
            27.831802368164062,
            -21.983251571655273
          ],
          [
            27.8317985534668,
            -21.983257293701172
          ],
          [
            27.8317985534668,
            -21.983257293701172
          ],
          [
            27.831790924072266,
            -21.98326301574707
          ],
          [
            27.831790924072266,
            -21.98326301574707
          ],
          [
            27.831787109375,
            -21.983266830444336
          ],
          [
            27.831787109375,
            -21.983266830444336
          ],
          [
            27.8317813873291,
            -21.98326873779297
          ],
          [
            27.8317756652832,
            -21.98326873779297
          ],
          [
            27.8317756652832,
            -21.98326873779297
          ],
          [
            27.831771850585938,
            -21.9832706451416
          ],
          [
            27.831771850585938,
            -21.9832763671875
          ],
          [
            27.831771850585938,
            -21.9832763671875
          ],
          [
            27.831771850585938,
            -21.9832820892334
          ],
          [
            27.831771850585938,
            -21.9832820892334
          ],
          [
            27.83177375793457,
            -21.98328399658203
          ],
          [
            27.83177375793457,
            -21.98328399658203
          ],
          [
            27.83177375793457,
            -21.98328399658203
          ],
          [
            27.83177375793457,
            -21.98328399658203
          ],
          [
            27.83177375793457,
            -21.98328399658203
          ],
          [
            27.83177375793457,
            -21.98328399658203
          ],
          [
            27.83177375793457,
            -21.98328399658203
          ],
          [
            27.83177375793457,
            -21.98328399658203
          ],
          [
            27.83177375793457,
            -21.9832820892334
          ],
          [
            27.83177375793457,
            -21.9832820892334
          ],
          [
            27.83177375793457,
            -21.9832820892334
          ],
          [
            27.83177375793457,
            -21.9832820892334
          ],
          [
            27.83177375793457,
            -21.9832820892334
          ],
          [
            27.83177375793457,
            -21.9832820892334
          ],
          [
            27.83177375793457,
            -21.9832820892334
          ],
          [
            27.83177375793457,
            -21.9832820892334
          ],
          [
            27.83177375793457,
            -21.9832820892334
          ],
          [
            27.83177375793457,
            -21.9832820892334
          ],
          [
            27.83177375793457,
            -21.9832820892334
          ],
          [
            27.83177375793457,
            -21.9832820892334
          ],
          [
            27.83177375793457,
            -21.9832820892334
          ],
          [
            27.83177375793457,
            -21.9832820892334
          ],
          [
            27.83177375793457,
            -21.983280181884766
          ],
          [
            27.83177375793457,
            -21.983280181884766
          ],
          [
            27.83177375793457,
            -21.983280181884766
          ],
          [
            27.83177375793457,
            -21.983280181884766
          ],
          [
            27.83177375793457,
            -21.983280181884766
          ],
          [
            27.83177375793457,
            -21.983280181884766
          ],
          [
            27.83177375793457,
            -21.9832820892334
          ],
          [
            27.83177375793457,
            -21.9832820892334
          ],
          [
            27.83177375793457,
            -21.983280181884766
          ],
          [
            27.83177375793457,
            -21.983280181884766
          ],
          [
            27.83177375793457,
            -21.983280181884766
          ],
          [
            27.83177375793457,
            -21.983280181884766
          ],
          [
            27.83177375793457,
            -21.983280181884766
          ],
          [
            27.83177375793457,
            -21.9832820892334
          ],
          [
            27.83177375793457,
            -21.9832820892334
          ],
          [
            27.831764221191406,
            -21.983285903930664
          ],
          [
            27.831758499145508,
            -21.98328971862793
          ],
          [
            27.831758499145508,
            -21.98328971862793
          ],
          [
            27.831750869750977,
            -21.9832878112793
          ],
          [
            27.831750869750977,
            -21.9832878112793
          ],
          [
            27.831743240356445,
            -21.98328971862793
          ],
          [
            27.831737518310547,
            -21.983295440673828
          ],
          [
            27.831737518310547,
            -21.983295440673828
          ],
          [
            27.831735610961914,
            -21.983301162719727
          ],
          [
            27.831729888916016,
            -21.983304977416992
          ],
          [
            27.831729888916016,
            -21.983304977416992
          ],
          [
            27.83172035217285,
            -21.983304977416992
          ],
          [
            27.83172035217285,
            -21.983304977416992
          ],
          [
            27.83171272277832,
            -21.983306884765625
          ],
          [
            27.83171272277832,
            -21.983306884765625
          ],
          [
            27.83171272277832,
            -21.983306884765625
          ],
          [
            27.831707000732422,
            -21.983314514160156
          ],
          [
            27.83170509338379,
            -21.983320236206055
          ],
          [
            27.83170509338379,
            -21.983320236206055
          ],
          [
            27.83170509338379,
            -21.983322143554688
          ],
          [
            27.83170509338379,
            -21.983322143554688
          ],
          [
            27.831703186035156,
            -21.98332405090332
          ],
          [
            27.831703186035156,
            -21.98332405090332
          ],
          [
            27.83169937133789,
            -21.98332977294922
          ],
          [
            27.83169937133789,
            -21.98332977294922
          ],
          [
            27.831695556640625,
            -21.983333587646484
          ],
          [
            27.831695556640625,
            -21.983333587646484
          ],
          [
            27.831689834594727,
            -21.98333168029785
          ],
          [
            27.831689834594727,
            -21.98333168029785
          ],
          [
            27.83168601989746,
            -21.983327865600586
          ],
          [
            27.83168601989746,
            -21.983327865600586
          ],
          [
            27.831680297851562,
            -21.983327865600586
          ],
          [
            27.831680297851562,
            -21.983327865600586
          ],
          [
            27.8316764831543,
            -21.983333587646484
          ],
          [
            27.8316764831543,
            -21.983333587646484
          ],
          [
            27.831674575805664,
            -21.983335494995117
          ],
          [
            27.831674575805664,
            -21.983335494995117
          ],
          [
            27.831674575805664,
            -21.983335494995117
          ],
          [
            27.831674575805664,
            -21.983335494995117
          ],
          [
            27.83167266845703,
            -21.983335494995117
          ],
          [
            27.83167266845703,
            -21.983335494995117
          ],
          [
            27.83167266845703,
            -21.983335494995117
          ],
          [
            27.83167266845703,
            -21.983335494995117
          ],
          [
            27.831668853759766,
            -21.983333587646484
          ],
          [
            27.831668853759766,
            -21.983333587646484
          ],
          [
            27.8316593170166,
            -21.98333168029785
          ],
          [
            27.8316593170166,
            -21.98333168029785
          ],
          [
            27.831649780273438,
            -21.98333168029785
          ],
          [
            27.831649780273438,
            -21.98333168029785
          ],
          [
            27.83164405822754,
            -21.98333740234375
          ],
          [
            27.83164405822754,
            -21.98333740234375
          ],
          [
            27.831642150878906,
            -21.98334312438965
          ],
          [
            27.83164405822754,
            -21.98334503173828
          ],
          [
            27.83164405822754,
            -21.98334503173828
          ],
          [
            27.83164405822754,
            -21.98334503173828
          ],
          [
            27.83164405822754,
            -21.98334503173828
          ],
          [
            27.83164405822754,
            -21.98334503173828
          ],
          [
            27.83164405822754,
            -21.98334503173828
          ],
          [
            27.83164405822754,
            -21.98334503173828
          ],
          [
            27.83164405822754,
            -21.98334503173828
          ],
          [
            27.83164405822754,
            -21.98334503173828
          ],
          [
            27.831636428833008,
            -21.98334312438965
          ],
          [
            27.831628799438477,
            -21.98334312438965
          ],
          [
            27.831628799438477,
            -21.98334312438965
          ],
          [
            27.831623077392578,
            -21.983346939086914
          ],
          [
            27.831623077392578,
            -21.983346939086914
          ],
          [
            27.83161735534668,
            -21.98335075378418
          ],
          [
            27.83161735534668,
            -21.98335075378418
          ],
          [
            27.83161735534668,
            -21.98335075378418
          ],
          [
            27.83161163330078,
            -21.983348846435547
          ],
          [
            27.83160400390625,
            -21.983346939086914
          ],
          [
            27.83160400390625,
            -21.983346939086914
          ],
          [
            27.831602096557617,
            -21.983346939086914
          ],
          [
            27.831602096557617,
            -21.983346939086914
          ],
          [
            27.831605911254883,
            -21.983346939086914
          ],
          [
            27.831605911254883,
            -21.983346939086914
          ],
          [
            27.831607818603516,
            -21.983348846435547
          ],
          [
            27.831607818603516,
            -21.983348846435547
          ],
          [
            27.831607818603516,
            -21.983348846435547
          ],
          [
            27.831607818603516,
            -21.983348846435547
          ],
          [
            27.83161163330078,
            -21.983348846435547
          ],
          [
            27.83161163330078,
            -21.983348846435547
          ],
          [
            27.83161163330078,
            -21.983348846435547
          ],
          [
            27.83161163330078,
            -21.983348846435547
          ],
          [
            27.83161163330078,
            -21.983348846435547
          ],
          [
            27.83161163330078,
            -21.983348846435547
          ],
          [
            27.83161163330078,
            -21.983348846435547
          ],
          [
            27.83161163330078,
            -21.983348846435547
          ],
          [
            27.83160972595215,
            -21.98335075378418
          ],
          [
            27.83160972595215,
            -21.98335075378418
          ],
          [
            27.83160972595215,
            -21.983354568481445
          ],
          [
            27.83160972595215,
            -21.983354568481445
          ],
          [
            27.83160400390625,
            -21.983356475830078
          ],
          [
            27.83160400390625,
            -21.983356475830078
          ],
          [
            27.831600189208984,
            -21.98336410522461
          ],
          [
            27.831600189208984,
            -21.98336410522461
          ],
          [
            27.831594467163086,
            -21.983367919921875
          ],
          [
            27.831594467163086,
            -21.983367919921875
          ],
          [
            27.831588745117188,
            -21.983373641967773
          ],
          [
            27.831588745117188,
            -21.983373641967773
          ],
          [
            27.831588745117188,
            -21.983373641967773
          ],
          [
            27.831588745117188,
            -21.983373641967773
          ],
          [
            27.831588745117188,
            -21.983373641967773
          ],
          [
            27.831588745117188,
            -21.983373641967773
          ],
          [
            27.831588745117188,
            -21.983373641967773
          ],
          [
            27.831588745117188,
            -21.983373641967773
          ],
          [
            27.83158302307129,
            -21.98337745666504
          ],
          [
            27.83157730102539,
            -21.9833812713623
          ],
          [
            27.831571578979492,
            -21.98338508605957
          ],
          [
            27.831565856933594,
            -21.98339080810547
          ],
          [
            27.8315601348877,
            -21.983394622802734
          ],
          [
            27.8315544128418,
            -21.9833984375
          ],
          [
            27.8315486907959,
            -21.983402252197266
          ],
          [
            27.831541061401367,
            -21.98340606689453
          ],
          [
            27.831541061401367,
            -21.98340606689453
          ],
          [
            27.831533432006836,
            -21.9834098815918
          ],
          [
            27.831533432006836,
            -21.9834098815918
          ],
          [
            27.831533432006836,
            -21.9834098815918
          ],
          [
            27.831533432006836,
            -21.9834098815918
          ],
          [
            27.831533432006836,
            -21.9834098815918
          ],
          [
            27.831533432006836,
            -21.9834098815918
          ],
          [
            27.8315258026123,
            -21.983413696289062
          ],
          [
            27.831520080566406,
            -21.98341941833496
          ],
          [
            27.831512451171875,
            -21.98342514038086
          ],
          [
            27.831506729125977,
            -21.983428955078125
          ],
          [
            27.83150291442871,
            -21.983434677124023
          ],
          [
            27.83150291442871,
            -21.983434677124023
          ],
          [
            27.831497192382812,
            -21.983440399169922
          ],
          [
            27.831497192382812,
            -21.983440399169922
          ],
          [
            27.831491470336914,
            -21.983444213867188
          ],
          [
            27.831491470336914,
            -21.983444213867188
          ],
          [
            27.83148765563965,
            -21.983449935913086
          ],
          [
            27.83148765563965,
            -21.983449935913086
          ],
          [
            27.83148193359375,
            -21.98345375061035
          ],
          [
            27.83148193359375,
            -21.98345375061035
          ],
          [
            27.83147430419922,
            -21.98345947265625
          ],
          [
            27.83147430419922,
            -21.98345947265625
          ],
          [
            27.83146858215332,
            -21.983463287353516
          ],
          [
            27.83146858215332,
            -21.983463287353516
          ],
          [
            27.831462860107422,
            -21.98346519470215
          ],
          [
            27.831462860107422,
            -21.98346519470215
          ],
          [
            27.831457138061523,
            -21.983470916748047
          ],
          [
            27.831457138061523,
            -21.983470916748047
          ],
          [
            27.831451416015625,
            -21.983476638793945
          ],
          [
            27.831451416015625,
            -21.983476638793945
          ],
          [
            27.831443786621094,
            -21.983482360839844
          ],
          [
            27.8314380645752,
            -21.983489990234375
          ],
          [
            27.8314380645752,
            -21.983489990234375
          ],
          [
            27.831430435180664,
            -21.983491897583008
          ],
          [
            27.831430435180664,
            -21.983491897583008
          ],
          [
            27.831424713134766,
            -21.983497619628906
          ],
          [
            27.831424713134766,
            -21.983497619628906
          ],
          [
            27.831418991088867,
            -21.9835033416748
          ],
          [
            27.83141326904297,
            -21.9835090637207
          ],
          [
            27.83141326904297,
            -21.9835090637207
          ],
          [
            27.83141326904297,
            -21.9835090637207
          ],
          [
            27.8314094543457,
            -21.9835147857666
          ],
          [
            27.8314037322998,
            -21.983518600463867
          ],
          [
            27.8314037322998,
            -21.983518600463867
          ],
          [
            27.831398010253906,
            -21.983522415161133
          ],
          [
            27.831398010253906,
            -21.983522415161133
          ],
          [
            27.831392288208008,
            -21.983524322509766
          ],
          [
            27.831392288208008,
            -21.983524322509766
          ],
          [
            27.831388473510742,
            -21.98352813720703
          ],
          [
            27.831388473510742,
            -21.98352813720703
          ],
          [
            27.831382751464844,
            -21.9835319519043
          ],
          [
            27.831382751464844,
            -21.9835319519043
          ],
          [
            27.831378936767578,
            -21.98353385925293
          ],
          [
            27.831378936767578,
            -21.98353385925293
          ],
          [
            27.831375122070312,
            -21.983539581298828
          ],
          [
            27.831375122070312,
            -21.983539581298828
          ],
          [
            27.831369400024414,
            -21.98354148864746
          ],
          [
            27.831369400024414,
            -21.98354148864746
          ],
          [
            27.83136558532715,
            -21.98354721069336
          ],
          [
            27.83136558532715,
            -21.98354721069336
          ],
          [
            27.83135986328125,
            -21.983551025390625
          ],
          [
            27.83135986328125,
            -21.983551025390625
          ],
          [
            27.83135986328125,
            -21.983551025390625
          ],
          [
            27.83135986328125,
            -21.983551025390625
          ],
          [
            27.83135986328125,
            -21.983551025390625
          ],
          [
            27.83135986328125,
            -21.983551025390625
          ],
          [
            27.831357955932617,
            -21.983552932739258
          ],
          [
            27.831357955932617,
            -21.98355484008789
          ],
          [
            27.831357955932617,
            -21.98355484008789
          ],
          [
            27.831357955932617,
            -21.98355484008789
          ],
          [
            27.831357955932617,
            -21.98355484008789
          ],
          [
            27.831357955932617,
            -21.98355484008789
          ],
          [
            27.831357955932617,
            -21.98355484008789
          ],
          [
            27.831357955932617,
            -21.98355484008789
          ],
          [
            27.831357955932617,
            -21.98355484008789
          ],
          [
            27.831357955932617,
            -21.98355484008789
          ],
          [
            27.831357955932617,
            -21.98355484008789
          ],
          [
            27.831357955932617,
            -21.98355484008789
          ],
          [
            27.831357955932617,
            -21.98355484008789
          ],
          [
            27.831357955932617,
            -21.98355484008789
          ],
          [
            27.831357955932617,
            -21.98355484008789
          ],
          [
            27.831357955932617,
            -21.98355484008789
          ],
          [
            27.831357955932617,
            -21.983556747436523
          ],
          [
            27.831357955932617,
            -21.983556747436523
          ],
          [
            27.831357955932617,
            -21.983558654785156
          ],
          [
            27.831357955932617,
            -21.983558654785156
          ],
          [
            27.83135986328125,
            -21.983558654785156
          ],
          [
            27.83135986328125,
            -21.983558654785156
          ],
          [
            27.83135986328125,
            -21.983558654785156
          ],
          [
            27.83135986328125,
            -21.983558654785156
          ],
          [
            27.83135986328125,
            -21.983558654785156
          ],
          [
            27.83135986328125,
            -21.983558654785156
          ],
          [
            27.83135986328125,
            -21.983558654785156
          ],
          [
            27.83135986328125,
            -21.983558654785156
          ],
          [
            27.831356048583984,
            -21.983556747436523
          ],
          [
            27.831356048583984,
            -21.983556747436523
          ],
          [
            27.83135223388672,
            -21.983556747436523
          ],
          [
            27.83135223388672,
            -21.983556747436523
          ],
          [
            27.831344604492188,
            -21.983556747436523
          ],
          [
            27.831344604492188,
            -21.983556747436523
          ],
          [
            27.83133888244629,
            -21.983556747436523
          ],
          [
            27.83133888244629,
            -21.983556747436523
          ],
          [
            27.83133316040039,
            -21.98355484008789
          ],
          [
            27.831323623657227,
            -21.98355484008789
          ],
          [
            27.831323623657227,
            -21.98355484008789
          ],
          [
            27.8313159942627,
            -21.983551025390625
          ],
          [
            27.8313159942627,
            -21.983551025390625
          ],
          [
            27.8313102722168,
            -21.983549118041992
          ],
          [
            27.83130645751953,
            -21.983552932739258
          ],
          [
            27.83130645751953,
            -21.983552932739258
          ],
          [
            27.83130645751953,
            -21.983556747436523
          ],
          [
            27.83130645751953,
            -21.983556747436523
          ],
          [
            27.83130645751953,
            -21.98356056213379
          ],
          [
            27.83130645751953,
            -21.98356056213379
          ],
          [
            27.831308364868164,
            -21.983562469482422
          ],
          [
            27.831308364868164,
            -21.983562469482422
          ],
          [
            27.831308364868164,
            -21.983562469482422
          ],
          [
            27.831308364868164,
            -21.983562469482422
          ],
          [
            27.831308364868164,
            -21.983562469482422
          ],
          [
            27.831308364868164,
            -21.983562469482422
          ],
          [
            27.8313045501709,
            -21.983562469482422
          ],
          [
            27.8313045501709,
            -21.983562469482422
          ],
          [
            27.8313045501709,
            -21.983562469482422
          ],
          [
            27.8313045501709,
            -21.983562469482422
          ],
          [
            27.8313045501709,
            -21.983562469482422
          ],
          [
            27.831298828125,
            -21.983564376831055
          ],
          [
            27.831298828125,
            -21.983564376831055
          ],
          [
            27.831283569335938,
            -21.983564376831055
          ],
          [
            27.831274032592773,
            -21.983562469482422
          ],
          [
            27.831274032592773,
            -21.983562469482422
          ],
          [
            27.831270217895508,
            -21.983558654785156
          ],
          [
            27.831270217895508,
            -21.983558654785156
          ],
          [
            27.831268310546875,
            -21.983552932739258
          ],
          [
            27.831268310546875,
            -21.983552932739258
          ],
          [
            27.83126449584961,
            -21.983551025390625
          ],
          [
            27.83126449584961,
            -21.983551025390625
          ],
          [
            27.831262588500977,
            -21.983552932739258
          ],
          [
            27.831262588500977,
            -21.983552932739258
          ],
          [
            27.831260681152344,
            -21.98355484008789
          ],
          [
            27.831260681152344,
            -21.98355484008789
          ],
          [
            27.831260681152344,
            -21.983556747436523
          ],
          [
            27.831260681152344,
            -21.983556747436523
          ],
          [
            27.831260681152344,
            -21.983556747436523
          ],
          [
            27.831260681152344,
            -21.983556747436523
          ],
          [
            27.831260681152344,
            -21.983556747436523
          ],
          [
            27.831260681152344,
            -21.983556747436523
          ],
          [
            27.831260681152344,
            -21.983556747436523
          ],
          [
            27.831262588500977,
            -21.983556747436523
          ],
          [
            27.831262588500977,
            -21.983556747436523
          ],
          [
            27.831262588500977,
            -21.983556747436523
          ],
          [
            27.831262588500977,
            -21.983556747436523
          ],
          [
            27.831262588500977,
            -21.983558654785156
          ],
          [
            27.831262588500977,
            -21.983558654785156
          ],
          [
            27.831260681152344,
            -21.98356056213379
          ],
          [
            27.831260681152344,
            -21.98356056213379
          ],
          [
            27.83125877380371,
            -21.98356056213379
          ],
          [
            27.83125877380371,
            -21.98356056213379
          ],
          [
            27.831254959106445,
            -21.983556747436523
          ],
          [
            27.831254959106445,
            -21.983556747436523
          ],
          [
            27.83125114440918,
            -21.98355484008789
          ],
          [
            27.83125114440918,
            -21.98355484008789
          ],
          [
            27.831247329711914,
            -21.983552932739258
          ],
          [
            27.831247329711914,
            -21.983552932739258
          ],
          [
            27.83124351501465,
            -21.983551025390625
          ],
          [
            27.83124351501465,
            -21.983551025390625
          ],
          [
            27.83123779296875,
            -21.983549118041992
          ],
          [
            27.83123779296875,
            -21.983549118041992
          ],
          [
            27.83123207092285,
            -21.983545303344727
          ],
          [
            27.83123207092285,
            -21.983545303344727
          ],
          [
            27.831228256225586,
            -21.983543395996094
          ],
          [
            27.831228256225586,
            -21.983543395996094
          ],
          [
            27.83122444152832,
            -21.98354148864746
          ],
          [
            27.83122444152832,
            -21.98354148864746
          ],
          [
            27.831220626831055,
            -21.983539581298828
          ],
          [
            27.831220626831055,
            -21.983539581298828
          ],
          [
            27.83121681213379,
            -21.983535766601562
          ],
          [
            27.83121681213379,
            -21.983535766601562
          ],
          [
            27.83121109008789,
            -21.98353385925293
          ],
          [
            27.83121109008789,
            -21.98353385925293
          ],
          [
            27.831207275390625,
            -21.9835319519043
          ],
          [
            27.831207275390625,
            -21.9835319519043
          ],
          [
            27.83120346069336,
            -21.983530044555664
          ],
          [
            27.83120346069336,
            -21.983530044555664
          ],
          [
            27.83120346069336,
            -21.983530044555664
          ],
          [
            27.83120346069336,
            -21.983530044555664
          ],
          [
            27.83120346069336,
            -21.983530044555664
          ],
          [
            27.83120346069336,
            -21.983530044555664
          ],
          [
            27.8311939239502,
            -21.9835262298584
          ],
          [
            27.831178665161133,
            -21.983510971069336
          ],
          [
            27.831178665161133,
            -21.983510971069336
          ],
          [
            27.831178665161133,
            -21.983510971069336
          ],
          [
            27.831180572509766,
            -21.983510971069336
          ],
          [
            27.831180572509766,
            -21.983510971069336
          ],
          [
            27.831180572509766,
            -21.98351287841797
          ],
          [
            27.831180572509766,
            -21.98351287841797
          ],
          [
            27.831180572509766,
            -21.98351287841797
          ],
          [
            27.831180572509766,
            -21.98351287841797
          ],
          [
            27.831180572509766,
            -21.98351287841797
          ],
          [
            27.831180572509766,
            -21.98351287841797
          ],
          [
            27.831180572509766,
            -21.98351287841797
          ],
          [
            27.831180572509766,
            -21.98351287841797
          ],
          [
            27.831180572509766,
            -21.98351287841797
          ],
          [
            27.831180572509766,
            -21.98351287841797
          ],
          [
            27.831180572509766,
            -21.98351287841797
          ],
          [
            27.831180572509766,
            -21.98351287841797
          ],
          [
            27.831180572509766,
            -21.98351287841797
          ],
          [
            27.831180572509766,
            -21.98351287841797
          ],
          [
            27.831180572509766,
            -21.98351287841797
          ],
          [
            27.831180572509766,
            -21.98351287841797
          ],
          [
            27.831180572509766,
            -21.98351287841797
          ],
          [
            27.831180572509766,
            -21.98351287841797
          ],
          [
            27.831180572509766,
            -21.98351287841797
          ],
          [
            27.831180572509766,
            -21.98351287841797
          ],
          [
            27.831180572509766,
            -21.98351287841797
          ],
          [
            27.831180572509766,
            -21.98351287841797
          ],
          [
            27.831180572509766,
            -21.98351287841797
          ],
          [
            27.831180572509766,
            -21.98351287841797
          ],
          [
            27.831180572509766,
            -21.983510971069336
          ],
          [
            27.831180572509766,
            -21.983510971069336
          ],
          [
            27.831178665161133,
            -21.983510971069336
          ],
          [
            27.831178665161133,
            -21.983510971069336
          ],
          [
            27.831178665161133,
            -21.9835090637207
          ],
          [
            27.831178665161133,
            -21.9835090637207
          ],
          [
            27.831178665161133,
            -21.9835090637207
          ],
          [
            27.831178665161133,
            -21.9835090637207
          ],
          [
            27.831178665161133,
            -21.9835090637207
          ],
          [
            27.831178665161133,
            -21.9835090637207
          ],
          [
            27.831178665161133,
            -21.9835090637207
          ],
          [
            27.831178665161133,
            -21.9835090637207
          ],
          [
            27.831180572509766,
            -21.9835090637207
          ],
          [
            27.831180572509766,
            -21.983505249023438
          ],
          [
            27.8311824798584,
            -21.983505249023438
          ],
          [
            27.8311824798584,
            -21.9835033416748
          ],
          [
            27.8311824798584,
            -21.9835033416748
          ],
          [
            27.8311824798584,
            -21.9835033416748
          ],
          [
            27.8311824798584,
            -21.9835033416748
          ],
          [
            27.83118438720703,
            -21.9835033416748
          ],
          [
            27.83118438720703,
            -21.9835033416748
          ],
          [
            27.83118438720703,
            -21.9835033416748
          ],
          [
            27.83118438720703,
            -21.9835033416748
          ],
          [
            27.8311824798584,
            -21.98349380493164
          ],
          [
            27.8311824798584,
            -21.98349380493164
          ],
          [
            27.8311824798584,
            -21.98349380493164
          ],
          [
            27.8311824798584,
            -21.98349380493164
          ],
          [
            27.831180572509766,
            -21.983491897583008
          ],
          [
            27.831180572509766,
            -21.983491897583008
          ],
          [
            27.831178665161133,
            -21.98349380493164
          ],
          [
            27.831178665161133,
            -21.98349380493164
          ],
          [
            27.8311767578125,
            -21.98349380493164
          ],
          [
            27.8311767578125,
            -21.98349380493164
          ],
          [
            27.831174850463867,
            -21.983495712280273
          ],
          [
            27.831174850463867,
            -21.983495712280273
          ],
          [
            27.8311767578125,
            -21.983497619628906
          ],
          [
            27.8311767578125,
            -21.983497619628906
          ],
          [
            27.831174850463867,
            -21.983495712280273
          ],
          [
            27.831174850463867,
            -21.983495712280273
          ],
          [
            27.831174850463867,
            -21.983495712280273
          ],
          [
            27.831174850463867,
            -21.983495712280273
          ],
          [
            27.831174850463867,
            -21.983495712280273
          ],
          [
            27.831174850463867,
            -21.983495712280273
          ],
          [
            27.831174850463867,
            -21.983495712280273
          ],
          [
            27.831174850463867,
            -21.983495712280273
          ],
          [
            27.8311710357666,
            -21.98349380493164
          ],
          [
            27.8311710357666,
            -21.98349380493164
          ],
          [
            27.831167221069336,
            -21.983491897583008
          ],
          [
            27.831167221069336,
            -21.983491897583008
          ],
          [
            27.831161499023438,
            -21.983489990234375
          ],
          [
            27.831161499023438,
            -21.983489990234375
          ],
          [
            27.831153869628906,
            -21.983491897583008
          ],
          [
            27.831153869628906,
            -21.983491897583008
          ],
          [
            27.831146240234375,
            -21.98349380493164
          ],
          [
            27.831146240234375,
            -21.98349380493164
          ],
          [
            27.83114242553711,
            -21.983495712280273
          ],
          [
            27.83114242553711,
            -21.983495712280273
          ],
          [
            27.83113670349121,
            -21.983497619628906
          ],
          [
            27.83113670349121,
            -21.983497619628906
          ],
          [
            27.831132888793945,
            -21.983497619628906
          ],
          [
            27.831132888793945,
            -21.983497619628906
          ],
          [
            27.83112907409668,
            -21.983495712280273
          ],
          [
            27.83112907409668,
            -21.983495712280273
          ],
          [
            27.831125259399414,
            -21.98349380493164
          ],
          [
            27.831125259399414,
            -21.98349380493164
          ],
          [
            27.831125259399414,
            -21.983491897583008
          ],
          [
            27.831125259399414,
            -21.983491897583008
          ],
          [
            27.831125259399414,
            -21.983489990234375
          ],
          [
            27.831125259399414,
            -21.983489990234375
          ],
          [
            27.83112907409668,
            -21.98348617553711
          ],
          [
            27.83112907409668,
            -21.98348617553711
          ],
          [
            27.83112907409668,
            -21.98348617553711
          ],
          [
            27.83112907409668,
            -21.98348617553711
          ],
          [
            27.83112907409668,
            -21.98348617553711
          ],
          [
            27.831130981445312,
            -21.983482360839844
          ],
          [
            27.831130981445312,
            -21.983478546142578
          ],
          [
            27.831127166748047,
            -21.983474731445312
          ],
          [
            27.83112335205078,
            -21.983470916748047
          ],
          [
            27.83112335205078,
            -21.983470916748047
          ],
          [
            27.83112335205078,
            -21.983470916748047
          ],
          [
            27.83112335205078,
            -21.983470916748047
          ],
          [
            27.83112335205078,
            -21.983469009399414
          ],
          [
            27.83112335205078,
            -21.983469009399414
          ],
          [
            27.83112335205078,
            -21.983469009399414
          ],
          [
            27.83112144470215,
            -21.983470916748047
          ],
          [
            27.83112144470215,
            -21.983470916748047
          ],
          [
            27.83112144470215,
            -21.983469009399414
          ],
          [
            27.83112144470215,
            -21.983469009399414
          ],
          [
            27.83112144470215,
            -21.983469009399414
          ],
          [
            27.83112144470215,
            -21.983469009399414
          ],
          [
            27.83112144470215,
            -21.983469009399414
          ],
          [
            27.83112144470215,
            -21.983469009399414
          ],
          [
            27.831119537353516,
            -21.98346519470215
          ],
          [
            27.831119537353516,
            -21.98346519470215
          ],
          [
            27.831113815307617,
            -21.983461380004883
          ],
          [
            27.831113815307617,
            -21.983461380004883
          ],
          [
            27.83111000061035,
            -21.983457565307617
          ],
          [
            27.83111000061035,
            -21.983457565307617
          ],
          [
            27.831106185913086,
            -21.98345375061035
          ],
          [
            27.831106185913086,
            -21.98345375061035
          ],
          [
            27.831100463867188,
            -21.98345184326172
          ],
          [
            27.831100463867188,
            -21.98345184326172
          ],
          [
            27.83109474182129,
            -21.983449935913086
          ],
          [
            27.83109474182129,
            -21.983449935913086
          ],
          [
            27.831090927124023,
            -21.983449935913086
          ],
          [
            27.831090927124023,
            -21.983449935913086
          ],
          [
            27.831085205078125,
            -21.983448028564453
          ],
          [
            27.831085205078125,
            -21.983448028564453
          ],
          [
            27.831079483032227,
            -21.98344612121582
          ],
          [
            27.831079483032227,
            -21.98344612121582
          ],
          [
            27.831077575683594,
            -21.983442306518555
          ],
          [
            27.831077575683594,
            -21.983442306518555
          ],
          [
            27.83107566833496,
            -21.98343849182129
          ],
          [
            27.83107566833496,
            -21.98343849182129
          ],
          [
            27.831079483032227,
            -21.983436584472656
          ],
          [
            27.831079483032227,
            -21.983436584472656
          ],
          [
            27.831085205078125,
            -21.983434677124023
          ],
          [
            27.831085205078125,
            -21.983434677124023
          ],
          [
            27.83108901977539,
            -21.983430862426758
          ],
          [
            27.83108901977539,
            -21.983430862426758
          ],
          [
            27.831092834472656,
            -21.983428955078125
          ],
          [
            27.831092834472656,
            -21.983428955078125
          ],
          [
            27.83109474182129,
            -21.98342514038086
          ],
          [
            27.83109474182129,
            -21.98342514038086
          ],
          [
            27.83109474182129,
            -21.98342514038086
          ],
          [
            27.83109474182129,
            -21.98342514038086
          ],
          [
            27.83109474182129,
            -21.98342514038086
          ],
          [
            27.83109474182129,
            -21.98342514038086
          ],
          [
            27.83109474182129,
            -21.98342514038086
          ],
          [
            27.831096649169922,
            -21.98342514038086
          ],
          [
            27.831096649169922,
            -21.98342514038086
          ],
          [
            27.831096649169922,
            -21.98342514038086
          ],
          [
            27.831096649169922,
            -21.98342514038086
          ],
          [
            27.831096649169922,
            -21.98342514038086
          ],
          [
            27.831096649169922,
            -21.98342514038086
          ],
          [
            27.831098556518555,
            -21.98342514038086
          ],
          [
            27.831100463867188,
            -21.98342514038086
          ],
          [
            27.831100463867188,
            -21.98342514038086
          ],
          [
            27.831100463867188,
            -21.98342514038086
          ],
          [
            27.83110237121582,
            -21.983423233032227
          ],
          [
            27.83110237121582,
            -21.983423233032227
          ],
          [
            27.83110237121582,
            -21.983423233032227
          ],
          [
            27.83110237121582,
            -21.983423233032227
          ],
          [
            27.831104278564453,
            -21.983423233032227
          ],
          [
            27.831104278564453,
            -21.983423233032227
          ],
          [
            27.831104278564453,
            -21.983421325683594
          ],
          [
            27.831104278564453,
            -21.983421325683594
          ],
          [
            27.831106185913086,
            -21.983421325683594
          ],
          [
            27.831106185913086,
            -21.983421325683594
          ],
          [
            27.83110809326172,
            -21.983421325683594
          ],
          [
            27.83110809326172,
            -21.983421325683594
          ],
          [
            27.83111000061035,
            -21.983421325683594
          ],
          [
            27.83111000061035,
            -21.983421325683594
          ]
        ]
      }
    },
    {
      "type": "Feature",
      "properties": {
        "sequence": 1,
        "motivo": "inicio"
      },
      "geometry": {
        "type": "Point",
        "coordinates": [
          27.830904006958008,
          -21.983198165893555
        ]
      }
    },
    {
      "type": "Feature",
      "properties": {
        "sequence": 2,
        "motivo": "espaciado"
      },
      "geometry": {
        "type": "Point",
        "coordinates": [
          27.830888748168945,
          -21.983200073242188
        ]
      }
    },
    {
      "type": "Feature",
      "properties": {
        "sequence": 3,
        "motivo": "espaciado"
      },
      "geometry": {
        "type": "Point",
        "coordinates": [
          27.830875396728516,
          -21.983196258544922
        ]
      }
    },
    {
      "type": "Feature",
      "properties": {
        "sequence": 4,
        "motivo": "espaciado"
      },
      "geometry": {
        "type": "Point",
        "coordinates": [
          27.83086585998535,
          -21.983190536499023
        ]
      }
    },
    {
      "type": "Feature",
      "properties": {
        "sequence": 5,
        "motivo": "espaciado"
      },
      "geometry": {
        "type": "Point",
        "coordinates": [
          27.830856323242188,
          -21.983184814453125
        ]
      }
    },
    {
      "type": "Feature",
      "properties": {
        "sequence": 6,
        "motivo": "espaciado"
      },
      "geometry": {
        "type": "Point",
        "coordinates": [
          27.83084487915039,
          -21.98318099975586
        ]
      }
    },
    {
      "type": "Feature",
      "properties": {
        "sequence": 7,
        "motivo": "curva"
      },
      "geometry": {
        "type": "Point",
        "coordinates": [
          27.830839157104492,
          -21.983177185058594
        ]
      }
    },
    {
      "type": "Feature",
      "properties": {
        "sequence": 8,
        "motivo": "espaciado"
      },
      "geometry": {
        "type": "Point",
        "coordinates": [
          27.83083152770996,
          -21.983169555664062
        ]
      }
    },
    {
      "type": "Feature",
      "properties": {
        "sequence": 9,
        "motivo": "espaciado"
      },
      "geometry": {
        "type": "Point",
        "coordinates": [
          27.830820083618164,
          -21.983163833618164
        ]
      }
    },
    {
      "type": "Feature",
      "properties": {
        "sequence": 10,
        "motivo": "espaciado"
      },
      "geometry": {
        "type": "Point",
        "coordinates": [
          27.830808639526367,
          -21.9831600189209
        ]
      }
    },
    {
      "type": "Feature",
      "properties": {
        "sequence": 11,
        "motivo": "espaciado"
      },
      "geometry": {
        "type": "Point",
        "coordinates": [
          27.8307991027832,
          -21.983156204223633
        ]
      }
    },
    {
      "type": "Feature",
      "properties": {
        "sequence": 12,
        "motivo": "espaciado"
      },
      "geometry": {
        "type": "Point",
        "coordinates": [
          27.83078956604004,
          -21.983158111572266
        ]
      }
    },
    {
      "type": "Feature",
      "properties": {
        "sequence": 13,
        "motivo": "espaciado"
      },
      "geometry": {
        "type": "Point",
        "coordinates": [
          27.830778121948242,
          -21.983154296875
        ]
      }
    },
    {
      "type": "Feature",
      "properties": {
        "sequence": 14,
        "motivo": "curva"
      },
      "geometry": {
        "type": "Point",
        "coordinates": [
          27.830780029296875,
          -21.983150482177734
        ]
      }
    },
    {
      "type": "Feature",
      "properties": {
        "sequence": 15,
        "motivo": "curva"
      },
      "geometry": {
        "type": "Point",
        "coordinates": [
          27.830780029296875,
          -21.98314666748047
        ]
      }
    },
    {
      "type": "Feature",
      "properties": {
        "sequence": 16,
        "motivo": "curva"
      },
      "geometry": {
        "type": "Point",
        "coordinates": [
          27.83077621459961,
          -21.983139038085938
        ]
      }
    },
    {
      "type": "Feature",
      "properties": {
        "sequence": 17,
        "motivo": "espaciado"
      },
      "geometry": {
        "type": "Point",
        "coordinates": [
          27.83077049255371,
          -21.983131408691406
        ]
      }
    },
    {
      "type": "Feature",
      "properties": {
        "sequence": 18,
        "motivo": "curva"
      },
      "geometry": {
        "type": "Point",
        "coordinates": [
          27.83077049255371,
          -21.98312759399414
        ]
      }
    },
    {
      "type": "Feature",
      "properties": {
        "sequence": 19,
        "motivo": "curva"
      },
      "geometry": {
        "type": "Point",
        "coordinates": [
          27.830768585205078,
          -21.983123779296875
        ]
      }
    },
    {
      "type": "Feature",
      "properties": {
        "sequence": 20,
        "motivo": "curva"
      },
      "geometry": {
        "type": "Point",
        "coordinates": [
          27.83076286315918,
          -21.983118057250977
        ]
      }
    },
    {
      "type": "Feature",
      "properties": {
        "sequence": 21,
        "motivo": "espaciado"
      },
      "geometry": {
        "type": "Point",
        "coordinates": [
          27.83075714111328,
          -21.983108520507812
        ]
      }
    },
    {
      "type": "Feature",
      "properties": {
        "sequence": 22,
        "motivo": "espaciado"
      },
      "geometry": {
        "type": "Point",
        "coordinates": [
          27.83074951171875,
          -21.98310089111328
        ]
      }
    },
    {
      "type": "Feature",
      "properties": {
        "sequence": 23,
        "motivo": "espaciado"
      },
      "geometry": {
        "type": "Point",
        "coordinates": [
          27.83074188232422,
          -21.983089447021484
        ]
      }
    },
    {
      "type": "Feature",
      "properties": {
        "sequence": 24,
        "motivo": "espaciado"
      },
      "geometry": {
        "type": "Point",
        "coordinates": [
          27.83073616027832,
          -21.98307991027832
        ]
      }
    },
    {
      "type": "Feature",
      "properties": {
        "sequence": 25,
        "motivo": "espaciado"
      },
      "geometry": {
        "type": "Point",
        "coordinates": [
          27.830730438232422,
          -21.98307228088379
        ]
      }
    },
    {
      "type": "Feature",
      "properties": {
        "sequence": 26,
        "motivo": "curva"
      },
      "geometry": {
        "type": "Point",
        "coordinates": [
          27.830726623535156,
          -21.983070373535156
        ]
      }
    },
    {
      "type": "Feature",
      "properties": {
        "sequence": 27,
        "motivo": "espaciado"
      },
      "geometry": {
        "type": "Point",
        "coordinates": [
          27.830713272094727,
          -21.983064651489258
        ]
      }
    },
    {
      "type": "Feature",
      "properties": {
        "sequence": 28,
        "motivo": "espaciado"
      },
      "geometry": {
        "type": "Point",
        "coordinates": [
          27.830703735351562,
          -21.98305892944336
        ]
      }
    },
    {
      "type": "Feature",
      "properties": {
        "sequence": 29,
        "motivo": "curva"
      },
      "geometry": {
        "type": "Point",
        "coordinates": [
          27.8306941986084,
          -21.98305892944336
        ]
      }
    },
    {
      "type": "Feature",
      "properties": {
        "sequence": 30,
        "motivo": "curva"
      },
      "geometry": {
        "type": "Point",
        "coordinates": [
          27.8306884765625,
          -21.983057022094727
        ]
      }
    },
    {
      "type": "Feature",
      "properties": {
        "sequence": 31,
        "motivo": "curva"
      },
      "geometry": {
        "type": "Point",
        "coordinates": [
          27.830684661865234,
          -21.98305320739746
        ]
      }
    },
    {
      "type": "Feature",
      "properties": {
        "sequence": 32,
        "motivo": "curva"
      },
      "geometry": {
        "type": "Point",
        "coordinates": [
          27.830678939819336,
          -21.983055114746094
        ]
      }
    },
    {
      "type": "Feature",
      "properties": {
        "sequence": 33,
        "motivo": "curva"
      },
      "geometry": {
        "type": "Point",
        "coordinates": [
          27.830673217773438,
          -21.983051300048828
        ]
      }
    },
    {
      "type": "Feature",
      "properties": {
        "sequence": 34,
        "motivo": "espaciado"
      },
      "geometry": {
        "type": "Point",
        "coordinates": [
          27.83066177368164,
          -21.983047485351562
        ]
      }
    },
    {
      "type": "Feature",
      "properties": {
        "sequence": 35,
        "motivo": "espaciado"
      },
      "geometry": {
        "type": "Point",
        "coordinates": [
          27.830652236938477,
          -21.98304557800293
        ]
      }
    },
    {
      "type": "Feature",
      "properties": {
        "sequence": 36,
        "motivo": "curva"
      },
      "geometry": {
        "type": "Point",
        "coordinates": [
          27.83064842224121,
          -21.983041763305664
        ]
      }
    },
    {
      "type": "Feature",
      "properties": {
        "sequence": 37,
        "motivo": "espaciado"
      },
      "geometry": {
        "type": "Point",
        "coordinates": [
          27.830638885498047,
          -21.983034133911133
        ]
      }
    },
    {
      "type": "Feature",
      "properties": {
        "sequence": 38,
        "motivo": "espaciado"
      },
      "geometry": {
        "type": "Point",
        "coordinates": [
          27.830631256103516,
          -21.98302459716797
        ]
      }
    },
    {
      "type": "Feature",
      "properties": {
        "sequence": 39,
        "motivo": "curva"
      },
      "geometry": {
        "type": "Point",
        "coordinates": [
          27.830631256103516,
          -21.9830207824707
        ]
      }
    },
    {
      "type": "Feature",
      "properties": {
        "sequence": 40,
        "motivo": "curva"
      },
      "geometry": {
        "type": "Point",
        "coordinates": [
          27.83062744140625,
          -21.9830150604248
        ]
      }
    },
    {
      "type": "Feature",
      "properties": {
        "sequence": 41,
        "motivo": "curva"
      },
      "geometry": {
        "type": "Point",
        "coordinates": [
          27.830631256103516,
          -21.983013153076172
        ]
      }
    },
    {
      "type": "Feature",
      "properties": {
        "sequence": 42,
        "motivo": "curva"
      },
      "geometry": {
        "type": "Point",
        "coordinates": [
          27.830636978149414,
          -21.983007431030273
        ]
      }
    },
    {
      "type": "Feature",
      "properties": {
        "sequence": 43,
        "motivo": "curva"
      },
      "geometry": {
        "type": "Point",
        "coordinates": [
          27.830631256103516,
          -21.98300552368164
        ]
      }
    },
    {
      "type": "Feature",
      "properties": {
        "sequence": 44,
        "motivo": "curva"
      },
      "geometry": {
        "type": "Point",
        "coordinates": [
          27.83062744140625,
          -21.982999801635742
        ]
      }
    },
    {
      "type": "Feature",
      "properties": {
        "sequence": 45,
        "motivo": "curva"
      },
      "geometry": {
        "type": "Point",
        "coordinates": [
          27.83062171936035,
          -21.982995986938477
        ]
      }
    },
    {
      "type": "Feature",
      "properties": {
        "sequence": 46,
        "motivo": "espaciado"
      },
      "geometry": {
        "type": "Point",
        "coordinates": [
          27.83061408996582,
          -21.982986450195312
        ]
      }
    },
    {
      "type": "Feature",
      "properties": {
        "sequence": 47,
        "motivo": "espaciado"
      },
      "geometry": {
        "type": "Point",
        "coordinates": [
          27.83060646057129,
          -21.98297882080078
        ]
      }
    },
    {
      "type": "Feature",
      "properties": {
        "sequence": 48,
        "motivo": "curva"
      },
      "geometry": {
        "type": "Point",
        "coordinates": [
          27.830604553222656,
          -21.982975006103516
        ]
      }
    },
    {
      "type": "Feature",
      "properties": {
        "sequence": 49,
        "motivo": "curva"
      },
      "geometry": {
        "type": "Point",
        "coordinates": [
          27.830608367919922,
          -21.98297119140625
        ]
      }
    },
    {
      "type": "Feature",
      "properties": {
        "sequence": 50,
        "motivo": "curva"
      },
      "geometry": {
        "type": "Point",
        "coordinates": [
          27.830602645874023,
          -21.98297119140625
        ]
      }
    },
    {
      "type": "Feature",
      "properties": {
        "sequence": 51,
        "motivo": "curva"
      },
      "geometry": {
        "type": "Point",
        "coordinates": [
          27.830602645874023,
          -21.982967376708984
        ]
      }
    },
    {
      "type": "Feature",
      "properties": {
        "sequence": 52,
        "motivo": "espaciado"
      },
      "geometry": {
        "type": "Point",
        "coordinates": [
          27.830602645874023,
          -21.982955932617188
        ]
      }
    },
    {
      "type": "Feature",
      "properties": {
        "sequence": 53,
        "motivo": "espaciado"
      },
      "geometry": {
        "type": "Point",
        "coordinates": [
          27.830602645874023,
          -21.982946395874023
        ]
      }
    },
    {
      "type": "Feature",
      "properties": {
        "sequence": 54,
        "motivo": "curva"
      },
      "geometry": {
        "type": "Point",
        "coordinates": [
          27.830598831176758,
          -21.982938766479492
        ]
      }
    },
    {
      "type": "Feature",
      "properties": {
        "sequence": 55,
        "motivo": "espaciado"
      },
      "geometry": {
        "type": "Point",
        "coordinates": [
          27.830596923828125,
          -21.982929229736328
        ]
      }
    },
    {
      "type": "Feature",
      "properties": {
        "sequence": 56,
        "motivo": "curva"
      },
      "geometry": {
        "type": "Point",
        "coordinates": [
          27.83060073852539,
          -21.982925415039062
        ]
      }
    },
    {
      "type": "Feature",
      "properties": {
        "sequence": 57,
        "motivo": "curva"
      },
      "geometry": {
        "type": "Point",
        "coordinates": [
          27.830602645874023,
          -21.9829216003418
        ]
      }
    },
    {
      "type": "Feature",
      "properties": {
        "sequence": 58,
        "motivo": "curva"
      },
      "geometry": {
        "type": "Point",
        "coordinates": [
          27.830598831176758,
          -21.98291778564453
        ]
      }
    },
    {
      "type": "Feature",
      "properties": {
        "sequence": 59,
        "motivo": "curva"
      },
      "geometry": {
        "type": "Point",
        "coordinates": [
          27.830596923828125,
          -21.982913970947266
        ]
      }
    },
    {
      "type": "Feature",
      "properties": {
        "sequence": 60,
        "motivo": "espaciado"
      },
      "geometry": {
        "type": "Point",
        "coordinates": [
          27.830591201782227,
          -21.98290252685547
        ]
      }
    },
    {
      "type": "Feature",
      "properties": {
        "sequence": 61,
        "motivo": "curva"
      },
      "geometry": {
        "type": "Point",
        "coordinates": [
          27.830591201782227,
          -21.9828987121582
        ]
      }
    },
    {
      "type": "Feature",
      "properties": {
        "sequence": 62,
        "motivo": "manual"
      },
      "geometry": {
        "type": "Point",
        "coordinates": [
          27.830591201782227,
          -21.982887268066406
        ]
      }
    },
    {
      "type": "Feature",
      "properties": {
        "sequence": 63,
        "motivo": "curva"
      },
      "geometry": {
        "type": "Point",
        "coordinates": [
          27.83059310913086,
          -21.98288345336914
        ]
      }
    },
    {
      "type": "Feature",
      "properties": {
        "sequence": 64,
        "motivo": "curva"
      },
      "geometry": {
        "type": "Point",
        "coordinates": [
          27.830596923828125,
          -21.982881546020508
        ]
      }
    },
    {
      "type": "Feature",
      "properties": {
        "sequence": 65,
        "motivo": "curva"
      },
      "geometry": {
        "type": "Point",
        "coordinates": [
          27.830595016479492,
          -21.982877731323242
        ]
      }
    },
    {
      "type": "Feature",
      "properties": {
        "sequence": 66,
        "motivo": "curva"
      },
      "geometry": {
        "type": "Point",
        "coordinates": [
          27.83060073852539,
          -21.982877731323242
        ]
      }
    },
    {
      "type": "Feature",
      "properties": {
        "sequence": 67,
        "motivo": "curva"
      },
      "geometry": {
        "type": "Point",
        "coordinates": [
          27.830604553222656,
          -21.982873916625977
        ]
      }
    },
    {
      "type": "Feature",
      "properties": {
        "sequence": 68,
        "motivo": "curva"
      },
      "geometry": {
        "type": "Point",
        "coordinates": [
          27.830608367919922,
          -21.982872009277344
        ]
      }
    },
    {
      "type": "Feature",
      "properties": {
        "sequence": 69,
        "motivo": "curva"
      },
      "geometry": {
        "type": "Point",
        "coordinates": [
          27.830612182617188,
          -21.982873916625977
        ]
      }
    },
    {
      "type": "Feature",
      "properties": {
        "sequence": 70,
        "motivo": "manual"
      },
      "geometry": {
        "type": "Point",
        "coordinates": [
          27.83061408996582,
          -21.98287582397461
        ]
      }
    },
    {
      "type": "Feature",
      "properties": {
        "sequence": 71,
        "motivo": "curva"
      },
      "geometry": {
        "type": "Point",
        "coordinates": [
          27.830617904663086,
          -21.982873916625977
        ]
      }
    },
    {
      "type": "Feature",
      "properties": {
        "sequence": 72,
        "motivo": "espaciado"
      },
      "geometry": {
        "type": "Point",
        "coordinates": [
          27.83062744140625,
          -21.98287010192871
        ]
      }
    },
    {
      "type": "Feature",
      "properties": {
        "sequence": 73,
        "motivo": "espaciado"
      },
      "geometry": {
        "type": "Point",
        "coordinates": [
          27.830638885498047,
          -21.982868194580078
        ]
      }
    },
    {
      "type": "Feature",
      "properties": {
        "sequence": 74,
        "motivo": "curva"
      },
      "geometry": {
        "type": "Point",
        "coordinates": [
          27.830638885498047,
          -21.982864379882812
        ]
      }
    },
    {
      "type": "Feature",
      "properties": {
        "sequence": 75,
        "motivo": "curva"
      },
      "geometry": {
        "type": "Point",
        "coordinates": [
          27.830642700195312,
          -21.98286247253418
        ]
      }
    },
    {
      "type": "Feature",
      "properties": {
        "sequence": 76,
        "motivo": "curva"
      },
      "geometry": {
        "type": "Point",
        "coordinates": [
          27.830650329589844,
          -21.98286247253418
        ]
      }
    },
    {
      "type": "Feature",
      "properties": {
        "sequence": 77,
        "motivo": "espaciado"
      },
      "geometry": {
        "type": "Point",
        "coordinates": [
          27.83066177368164,
          -21.982860565185547
        ]
      }
    },
    {
      "type": "Feature",
      "properties": {
        "sequence": 78,
        "motivo": "curva"
      },
      "geometry": {
        "type": "Point",
        "coordinates": [
          27.830669403076172,
          -21.98285675048828
        ]
      }
    },
    {
      "type": "Feature",
      "properties": {
        "sequence": 79,
        "motivo": "curva"
      },
      "geometry": {
        "type": "Point",
        "coordinates": [
          27.83067512512207,
          -21.98285675048828
        ]
      }
    },
    {
      "type": "Feature",
      "properties": {
        "sequence": 80,
        "motivo": "curva"
      },
      "geometry": {
        "type": "Point",
        "coordinates": [
          27.83068084716797,
          -21.98285484313965
        ]
      }
    },
    {
      "type": "Feature",
      "properties": {
        "sequence": 81,
        "motivo": "curva"
      },
      "geometry": {
        "type": "Point",
        "coordinates": [
          27.830686569213867,
          -21.98284912109375
        ]
      }
    },
    {
      "type": "Feature",
      "properties": {
        "sequence": 82,
        "motivo": "curva"
      },
      "geometry": {
        "type": "Point",
        "coordinates": [
          27.830692291259766,
          -21.982847213745117
        ]
      }
    },
    {
      "type": "Feature",
      "properties": {
        "sequence": 83,
        "motivo": "espaciado"
      },
      "geometry": {
        "type": "Point",
        "coordinates": [
          27.83070182800293,
          -21.982845306396484
        ]
      }
    },
    {
      "type": "Feature",
      "properties": {
        "sequence": 84,
        "motivo": "curva"
      },
      "geometry": {
        "type": "Point",
        "coordinates": [
          27.830707550048828,
          -21.98284149169922
        ]
      }
    },
    {
      "type": "Feature",
      "properties": {
        "sequence": 85,
        "motivo": "espaciado"
      },
      "geometry": {
        "type": "Point",
        "coordinates": [
          27.830717086791992,
          -21.982839584350586
        ]
      }
    },
    {
      "type": "Feature",
      "properties": {
        "sequence": 86,
        "motivo": "curva"
      },
      "geometry": {
        "type": "Point",
        "coordinates": [
          27.830720901489258,
          -21.982837677001953
        ]
      }
    },
    {
      "type": "Feature",
      "properties": {
        "sequence": 87,
        "motivo": "curva"
      },
      "geometry": {
        "type": "Point",
        "coordinates": [
          27.830724716186523,
          -21.982831954956055
        ]
      }
    },
    {
      "type": "Feature",
      "properties": {
        "sequence": 88,
        "motivo": "curva"
      },
      "geometry": {
        "type": "Point",
        "coordinates": [
          27.83072853088379,
          -21.982830047607422
        ]
      }
    },
    {
      "type": "Feature",
      "properties": {
        "sequence": 89,
        "motivo": "manual"
      },
      "geometry": {
        "type": "Point",
        "coordinates": [
          27.830730438232422,
          -21.98282814025879
        ]
      }
    },
    {
      "type": "Feature",
      "properties": {
        "sequence": 90,
        "motivo": "curva"
      },
      "geometry": {
        "type": "Point",
        "coordinates": [
          27.83073616027832,
          -21.98282814025879
        ]
      }
    },
    {
      "type": "Feature",
      "properties": {
        "sequence": 91,
        "motivo": "curva"
      },
      "geometry": {
        "type": "Point",
        "coordinates": [
          27.830739974975586,
          -21.982830047607422
        ]
      }
    },
    {
      "type": "Feature",
      "properties": {
        "sequence": 92,
        "motivo": "curva"
      },
      "geometry": {
        "type": "Point",
        "coordinates": [
          27.83074378967285,
          -21.98282814025879
        ]
      }
    },
    {
      "type": "Feature",
      "properties": {
        "sequence": 93,
        "motivo": "curva"
      },
      "geometry": {
        "type": "Point",
        "coordinates": [
          27.830747604370117,
          -21.982824325561523
        ]
      }
    },
    {
      "type": "Feature",
      "properties": {
        "sequence": 94,
        "motivo": "curva"
      },
      "geometry": {
        "type": "Point",
        "coordinates": [
          27.83074951171875,
          -21.982818603515625
        ]
      }
    },
    {
      "type": "Feature",
      "properties": {
        "sequence": 95,
        "motivo": "curva"
      },
      "geometry": {
        "type": "Point",
        "coordinates": [
          27.830753326416016,
          -21.982816696166992
        ]
      }
    },
    {
      "type": "Feature",
      "properties": {
        "sequence": 96,
        "motivo": "curva"
      },
      "geometry": {
        "type": "Point",
        "coordinates": [
          27.83075714111328,
          -21.982812881469727
        ]
      }
    },
    {
      "type": "Feature",
      "properties": {
        "sequence": 97,
        "motivo": "espaciado"
      },
      "geometry": {
        "type": "Point",
        "coordinates": [
          27.830766677856445,
          -21.982803344726562
        ]
      }
    },
    {
      "type": "Feature",
      "properties": {
        "sequence": 98,
        "motivo": "curva"
      },
      "geometry": {
        "type": "Point",
        "coordinates": [
          27.83077049255371,
          -21.98280143737793
        ]
      }
    },
    {
      "type": "Feature",
      "properties": {
        "sequence": 99,
        "motivo": "espaciado"
      },
      "geometry": {
        "type": "Point",
        "coordinates": [
          27.830780029296875,
          -21.98279571533203
        ]
      }
    },
    {
      "type": "Feature",
      "properties": {
        "sequence": 100,
        "motivo": "espaciado"
      },
      "geometry": {
        "type": "Point",
        "coordinates": [
          27.830785751342773,
          -21.9827880859375
        ]
      }
    },
    {
      "type": "Feature",
      "properties": {
        "sequence": 101,
        "motivo": "curva"
      },
      "geometry": {
        "type": "Point",
        "coordinates": [
          27.83078956604004,
          -21.982786178588867
        ]
      }
    },
    {
      "type": "Feature",
      "properties": {
        "sequence": 102,
        "motivo": "curva"
      },
      "geometry": {
        "type": "Point",
        "coordinates": [
          27.830791473388672,
          -21.9827823638916
        ]
      }
    },
    {
      "type": "Feature",
      "properties": {
        "sequence": 103,
        "motivo": "curva"
      },
      "geometry": {
        "type": "Point",
        "coordinates": [
          27.830795288085938,
          -21.98278045654297
        ]
      }
    },
    {
      "type": "Feature",
      "properties": {
        "sequence": 104,
        "motivo": "espaciado"
      },
      "geometry": {
        "type": "Point",
        "coordinates": [
          27.830810546875,
          -21.9827709197998
        ]
      }
    },
    {
      "type": "Feature",
      "properties": {
        "sequence": 105,
        "motivo": "espaciado"
      },
      "geometry": {
        "type": "Point",
        "coordinates": [
          27.830820083618164,
          -21.982763290405273
        ]
      }
    },
    {
      "type": "Feature",
      "properties": {
        "sequence": 106,
        "motivo": "curva"
      },
      "geometry": {
        "type": "Point",
        "coordinates": [
          27.83082389831543,
          -21.982757568359375
        ]
      }
    },
    {
      "type": "Feature",
      "properties": {
        "sequence": 107,
        "motivo": "curva"
      },
      "geometry": {
        "type": "Point",
        "coordinates": [
          27.830829620361328,
          -21.982755661010742
        ]
      }
    },
    {
      "type": "Feature",
      "properties": {
        "sequence": 108,
        "motivo": "curva"
      },
      "geometry": {
        "type": "Point",
        "coordinates": [
          27.830833435058594,
          -21.982751846313477
        ]
      }
    },
    {
      "type": "Feature",
      "properties": {
        "sequence": 109,
        "motivo": "curva"
      },
      "geometry": {
        "type": "Point",
        "coordinates": [
          27.83083724975586,
          -21.982749938964844
        ]
      }
    },
    {
      "type": "Feature",
      "properties": {
        "sequence": 110,
        "motivo": "espaciado"
      },
      "geometry": {
        "type": "Point",
        "coordinates": [
          27.830848693847656,
          -21.982746124267578
        ]
      }
    },
    {
      "type": "Feature",
      "properties": {
        "sequence": 111,
        "motivo": "curva"
      },
      "geometry": {
        "type": "Point",
        "coordinates": [
          27.830854415893555,
          -21.982742309570312
        ]
      }
    },
    {
      "type": "Feature",
      "properties": {
        "sequence": 112,
        "motivo": "manual"
      },
      "geometry": {
        "type": "Point",
        "coordinates": [
          27.830856323242188,
          -21.982742309570312
        ]
      }
    },
    {
      "type": "Feature",
      "properties": {
        "sequence": 113,
        "motivo": "curva"
      },
      "geometry": {
        "type": "Point",
        "coordinates": [
          27.830860137939453,
          -21.982744216918945
        ]
      }
    },
    {
      "type": "Feature",
      "properties": {
        "sequence": 114,
        "motivo": "curva"
      },
      "geometry": {
        "type": "Point",
        "coordinates": [
          27.83086395263672,
          -21.98274040222168
        ]
      }
    },
    {
      "type": "Feature",
      "properties": {
        "sequence": 115,
        "motivo": "espaciado"
      },
      "geometry": {
        "type": "Point",
        "coordinates": [
          27.83087158203125,
          -21.982730865478516
        ]
      }
    },
    {
      "type": "Feature",
      "properties": {
        "sequence": 116,
        "motivo": "espaciado"
      },
      "geometry": {
        "type": "Point",
        "coordinates": [
          27.83087921142578,
          -21.982723236083984
        ]
      }
    },
    {
      "type": "Feature",
      "properties": {
        "sequence": 117,
        "motivo": "curva"
      },
      "geometry": {
        "type": "Point",
        "coordinates": [
          27.830881118774414,
          -21.98271942138672
        ]
      }
    },
    {
      "type": "Feature",
      "properties": {
        "sequence": 118,
        "motivo": "curva"
      },
      "geometry": {
        "type": "Point",
        "coordinates": [
          27.830886840820312,
          -21.98271369934082
        ]
      }
    },
    {
      "type": "Feature",
      "properties": {
        "sequence": 119,
        "motivo": "espaciado"
      },
      "geometry": {
        "type": "Point",
        "coordinates": [
          27.830894470214844,
          -21.98270606994629
        ]
      }
    },
    {
      "type": "Feature",
      "properties": {
        "sequence": 120,
        "motivo": "curva"
      },
      "geometry": {
        "type": "Point",
        "coordinates": [
          27.830900192260742,
          -21.982704162597656
        ]
      }
    },
    {
      "type": "Feature",
      "properties": {
        "sequence": 121,
        "motivo": "espaciado"
      },
      "geometry": {
        "type": "Point",
        "coordinates": [
          27.830907821655273,
          -21.982698440551758
        ]
      }
    },
    {
      "type": "Feature",
      "properties": {
        "sequence": 122,
        "motivo": "curva"
      },
      "geometry": {
        "type": "Point",
        "coordinates": [
          27.830913543701172,
          -21.982696533203125
        ]
      }
    },
    {
      "type": "Feature",
      "properties": {
        "sequence": 123,
        "motivo": "espaciado"
      },
      "geometry": {
        "type": "Point",
        "coordinates": [
          27.830923080444336,
          -21.98269271850586
        ]
      }
    },
    {
      "type": "Feature",
      "properties": {
        "sequence": 124,
        "motivo": "espaciado"
      },
      "geometry": {
        "type": "Point",
        "coordinates": [
          27.8309326171875,
          -21.982685089111328
        ]
      }
    },
    {
      "type": "Feature",
      "properties": {
        "sequence": 125,
        "motivo": "espaciado"
      },
      "geometry": {
        "type": "Point",
        "coordinates": [
          27.83094024658203,
          -21.9826774597168
        ]
      }
    },
    {
      "type": "Feature",
      "properties": {
        "sequence": 126,
        "motivo": "manual"
      },
      "geometry": {
        "type": "Point",
        "coordinates": [
          27.83094596862793,
          -21.9826717376709
        ]
      }
    },
    {
      "type": "Feature",
      "properties": {
        "sequence": 127,
        "motivo": "manual"
      },
      "geometry": {
        "type": "Point",
        "coordinates": [
          27.830947875976562,
          -21.9826717376709
        ]
      }
    },
    {
      "type": "Feature",
      "properties": {
        "sequence": 128,
        "motivo": "curva"
      },
      "geometry": {
        "type": "Point",
        "coordinates": [
          27.830951690673828,
          -21.982667922973633
        ]
      }
    },
    {
      "type": "Feature",
      "properties": {
        "sequence": 129,
        "motivo": "espaciado"
      },
      "geometry": {
        "type": "Point",
        "coordinates": [
          27.830961227416992,
          -21.9826602935791
        ]
      }
    },
    {
      "type": "Feature",
      "properties": {
        "sequence": 130,
        "motivo": "curva"
      },
      "geometry": {
        "type": "Point",
        "coordinates": [
          27.83096694946289,
          -21.9826602935791
        ]
      }
    },
    {
      "type": "Feature",
      "properties": {
        "sequence": 131,
        "motivo": "curva"
      },
      "geometry": {
        "type": "Point",
        "coordinates": [
          27.830970764160156,
          -21.98265838623047
        ]
      }
    },
    {
      "type": "Feature",
      "properties": {
        "sequence": 132,
        "motivo": "curva"
      },
      "geometry": {
        "type": "Point",
        "coordinates": [
          27.83098030090332,
          -21.98265838623047
        ]
      }
    },
    {
      "type": "Feature",
      "properties": {
        "sequence": 133,
        "motivo": "curva"
      },
      "geometry": {
        "type": "Point",
        "coordinates": [
          27.83098793029785,
          -21.982656478881836
        ]
      }
    },
    {
      "type": "Feature",
      "properties": {
        "sequence": 134,
        "motivo": "espaciado"
      },
      "geometry": {
        "type": "Point",
        "coordinates": [
          27.83099937438965,
          -21.982650756835938
        ]
      }
    },
    {
      "type": "Feature",
      "properties": {
        "sequence": 135,
        "motivo": "curva"
      },
      "geometry": {
        "type": "Point",
        "coordinates": [
          27.831005096435547,
          -21.98264503479004
        ]
      }
    },
    {
      "type": "Feature",
      "properties": {
        "sequence": 136,
        "motivo": "espaciado"
      },
      "geometry": {
        "type": "Point",
        "coordinates": [
          27.831010818481445,
          -21.982637405395508
        ]
      }
    },
    {
      "type": "Feature",
      "properties": {
        "sequence": 137,
        "motivo": "espaciado"
      },
      "geometry": {
        "type": "Point",
        "coordinates": [
          27.831018447875977,
          -21.98263168334961
        ]
      }
    },
    {
      "type": "Feature",
      "properties": {
        "sequence": 138,
        "motivo": "curva"
      },
      "geometry": {
        "type": "Point",
        "coordinates": [
          27.831022262573242,
          -21.982633590698242
        ]
      }
    },
    {
      "type": "Feature",
      "properties": {
        "sequence": 139,
        "motivo": "curva"
      },
      "geometry": {
        "type": "Point",
        "coordinates": [
          27.831026077270508,
          -21.98263168334961
        ]
      }
    },
    {
      "type": "Feature",
      "properties": {
        "sequence": 140,
        "motivo": "curva"
      },
      "geometry": {
        "type": "Point",
        "coordinates": [
          27.831035614013672,
          -21.98263168334961
        ]
      }
    },
    {
      "type": "Feature",
      "properties": {
        "sequence": 141,
        "motivo": "curva"
      },
      "geometry": {
        "type": "Point",
        "coordinates": [
          27.831039428710938,
          -21.982633590698242
        ]
      }
    },
    {
      "type": "Feature",
      "properties": {
        "sequence": 142,
        "motivo": "curva"
      },
      "geometry": {
        "type": "Point",
        "coordinates": [
          27.8310432434082,
          -21.982627868652344
        ]
      }
    },
    {
      "type": "Feature",
      "properties": {
        "sequence": 143,
        "motivo": "espaciado"
      },
      "geometry": {
        "type": "Point",
        "coordinates": [
          27.8310489654541,
          -21.982620239257812
        ]
      }
    },
    {
      "type": "Feature",
      "properties": {
        "sequence": 144,
        "motivo": "curva"
      },
      "geometry": {
        "type": "Point",
        "coordinates": [
          27.8310489654541,
          -21.982616424560547
        ]
      }
    },
    {
      "type": "Feature",
      "properties": {
        "sequence": 145,
        "motivo": "curva"
      },
      "geometry": {
        "type": "Point",
        "coordinates": [
          27.831052780151367,
          -21.982614517211914
        ]
      }
    },
    {
      "type": "Feature",
      "properties": {
        "sequence": 146,
        "motivo": "curva"
      },
      "geometry": {
        "type": "Point",
        "coordinates": [
          27.8310546875,
          -21.982608795166016
        ]
      }
    },
    {
      "type": "Feature",
      "properties": {
        "sequence": 147,
        "motivo": "curva"
      },
      "geometry": {
        "type": "Point",
        "coordinates": [
          27.8310546875,
          -21.98260498046875
        ]
      }
    },
    {
      "type": "Feature",
      "properties": {
        "sequence": 148,
        "motivo": "curva"
      },
      "geometry": {
        "type": "Point",
        "coordinates": [
          27.831056594848633,
          -21.982601165771484
        ]
      }
    },
    {
      "type": "Feature",
      "properties": {
        "sequence": 149,
        "motivo": "curva"
      },
      "geometry": {
        "type": "Point",
        "coordinates": [
          27.8310604095459,
          -21.98259925842285
        ]
      }
    },
    {
      "type": "Feature",
      "properties": {
        "sequence": 150,
        "motivo": "curva"
      },
      "geometry": {
        "type": "Point",
        "coordinates": [
          27.8310604095459,
          -21.982595443725586
        ]
      }
    },
    {
      "type": "Feature",
      "properties": {
        "sequence": 151,
        "motivo": "curva"
      },
      "geometry": {
        "type": "Point",
        "coordinates": [
          27.83106231689453,
          -21.98259162902832
        ]
      }
    },
    {
      "type": "Feature",
      "properties": {
        "sequence": 152,
        "motivo": "curva"
      },
      "geometry": {
        "type": "Point",
        "coordinates": [
          27.83106803894043,
          -21.982587814331055
        ]
      }
    },
    {
      "type": "Feature",
      "properties": {
        "sequence": 153,
        "motivo": "curva"
      },
      "geometry": {
        "type": "Point",
        "coordinates": [
          27.831073760986328,
          -21.982585906982422
        ]
      }
    },
    {
      "type": "Feature",
      "properties": {
        "sequence": 154,
        "motivo": "espaciado"
      },
      "geometry": {
        "type": "Point",
        "coordinates": [
          27.831083297729492,
          -21.98257827758789
        ]
      }
    },
    {
      "type": "Feature",
      "properties": {
        "sequence": 155,
        "motivo": "curva"
      },
      "geometry": {
        "type": "Point",
        "coordinates": [
          27.831083297729492,
          -21.982572555541992
        ]
      }
    },
    {
      "type": "Feature",
      "properties": {
        "sequence": 156,
        "motivo": "curva"
      },
      "geometry": {
        "type": "Point",
        "coordinates": [
          27.831085205078125,
          -21.982568740844727
        ]
      }
    },
    {
      "type": "Feature",
      "properties": {
        "sequence": 157,
        "motivo": "curva"
      },
      "geometry": {
        "type": "Point",
        "coordinates": [
          27.831090927124023,
          -21.982563018798828
        ]
      }
    },
    {
      "type": "Feature",
      "properties": {
        "sequence": 158,
        "motivo": "curva"
      },
      "geometry": {
        "type": "Point",
        "coordinates": [
          27.83109474182129,
          -21.9825611114502
        ]
      }
    },
    {
      "type": "Feature",
      "properties": {
        "sequence": 159,
        "motivo": "curva"
      },
      "geometry": {
        "type": "Point",
        "coordinates": [
          27.831100463867188,
          -21.9825611114502
        ]
      }
    },
    {
      "type": "Feature",
      "properties": {
        "sequence": 160,
        "motivo": "curva"
      },
      "geometry": {
        "type": "Point",
        "coordinates": [
          27.831104278564453,
          -21.982563018798828
        ]
      }
    },
    {
      "type": "Feature",
      "properties": {
        "sequence": 161,
        "motivo": "curva"
      },
      "geometry": {
        "type": "Point",
        "coordinates": [
          27.83110809326172,
          -21.982559204101562
        ]
      }
    },
    {
      "type": "Feature",
      "properties": {
        "sequence": 162,
        "motivo": "curva"
      },
      "geometry": {
        "type": "Point",
        "coordinates": [
          27.83111000061035,
          -21.9825553894043
        ]
      }
    },
    {
      "type": "Feature",
      "properties": {
        "sequence": 163,
        "motivo": "curva"
      },
      "geometry": {
        "type": "Point",
        "coordinates": [
          27.831113815307617,
          -21.98255729675293
        ]
      }
    },
    {
      "type": "Feature",
      "properties": {
        "sequence": 164,
        "motivo": "curva"
      },
      "geometry": {
        "type": "Point",
        "coordinates": [
          27.83111000061035,
          -21.982559204101562
        ]
      }
    },
    {
      "type": "Feature",
      "properties": {
        "sequence": 165,
        "motivo": "curva"
      },
      "geometry": {
        "type": "Point",
        "coordinates": [
          27.83111572265625,
          -21.982559204101562
        ]
      }
    },
    {
      "type": "Feature",
      "properties": {
        "sequence": 166,
        "motivo": "curva"
      },
      "geometry": {
        "type": "Point",
        "coordinates": [
          27.831117630004883,
          -21.98255157470703
        ]
      }
    },
    {
      "type": "Feature",
      "properties": {
        "sequence": 167,
        "motivo": "espaciado"
      },
      "geometry": {
        "type": "Point",
        "coordinates": [
          27.831119537353516,
          -21.982540130615234
        ]
      }
    },
    {
      "type": "Feature",
      "properties": {
        "sequence": 168,
        "motivo": "curva"
      },
      "geometry": {
        "type": "Point",
        "coordinates": [
          27.83112144470215,
          -21.98253631591797
        ]
      }
    },
    {
      "type": "Feature",
      "properties": {
        "sequence": 169,
        "motivo": "curva"
      },
      "geometry": {
        "type": "Point",
        "coordinates": [
          27.831127166748047,
          -21.982534408569336
        ]
      }
    },
    {
      "type": "Feature",
      "properties": {
        "sequence": 170,
        "motivo": "curva"
      },
      "geometry": {
        "type": "Point",
        "coordinates": [
          27.83112907409668,
          -21.98253059387207
        ]
      }
    },
    {
      "type": "Feature",
      "properties": {
        "sequence": 171,
        "motivo": "espaciado"
      },
      "geometry": {
        "type": "Point",
        "coordinates": [
          27.83113670349121,
          -21.98252296447754
        ]
      }
    },
    {
      "type": "Feature",
      "properties": {
        "sequence": 172,
        "motivo": "curva"
      },
      "geometry": {
        "type": "Point",
        "coordinates": [
          27.831140518188477,
          -21.982521057128906
        ]
      }
    },
    {
      "type": "Feature",
      "properties": {
        "sequence": 173,
        "motivo": "espaciado"
      },
      "geometry": {
        "type": "Point",
        "coordinates": [
          27.831148147583008,
          -21.982513427734375
        ]
      }
    },
    {
      "type": "Feature",
      "properties": {
        "sequence": 174,
        "motivo": "curva"
      },
      "geometry": {
        "type": "Point",
        "coordinates": [
          27.83115005493164,
          -21.98250961303711
        ]
      }
    },
    {
      "type": "Feature",
      "properties": {
        "sequence": 175,
        "motivo": "curva"
      },
      "geometry": {
        "type": "Point",
        "coordinates": [
          27.831153869628906,
          -21.982507705688477
        ]
      }
    },
    {
      "type": "Feature",
      "properties": {
        "sequence": 176,
        "motivo": "espaciado"
      },
      "geometry": {
        "type": "Point",
        "coordinates": [
          27.831161499023438,
          -21.982501983642578
        ]
      }
    },
    {
      "type": "Feature",
      "properties": {
        "sequence": 177,
        "motivo": "espaciado"
      },
      "geometry": {
        "type": "Point",
        "coordinates": [
          27.8311710357666,
          -21.98249626159668
        ]
      }
    },
    {
      "type": "Feature",
      "properties": {
        "sequence": 178,
        "motivo": "espaciado"
      },
      "geometry": {
        "type": "Point",
        "coordinates": [
          27.8311824798584,
          -21.98249053955078
        ]
      }
    },
    {
      "type": "Feature",
      "properties": {
        "sequence": 179,
        "motivo": "curva"
      },
      "geometry": {
        "type": "Point",
        "coordinates": [
          27.8311882019043,
          -21.982492446899414
        ]
      }
    },
    {
      "type": "Feature",
      "properties": {
        "sequence": 180,
        "motivo": "espaciado"
      },
      "geometry": {
        "type": "Point",
        "coordinates": [
          27.83119773864746,
          -21.98249626159668
        ]
      }
    },
    {
      "type": "Feature",
      "properties": {
        "sequence": 181,
        "motivo": "curva"
      },
      "geometry": {
        "type": "Point",
        "coordinates": [
          27.831205368041992,
          -21.982492446899414
        ]
      }
    },
    {
      "type": "Feature",
      "properties": {
        "sequence": 182,
        "motivo": "curva"
      },
      "geometry": {
        "type": "Point",
        "coordinates": [
          27.831209182739258,
          -21.982484817504883
        ]
      }
    },
    {
      "type": "Feature",
      "properties": {
        "sequence": 183,
        "motivo": "espaciado"
      },
      "geometry": {
        "type": "Point",
        "coordinates": [
          27.83121681213379,
          -21.98247718811035
        ]
      }
    },
    {
      "type": "Feature",
      "properties": {
        "sequence": 184,
        "motivo": "espaciado"
      },
      "geometry": {
        "type": "Point",
        "coordinates": [
          27.83122444152832,
          -21.98246955871582
        ]
      }
    },
    {
      "type": "Feature",
      "properties": {
        "sequence": 185,
        "motivo": "espaciado"
      },
      "geometry": {
        "type": "Point",
        "coordinates": [
          27.83123207092285,
          -21.98246192932129
        ]
      }
    },
    {
      "type": "Feature",
      "properties": {
        "sequence": 186,
        "motivo": "curva"
      },
      "geometry": {
        "type": "Point",
        "coordinates": [
          27.83123779296875,
          -21.982460021972656
        ]
      }
    },
    {
      "type": "Feature",
      "properties": {
        "sequence": 187,
        "motivo": "curva"
      },
      "geometry": {
        "type": "Point",
        "coordinates": [
          27.83124351501465,
          -21.98246192932129
        ]
      }
    },
    {
      "type": "Feature",
      "properties": {
        "sequence": 188,
        "motivo": "curva"
      },
      "geometry": {
        "type": "Point",
        "coordinates": [
          27.83125114440918,
          -21.982460021972656
        ]
      }
    },
    {
      "type": "Feature",
      "properties": {
        "sequence": 189,
        "motivo": "curva"
      },
      "geometry": {
        "type": "Point",
        "coordinates": [
          27.83125114440918,
          -21.98245620727539
        ]
      }
    },
    {
      "type": "Feature",
      "properties": {
        "sequence": 190,
        "motivo": "curva"
      },
      "geometry": {
        "type": "Point",
        "coordinates": [
          27.83125877380371,
          -21.982452392578125
        ]
      }
    },
    {
      "type": "Feature",
      "properties": {
        "sequence": 191,
        "motivo": "espaciado"
      },
      "geometry": {
        "type": "Point",
        "coordinates": [
          27.831266403198242,
          -21.982444763183594
        ]
      }
    },
    {
      "type": "Feature",
      "properties": {
        "sequence": 192,
        "motivo": "espaciado"
      },
      "geometry": {
        "type": "Point",
        "coordinates": [
          27.831279754638672,
          -21.9824333190918
        ]
      }
    },
    {
      "type": "Feature",
      "properties": {
        "sequence": 193,
        "motivo": "espaciado"
      },
      "geometry": {
        "type": "Point",
        "coordinates": [
          27.83128547668457,
          -21.982425689697266
        ]
      }
    },
    {
      "type": "Feature",
      "properties": {
        "sequence": 194,
        "motivo": "espaciado"
      },
      "geometry": {
        "type": "Point",
        "coordinates": [
          27.8312931060791,
          -21.982418060302734
        ]
      }
    },
    {
      "type": "Feature",
      "properties": {
        "sequence": 195,
        "motivo": "espaciado"
      },
      "geometry": {
        "type": "Point",
        "coordinates": [
          27.831300735473633,
          -21.9824047088623
        ]
      }
    },
    {
      "type": "Feature",
      "properties": {
        "sequence": 196,
        "motivo": "espaciado"
      },
      "geometry": {
        "type": "Point",
        "coordinates": [
          27.831296920776367,
          -21.982391357421875
        ]
      }
    },
    {
      "type": "Feature",
      "properties": {
        "sequence": 197,
        "motivo": "espaciado"
      },
      "geometry": {
        "type": "Point",
        "coordinates": [
          27.831296920776367,
          -21.982379913330078
        ]
      }
    },
    {
      "type": "Feature",
      "properties": {
        "sequence": 198,
        "motivo": "curva"
      },
      "geometry": {
        "type": "Point",
        "coordinates": [
          27.831302642822266,
          -21.982376098632812
        ]
      }
    },
    {
      "type": "Feature",
      "properties": {
        "sequence": 199,
        "motivo": "espaciado"
      },
      "geometry": {
        "type": "Point",
        "coordinates": [
          27.83131217956543,
          -21.982370376586914
        ]
      }
    },
    {
      "type": "Feature",
      "properties": {
        "sequence": 200,
        "motivo": "curva"
      },
      "geometry": {
        "type": "Point",
        "coordinates": [
          27.831317901611328,
          -21.98237419128418
        ]
      }
    },
    {
      "type": "Feature",
      "properties": {
        "sequence": 201,
        "motivo": "curva"
      },
      "geometry": {
        "type": "Point",
        "coordinates": [
          27.831321716308594,
          -21.982372283935547
        ]
      }
    },
    {
      "type": "Feature",
      "properties": {
        "sequence": 202,
        "motivo": "curva"
      },
      "geometry": {
        "type": "Point",
        "coordinates": [
          27.831321716308594,
          -21.98236656188965
        ]
      }
    },
    {
      "type": "Feature",
      "properties": {
        "sequence": 203,
        "motivo": "espaciado"
      },
      "geometry": {
        "type": "Point",
        "coordinates": [
          27.831321716308594,
          -21.982357025146484
        ]
      }
    },
    {
      "type": "Feature",
      "properties": {
        "sequence": 204,
        "motivo": "curva"
      },
      "geometry": {
        "type": "Point",
        "coordinates": [
          27.83132553100586,
          -21.98235511779785
        ]
      }
    },
    {
      "type": "Feature",
      "properties": {
        "sequence": 205,
        "motivo": "curva"
      },
      "geometry": {
        "type": "Point",
        "coordinates": [
          27.831329345703125,
          -21.982357025146484
        ]
      }
    },
    {
      "type": "Feature",
      "properties": {
        "sequence": 206,
        "motivo": "curva"
      },
      "geometry": {
        "type": "Point",
        "coordinates": [
          27.831331253051758,
          -21.98236083984375
        ]
      }
    },
    {
      "type": "Feature",
      "properties": {
        "sequence": 207,
        "motivo": "curva"
      },
      "geometry": {
        "type": "Point",
        "coordinates": [
          27.831329345703125,
          -21.982357025146484
        ]
      }
    },
    {
      "type": "Feature",
      "properties": {
        "sequence": 208,
        "motivo": "espaciado"
      },
      "geometry": {
        "type": "Point",
        "coordinates": [
          27.831336975097656,
          -21.982351303100586
        ]
      }
    },
    {
      "type": "Feature",
      "properties": {
        "sequence": 209,
        "motivo": "curva"
      },
      "geometry": {
        "type": "Point",
        "coordinates": [
          27.83134651184082,
          -21.982351303100586
        ]
      }
    },
    {
      "type": "Feature",
      "properties": {
        "sequence": 210,
        "motivo": "curva"
      },
      "geometry": {
        "type": "Point",
        "coordinates": [
          27.83135414123535,
          -21.98235321044922
        ]
      }
    },
    {
      "type": "Feature",
      "properties": {
        "sequence": 211,
        "motivo": "curva"
      },
      "geometry": {
        "type": "Point",
        "coordinates": [
          27.831357955932617,
          -21.982349395751953
        ]
      }
    },
    {
      "type": "Feature",
      "properties": {
        "sequence": 212,
        "motivo": "curva"
      },
      "geometry": {
        "type": "Point",
        "coordinates": [
          27.831357955932617,
          -21.982345581054688
        ]
      }
    },
    {
      "type": "Feature",
      "properties": {
        "sequence": 213,
        "motivo": "curva"
      },
      "geometry": {
        "type": "Point",
        "coordinates": [
          27.831356048583984,
          -21.982341766357422
        ]
      }
    },
    {
      "type": "Feature",
      "properties": {
        "sequence": 214,
        "motivo": "curva"
      },
      "geometry": {
        "type": "Point",
        "coordinates": [
          27.831356048583984,
          -21.982337951660156
        ]
      }
    },
    {
      "type": "Feature",
      "properties": {
        "sequence": 215,
        "motivo": "espaciado"
      },
      "geometry": {
        "type": "Point",
        "coordinates": [
          27.831357955932617,
          -21.982328414916992
        ]
      }
    },
    {
      "type": "Feature",
      "properties": {
        "sequence": 216,
        "motivo": "curva"
      },
      "geometry": {
        "type": "Point",
        "coordinates": [
          27.831363677978516,
          -21.982328414916992
        ]
      }
    },
    {
      "type": "Feature",
      "properties": {
        "sequence": 217,
        "motivo": "curva"
      },
      "geometry": {
        "type": "Point",
        "coordinates": [
          27.831371307373047,
          -21.982330322265625
        ]
      }
    },
    {
      "type": "Feature",
      "properties": {
        "sequence": 218,
        "motivo": "espaciado"
      },
      "geometry": {
        "type": "Point",
        "coordinates": [
          27.831384658813477,
          -21.982332229614258
        ]
      }
    },
    {
      "type": "Feature",
      "properties": {
        "sequence": 219,
        "motivo": "curva"
      },
      "geometry": {
        "type": "Point",
        "coordinates": [
          27.831390380859375,
          -21.982330322265625
        ]
      }
    },
    {
      "type": "Feature",
      "properties": {
        "sequence": 220,
        "motivo": "curva"
      },
      "geometry": {
        "type": "Point",
        "coordinates": [
          27.831396102905273,
          -21.98233413696289
        ]
      }
    },
    {
      "type": "Feature",
      "properties": {
        "sequence": 221,
        "motivo": "espaciado"
      },
      "geometry": {
        "type": "Point",
        "coordinates": [
          27.831405639648438,
          -21.982336044311523
        ]
      }
    },
    {
      "type": "Feature",
      "properties": {
        "sequence": 222,
        "motivo": "curva"
      },
      "geometry": {
        "type": "Point",
        "coordinates": [
          27.8314094543457,
          -21.982332229614258
        ]
      }
    },
    {
      "type": "Feature",
      "properties": {
        "sequence": 223,
        "motivo": "curva"
      },
      "geometry": {
        "type": "Point",
        "coordinates": [
          27.831411361694336,
          -21.982328414916992
        ]
      }
    },
    {
      "type": "Feature",
      "properties": {
        "sequence": 224,
        "motivo": "curva"
      },
      "geometry": {
        "type": "Point",
        "coordinates": [
          27.8314151763916,
          -21.98232650756836
        ]
      }
    },
    {
      "type": "Feature",
      "properties": {
        "sequence": 225,
        "motivo": "curva"
      },
      "geometry": {
        "type": "Point",
        "coordinates": [
          27.8314151763916,
          -21.982330322265625
        ]
      }
    },
    {
      "type": "Feature",
      "properties": {
        "sequence": 226,
        "motivo": "curva"
      },
      "geometry": {
        "type": "Point",
        "coordinates": [
          27.83141326904297,
          -21.98233413696289
        ]
      }
    },
    {
      "type": "Feature",
      "properties": {
        "sequence": 227,
        "motivo": "espaciado"
      },
      "geometry": {
        "type": "Point",
        "coordinates": [
          27.83140754699707,
          -21.982341766357422
        ]
      }
    },
    {
      "type": "Feature",
      "properties": {
        "sequence": 228,
        "motivo": "curva"
      },
      "geometry": {
        "type": "Point",
        "coordinates": [
          27.8314094543457,
          -21.982345581054688
        ]
      }
    },
    {
      "type": "Feature",
      "properties": {
        "sequence": 229,
        "motivo": "curva"
      },
      "geometry": {
        "type": "Point",
        "coordinates": [
          27.8314151763916,
          -21.982345581054688
        ]
      }
    },
    {
      "type": "Feature",
      "properties": {
        "sequence": 230,
        "motivo": "curva"
      },
      "geometry": {
        "type": "Point",
        "coordinates": [
          27.8314208984375,
          -21.98234748840332
        ]
      }
    },
    {
      "type": "Feature",
      "properties": {
        "sequence": 231,
        "motivo": "curva"
      },
      "geometry": {
        "type": "Point",
        "coordinates": [
          27.831424713134766,
          -21.982351303100586
        ]
      }
    },
    {
      "type": "Feature",
      "properties": {
        "sequence": 232,
        "motivo": "espaciado"
      },
      "geometry": {
        "type": "Point",
        "coordinates": [
          27.83143424987793,
          -21.982358932495117
        ]
      }
    },
    {
      "type": "Feature",
      "properties": {
        "sequence": 233,
        "motivo": "curva"
      },
      "geometry": {
        "type": "Point",
        "coordinates": [
          27.831439971923828,
          -21.98236083984375
        ]
      }
    },
    {
      "type": "Feature",
      "properties": {
        "sequence": 234,
        "motivo": "curva"
      },
      "geometry": {
        "type": "Point",
        "coordinates": [
          27.831443786621094,
          -21.982364654541016
        ]
      }
    },
    {
      "type": "Feature",
      "properties": {
        "sequence": 235,
        "motivo": "curva"
      },
      "geometry": {
        "type": "Point",
        "coordinates": [
          27.831445693969727,
          -21.982370376586914
        ]
      }
    },
    {
      "type": "Feature",
      "properties": {
        "sequence": 236,
        "motivo": "curva"
      },
      "geometry": {
        "type": "Point",
        "coordinates": [
          27.831445693969727,
          -21.982376098632812
        ]
      }
    },
    {
      "type": "Feature",
      "properties": {
        "sequence": 237,
        "motivo": "curva"
      },
      "geometry": {
        "type": "Point",
        "coordinates": [
          27.831443786621094,
          -21.982379913330078
        ]
      }
    },
    {
      "type": "Feature",
      "properties": {
        "sequence": 238,
        "motivo": "curva"
      },
      "geometry": {
        "type": "Point",
        "coordinates": [
          27.83144187927246,
          -21.982376098632812
        ]
      }
    },
    {
      "type": "Feature",
      "properties": {
        "sequence": 239,
        "motivo": "curva"
      },
      "geometry": {
        "type": "Point",
        "coordinates": [
          27.831436157226562,
          -21.982378005981445
        ]
      }
    },
    {
      "type": "Feature",
      "properties": {
        "sequence": 240,
        "motivo": "curva"
      },
      "geometry": {
        "type": "Point",
        "coordinates": [
          27.831430435180664,
          -21.98238182067871
        ]
      }
    },
    {
      "type": "Feature",
      "properties": {
        "sequence": 241,
        "motivo": "curva"
      },
      "geometry": {
        "type": "Point",
        "coordinates": [
          27.8314266204834,
          -21.982379913330078
        ]
      }
    },
    {
      "type": "Feature",
      "properties": {
        "sequence": 242,
        "motivo": "espaciado"
      },
      "geometry": {
        "type": "Point",
        "coordinates": [
          27.83142852783203,
          -21.982370376586914
        ]
      }
    },
    {
      "type": "Feature",
      "properties": {
        "sequence": 243,
        "motivo": "curva"
      },
      "geometry": {
        "type": "Point",
        "coordinates": [
          27.8314323425293,
          -21.982372283935547
        ]
      }
    },
    {
      "type": "Feature",
      "properties": {
        "sequence": 244,
        "motivo": "curva"
      },
      "geometry": {
        "type": "Point",
        "coordinates": [
          27.83143424987793,
          -21.982376098632812
        ]
      }
    },
    {
      "type": "Feature",
      "properties": {
        "sequence": 245,
        "motivo": "espaciado"
      },
      "geometry": {
        "type": "Point",
        "coordinates": [
          27.831439971923828,
          -21.982383728027344
        ]
      }
    },
    {
      "type": "Feature",
      "properties": {
        "sequence": 246,
        "motivo": "espaciado"
      },
      "geometry": {
        "type": "Point",
        "coordinates": [
          27.831443786621094,
          -21.982393264770508
        ]
      }
    },
    {
      "type": "Feature",
      "properties": {
        "sequence": 247,
        "motivo": "curva"
      },
      "geometry": {
        "type": "Point",
        "coordinates": [
          27.831449508666992,
          -21.982397079467773
        ]
      }
    },
    {
      "type": "Feature",
      "properties": {
        "sequence": 248,
        "motivo": "curva"
      },
      "geometry": {
        "type": "Point",
        "coordinates": [
          27.831451416015625,
          -21.98240089416504
        ]
      }
    },
    {
      "type": "Feature",
      "properties": {
        "sequence": 249,
        "motivo": "curva"
      },
      "geometry": {
        "type": "Point",
        "coordinates": [
          27.83145523071289,
          -21.982402801513672
        ]
      }
    },
    {
      "type": "Feature",
      "properties": {
        "sequence": 250,
        "motivo": "manual"
      },
      "geometry": {
        "type": "Point",
        "coordinates": [
          27.83146095275879,
          -21.9824047088623
        ]
      }
    },
    {
      "type": "Feature",
      "properties": {
        "sequence": 251,
        "motivo": "curva"
      },
      "geometry": {
        "type": "Point",
        "coordinates": [
          27.831459045410156,
          -21.98240089416504
        ]
      }
    },
    {
      "type": "Feature",
      "properties": {
        "sequence": 252,
        "motivo": "curva"
      },
      "geometry": {
        "type": "Point",
        "coordinates": [
          27.831462860107422,
          -21.982402801513672
        ]
      }
    },
    {
      "type": "Feature",
      "properties": {
        "sequence": 253,
        "motivo": "curva"
      },
      "geometry": {
        "type": "Point",
        "coordinates": [
          27.831466674804688,
          -21.982406616210938
        ]
      }
    },
    {
      "type": "Feature",
      "properties": {
        "sequence": 254,
        "motivo": "curva"
      },
      "geometry": {
        "type": "Point",
        "coordinates": [
          27.83146858215332,
          -21.9824104309082
        ]
      }
    },
    {
      "type": "Feature",
      "properties": {
        "sequence": 255,
        "motivo": "curva"
      },
      "geometry": {
        "type": "Point",
        "coordinates": [
          27.83147621154785,
          -21.982412338256836
        ]
      }
    },
    {
      "type": "Feature",
      "properties": {
        "sequence": 256,
        "motivo": "curva"
      },
      "geometry": {
        "type": "Point",
        "coordinates": [
          27.831478118896484,
          -21.982419967651367
        ]
      }
    },
    {
      "type": "Feature",
      "properties": {
        "sequence": 257,
        "motivo": "curva"
      },
      "geometry": {
        "type": "Point",
        "coordinates": [
          27.83148193359375,
          -21.982421875
        ]
      }
    },
    {
      "type": "Feature",
      "properties": {
        "sequence": 258,
        "motivo": "curva"
      },
      "geometry": {
        "type": "Point",
        "coordinates": [
          27.83148765563965,
          -21.982421875
        ]
      }
    },
    {
      "type": "Feature",
      "properties": {
        "sequence": 259,
        "motivo": "curva"
      },
      "geometry": {
        "type": "Point",
        "coordinates": [
          27.83149528503418,
          -21.982425689697266
        ]
      }
    },
    {
      "type": "Feature",
      "properties": {
        "sequence": 260,
        "motivo": "curva"
      },
      "geometry": {
        "type": "Point",
        "coordinates": [
          27.831497192382812,
          -21.98242950439453
        ]
      }
    },
    {
      "type": "Feature",
      "properties": {
        "sequence": 261,
        "motivo": "curva"
      },
      "geometry": {
        "type": "Point",
        "coordinates": [
          27.831501007080078,
          -21.982431411743164
        ]
      }
    },
    {
      "type": "Feature",
      "properties": {
        "sequence": 262,
        "motivo": "curva"
      },
      "geometry": {
        "type": "Point",
        "coordinates": [
          27.831504821777344,
          -21.98243522644043
        ]
      }
    },
    {
      "type": "Feature",
      "properties": {
        "sequence": 263,
        "motivo": "curva"
      },
      "geometry": {
        "type": "Point",
        "coordinates": [
          27.83150863647461,
          -21.982437133789062
        ]
      }
    },
    {
      "type": "Feature",
      "properties": {
        "sequence": 264,
        "motivo": "curva"
      },
      "geometry": {
        "type": "Point",
        "coordinates": [
          27.83150863647461,
          -21.98244285583496
        ]
      }
    },
    {
      "type": "Feature",
      "properties": {
        "sequence": 265,
        "motivo": "espaciado"
      },
      "geometry": {
        "type": "Point",
        "coordinates": [
          27.831512451171875,
          -21.982454299926758
        ]
      }
    },
    {
      "type": "Feature",
      "properties": {
        "sequence": 266,
        "motivo": "espaciado"
      },
      "geometry": {
        "type": "Point",
        "coordinates": [
          27.831518173217773,
          -21.98246192932129
        ]
      }
    },
    {
      "type": "Feature",
      "properties": {
        "sequence": 267,
        "motivo": "espaciado"
      },
      "geometry": {
        "type": "Point",
        "coordinates": [
          27.83152198791504,
          -21.982471466064453
        ]
      }
    },
    {
      "type": "Feature",
      "properties": {
        "sequence": 268,
        "motivo": "espaciado"
      },
      "geometry": {
        "type": "Point",
        "coordinates": [
          27.831527709960938,
          -21.98248291015625
        ]
      }
    },
    {
      "type": "Feature",
      "properties": {
        "sequence": 269,
        "motivo": "espaciado"
      },
      "geometry": {
        "type": "Point",
        "coordinates": [
          27.831533432006836,
          -21.98249053955078
        ]
      }
    },
    {
      "type": "Feature",
      "properties": {
        "sequence": 270,
        "motivo": "espaciado"
      },
      "geometry": {
        "type": "Point",
        "coordinates": [
          27.83154296875,
          -21.982500076293945
        ]
      }
    },
    {
      "type": "Feature",
      "properties": {
        "sequence": 271,
        "motivo": "espaciado"
      },
      "geometry": {
        "type": "Point",
        "coordinates": [
          27.8315486907959,
          -21.982507705688477
        ]
      }
    },
    {
      "type": "Feature",
      "properties": {
        "sequence": 272,
        "motivo": "espaciado"
      },
      "geometry": {
        "type": "Point",
        "coordinates": [
          27.831558227539062,
          -21.982513427734375
        ]
      }
    },
    {
      "type": "Feature",
      "properties": {
        "sequence": 273,
        "motivo": "curva"
      },
      "geometry": {
        "type": "Point",
        "coordinates": [
          27.83156394958496,
          -21.982513427734375
        ]
      }
    },
    {
      "type": "Feature",
      "properties": {
        "sequence": 274,
        "motivo": "curva"
      },
      "geometry": {
        "type": "Point",
        "coordinates": [
          27.831567764282227,
          -21.982511520385742
        ]
      }
    },
    {
      "type": "Feature",
      "properties": {
        "sequence": 275,
        "motivo": "espaciado"
      },
      "geometry": {
        "type": "Point",
        "coordinates": [
          27.83157730102539,
          -21.98250961303711
        ]
      }
    },
    {
      "type": "Feature",
      "properties": {
        "sequence": 276,
        "motivo": "espaciado"
      },
      "geometry": {
        "type": "Point",
        "coordinates": [
          27.831588745117188,
          -21.982505798339844
        ]
      }
    },
    {
      "type": "Feature",
      "properties": {
        "sequence": 277,
        "motivo": "curva"
      },
      "geometry": {
        "type": "Point",
        "coordinates": [
          27.83159065246582,
          -21.98250961303711
        ]
      }
    },
    {
      "type": "Feature",
      "properties": {
        "sequence": 278,
        "motivo": "espaciado"
      },
      "geometry": {
        "type": "Point",
        "coordinates": [
          27.83160400390625,
          -21.98250961303711
        ]
      }
    },
    {
      "type": "Feature",
      "properties": {
        "sequence": 279,
        "motivo": "curva"
      },
      "geometry": {
        "type": "Point",
        "coordinates": [
          27.83161163330078,
          -21.982511520385742
        ]
      }
    },
    {
      "type": "Feature",
      "properties": {
        "sequence": 280,
        "motivo": "curva"
      },
      "geometry": {
        "type": "Point",
        "coordinates": [
          27.83161735534668,
          -21.982515335083008
        ]
      }
    },
    {
      "type": "Feature",
      "properties": {
        "sequence": 281,
        "motivo": "curva"
      },
      "geometry": {
        "type": "Point",
        "coordinates": [
          27.831619262695312,
          -21.98252296447754
        ]
      }
    },
    {
      "type": "Feature",
      "properties": {
        "sequence": 282,
        "motivo": "curva"
      },
      "geometry": {
        "type": "Point",
        "coordinates": [
          27.83161735534668,
          -21.9825267791748
        ]
      }
    },
    {
      "type": "Feature",
      "properties": {
        "sequence": 283,
        "motivo": "curva"
      },
      "geometry": {
        "type": "Point",
        "coordinates": [
          27.831623077392578,
          -21.9825267791748
        ]
      }
    },
    {
      "type": "Feature",
      "properties": {
        "sequence": 284,
        "motivo": "espaciado"
      },
      "geometry": {
        "type": "Point",
        "coordinates": [
          27.831628799438477,
          -21.982534408569336
        ]
      }
    },
    {
      "type": "Feature",
      "properties": {
        "sequence": 285,
        "motivo": "espaciado"
      },
      "geometry": {
        "type": "Point",
        "coordinates": [
          27.83163833618164,
          -21.9825439453125
        ]
      }
    },
    {
      "type": "Feature",
      "properties": {
        "sequence": 286,
        "motivo": "curva"
      },
      "geometry": {
        "type": "Point",
        "coordinates": [
          27.83164405822754,
          -21.982540130615234
        ]
      }
    },
    {
      "type": "Feature",
      "properties": {
        "sequence": 287,
        "motivo": "curva"
      },
      "geometry": {
        "type": "Point",
        "coordinates": [
          27.831649780273438,
          -21.982540130615234
        ]
      }
    },
    {
      "type": "Feature",
      "properties": {
        "sequence": 288,
        "motivo": "curva"
      },
      "geometry": {
        "type": "Point",
        "coordinates": [
          27.8316535949707,
          -21.9825439453125
        ]
      }
    },
    {
      "type": "Feature",
      "properties": {
        "sequence": 289,
        "motivo": "curva"
      },
      "geometry": {
        "type": "Point",
        "coordinates": [
          27.8316535949707,
          -21.982547760009766
        ]
      }
    },
    {
      "type": "Feature",
      "properties": {
        "sequence": 290,
        "motivo": "curva"
      },
      "geometry": {
        "type": "Point",
        "coordinates": [
          27.83165740966797,
          -21.98255157470703
        ]
      }
    },
    {
      "type": "Feature",
      "properties": {
        "sequence": 291,
        "motivo": "curva"
      },
      "geometry": {
        "type": "Point",
        "coordinates": [
          27.831663131713867,
          -21.98255157470703
        ]
      }
    },
    {
      "type": "Feature",
      "properties": {
        "sequence": 292,
        "motivo": "espaciado"
      },
      "geometry": {
        "type": "Point",
        "coordinates": [
          27.83167839050293,
          -21.98255157470703
        ]
      }
    },
    {
      "type": "Feature",
      "properties": {
        "sequence": 293,
        "motivo": "curva"
      },
      "geometry": {
        "type": "Point",
        "coordinates": [
          27.83168601989746,
          -21.9825553894043
        ]
      }
    },
    {
      "type": "Feature",
      "properties": {
        "sequence": 294,
        "motivo": "espaciado"
      },
      "geometry": {
        "type": "Point",
        "coordinates": [
          27.831701278686523,
          -21.98256492614746
        ]
      }
    },
    {
      "type": "Feature",
      "properties": {
        "sequence": 295,
        "motivo": "espaciado"
      },
      "geometry": {
        "type": "Point",
        "coordinates": [
          27.831701278686523,
          -21.982574462890625
        ]
      }
    },
    {
      "type": "Feature",
      "properties": {
        "sequence": 296,
        "motivo": "espaciado"
      },
      "geometry": {
        "type": "Point",
        "coordinates": [
          27.831701278686523,
          -21.98258399963379
        ]
      }
    },
    {
      "type": "Feature",
      "properties": {
        "sequence": 297,
        "motivo": "curva"
      },
      "geometry": {
        "type": "Point",
        "coordinates": [
          27.831703186035156,
          -21.982589721679688
        ]
      }
    },
    {
      "type": "Feature",
      "properties": {
        "sequence": 298,
        "motivo": "curva"
      },
      "geometry": {
        "type": "Point",
        "coordinates": [
          27.831708908081055,
          -21.982593536376953
        ]
      }
    },
    {
      "type": "Feature",
      "properties": {
        "sequence": 299,
        "motivo": "espaciado"
      },
      "geometry": {
        "type": "Point",
        "coordinates": [
          27.83171844482422,
          -21.982595443725586
        ]
      }
    },
    {
      "type": "Feature",
      "properties": {
        "sequence": 300,
        "motivo": "curva"
      },
      "geometry": {
        "type": "Point",
        "coordinates": [
          27.831724166870117,
          -21.98259925842285
        ]
      }
    },
    {
      "type": "Feature",
      "properties": {
        "sequence": 301,
        "motivo": "curva"
      },
      "geometry": {
        "type": "Point",
        "coordinates": [
          27.831724166870117,
          -21.982603073120117
        ]
      }
    },
    {
      "type": "Feature",
      "properties": {
        "sequence": 302,
        "motivo": "espaciado"
      },
      "geometry": {
        "type": "Point",
        "coordinates": [
          27.831727981567383,
          -21.98261260986328
        ]
      }
    },
    {
      "type": "Feature",
      "properties": {
        "sequence": 303,
        "motivo": "curva"
      },
      "geometry": {
        "type": "Point",
        "coordinates": [
          27.83173179626465,
          -21.982614517211914
        ]
      }
    },
    {
      "type": "Feature",
      "properties": {
        "sequence": 304,
        "motivo": "espaciado"
      },
      "geometry": {
        "type": "Point",
        "coordinates": [
          27.831741333007812,
          -21.98261833190918
        ]
      }
    },
    {
      "type": "Feature",
      "properties": {
        "sequence": 305,
        "motivo": "espaciado"
      },
      "geometry": {
        "type": "Point",
        "coordinates": [
          27.831748962402344,
          -21.98262596130371
        ]
      }
    },
    {
      "type": "Feature",
      "properties": {
        "sequence": 306,
        "motivo": "curva"
      },
      "geometry": {
        "type": "Point",
        "coordinates": [
          27.831756591796875,
          -21.982629776000977
        ]
      }
    },
    {
      "type": "Feature",
      "properties": {
        "sequence": 307,
        "motivo": "espaciado"
      },
      "geometry": {
        "type": "Point",
        "coordinates": [
          27.831764221191406,
          -21.982635498046875
        ]
      }
    },
    {
      "type": "Feature",
      "properties": {
        "sequence": 308,
        "motivo": "espaciado"
      },
      "geometry": {
        "type": "Point",
        "coordinates": [
          27.83177375793457,
          -21.982641220092773
        ]
      }
    },
    {
      "type": "Feature",
      "properties": {
        "sequence": 309,
        "motivo": "espaciado"
      },
      "geometry": {
        "type": "Point",
        "coordinates": [
          27.831783294677734,
          -21.9826488494873
        ]
      }
    },
    {
      "type": "Feature",
      "properties": {
        "sequence": 310,
        "motivo": "espaciado"
      },
      "geometry": {
        "type": "Point",
        "coordinates": [
          27.831790924072266,
          -21.9826545715332
        ]
      }
    },
    {
      "type": "Feature",
      "properties": {
        "sequence": 311,
        "motivo": "espaciado"
      },
      "geometry": {
        "type": "Point",
        "coordinates": [
          27.83180046081543,
          -21.98265838623047
        ]
      }
    },
    {
      "type": "Feature",
      "properties": {
        "sequence": 312,
        "motivo": "espaciado"
      },
      "geometry": {
        "type": "Point",
        "coordinates": [
          27.831811904907227,
          -21.982662200927734
        ]
      }
    },
    {
      "type": "Feature",
      "properties": {
        "sequence": 313,
        "motivo": "espaciado"
      },
      "geometry": {
        "type": "Point",
        "coordinates": [
          27.831819534301758,
          -21.982667922973633
        ]
      }
    },
    {
      "type": "Feature",
      "properties": {
        "sequence": 314,
        "motivo": "espaciado"
      },
      "geometry": {
        "type": "Point",
        "coordinates": [
          27.831829071044922,
          -21.98267364501953
        ]
      }
    },
    {
      "type": "Feature",
      "properties": {
        "sequence": 315,
        "motivo": "espaciado"
      },
      "geometry": {
        "type": "Point",
        "coordinates": [
          27.831838607788086,
          -21.982681274414062
        ]
      }
    },
    {
      "type": "Feature",
      "properties": {
        "sequence": 316,
        "motivo": "espaciado"
      },
      "geometry": {
        "type": "Point",
        "coordinates": [
          27.831850051879883,
          -21.982688903808594
        ]
      }
    },
    {
      "type": "Feature",
      "properties": {
        "sequence": 317,
        "motivo": "espaciado"
      },
      "geometry": {
        "type": "Point",
        "coordinates": [
          27.831859588623047,
          -21.982694625854492
        ]
      }
    },
    {
      "type": "Feature",
      "properties": {
        "sequence": 318,
        "motivo": "espaciado"
      },
      "geometry": {
        "type": "Point",
        "coordinates": [
          27.831867218017578,
          -21.982702255249023
        ]
      }
    },
    {
      "type": "Feature",
      "properties": {
        "sequence": 319,
        "motivo": "espaciado"
      },
      "geometry": {
        "type": "Point",
        "coordinates": [
          27.831876754760742,
          -21.982707977294922
        ]
      }
    },
    {
      "type": "Feature",
      "properties": {
        "sequence": 320,
        "motivo": "espaciado"
      },
      "geometry": {
        "type": "Point",
        "coordinates": [
          27.831884384155273,
          -21.982715606689453
        ]
      }
    },
    {
      "type": "Feature",
      "properties": {
        "sequence": 321,
        "motivo": "espaciado"
      },
      "geometry": {
        "type": "Point",
        "coordinates": [
          27.831893920898438,
          -21.98272132873535
        ]
      }
    },
    {
      "type": "Feature",
      "properties": {
        "sequence": 322,
        "motivo": "espaciado"
      },
      "geometry": {
        "type": "Point",
        "coordinates": [
          27.8319034576416,
          -21.98272705078125
        ]
      }
    },
    {
      "type": "Feature",
      "properties": {
        "sequence": 323,
        "motivo": "espaciado"
      },
      "geometry": {
        "type": "Point",
        "coordinates": [
          27.8319091796875,
          -21.982744216918945
        ]
      }
    },
    {
      "type": "Feature",
      "properties": {
        "sequence": 324,
        "motivo": "espaciado"
      },
      "geometry": {
        "type": "Point",
        "coordinates": [
          27.831907272338867,
          -21.982755661010742
        ]
      }
    },
    {
      "type": "Feature",
      "properties": {
        "sequence": 325,
        "motivo": "espaciado"
      },
      "geometry": {
        "type": "Point",
        "coordinates": [
          27.831907272338867,
          -21.982765197753906
        ]
      }
    },
    {
      "type": "Feature",
      "properties": {
        "sequence": 326,
        "motivo": "curva"
      },
      "geometry": {
        "type": "Point",
        "coordinates": [
          27.8319091796875,
          -21.98276138305664
        ]
      }
    },
    {
      "type": "Feature",
      "properties": {
        "sequence": 327,
        "motivo": "curva"
      },
      "geometry": {
        "type": "Point",
        "coordinates": [
          27.831907272338867,
          -21.982757568359375
        ]
      }
    },
    {
      "type": "Feature",
      "properties": {
        "sequence": 328,
        "motivo": "curva"
      },
      "geometry": {
        "type": "Point",
        "coordinates": [
          27.8319091796875,
          -21.982751846313477
        ]
      }
    },
    {
      "type": "Feature",
      "properties": {
        "sequence": 329,
        "motivo": "curva"
      },
      "geometry": {
        "type": "Point",
        "coordinates": [
          27.831912994384766,
          -21.98274803161621
        ]
      }
    },
    {
      "type": "Feature",
      "properties": {
        "sequence": 330,
        "motivo": "curva"
      },
      "geometry": {
        "type": "Point",
        "coordinates": [
          27.831912994384766,
          -21.982751846313477
        ]
      }
    },
    {
      "type": "Feature",
      "properties": {
        "sequence": 331,
        "motivo": "curva"
      },
      "geometry": {
        "type": "Point",
        "coordinates": [
          27.831907272338867,
          -21.982751846313477
        ]
      }
    },
    {
      "type": "Feature",
      "properties": {
        "sequence": 332,
        "motivo": "curva"
      },
      "geometry": {
        "type": "Point",
        "coordinates": [
          27.8319034576416,
          -21.982749938964844
        ]
      }
    },
    {
      "type": "Feature",
      "properties": {
        "sequence": 333,
        "motivo": "curva"
      },
      "geometry": {
        "type": "Point",
        "coordinates": [
          27.831907272338867,
          -21.98275375366211
        ]
      }
    },
    {
      "type": "Feature",
      "properties": {
        "sequence": 334,
        "motivo": "curva"
      },
      "geometry": {
        "type": "Point",
        "coordinates": [
          27.8319149017334,
          -21.982757568359375
        ]
      }
    },
    {
      "type": "Feature",
      "properties": {
        "sequence": 335,
        "motivo": "espaciado"
      },
      "geometry": {
        "type": "Point",
        "coordinates": [
          27.831933975219727,
          -21.982757568359375
        ]
      }
    },
    {
      "type": "Feature",
      "properties": {
        "sequence": 336,
        "motivo": "curva"
      },
      "geometry": {
        "type": "Point",
        "coordinates": [
          27.831939697265625,
          -21.982759475708008
        ]
      }
    },
    {
      "type": "Feature",
      "properties": {
        "sequence": 337,
        "motivo": "curva"
      },
      "geometry": {
        "type": "Point",
        "coordinates": [
          27.831937789916992,
          -21.982763290405273
        ]
      }
    },
    {
      "type": "Feature",
      "properties": {
        "sequence": 338,
        "motivo": "curva"
      },
      "geometry": {
        "type": "Point",
        "coordinates": [
          27.831939697265625,
          -21.982769012451172
        ]
      }
    },
    {
      "type": "Feature",
      "properties": {
        "sequence": 339,
        "motivo": "espaciado"
      },
      "geometry": {
        "type": "Point",
        "coordinates": [
          27.83194923400879,
          -21.98277473449707
        ]
      }
    },
    {
      "type": "Feature",
      "properties": {
        "sequence": 340,
        "motivo": "espaciado"
      },
      "geometry": {
        "type": "Point",
        "coordinates": [
          27.831958770751953,
          -21.98278045654297
        ]
      }
    },
    {
      "type": "Feature",
      "properties": {
        "sequence": 341,
        "motivo": "curva"
      },
      "geometry": {
        "type": "Point",
        "coordinates": [
          27.83195686340332,
          -21.982784271240234
        ]
      }
    },
    {
      "type": "Feature",
      "properties": {
        "sequence": 342,
        "motivo": "curva"
      },
      "geometry": {
        "type": "Point",
        "coordinates": [
          27.831951141357422,
          -21.98278045654297
        ]
      }
    },
    {
      "type": "Feature",
      "properties": {
        "sequence": 343,
        "motivo": "curva"
      },
      "geometry": {
        "type": "Point",
        "coordinates": [
          27.83195686340332,
          -21.98278045654297
        ]
      }
    },
    {
      "type": "Feature",
      "properties": {
        "sequence": 344,
        "motivo": "espaciado"
      },
      "geometry": {
        "type": "Point",
        "coordinates": [
          27.831972122192383,
          -21.982786178588867
        ]
      }
    },
    {
      "type": "Feature",
      "properties": {
        "sequence": 345,
        "motivo": "curva"
      },
      "geometry": {
        "type": "Point",
        "coordinates": [
          27.83197593688965,
          -21.9827938079834
        ]
      }
    },
    {
      "type": "Feature",
      "properties": {
        "sequence": 346,
        "motivo": "curva"
      },
      "geometry": {
        "type": "Point",
        "coordinates": [
          27.831981658935547,
          -21.9827995300293
        ]
      }
    },
    {
      "type": "Feature",
      "properties": {
        "sequence": 347,
        "motivo": "espaciado"
      },
      "geometry": {
        "type": "Point",
        "coordinates": [
          27.831987380981445,
          -21.98280906677246
        ]
      }
    },
    {
      "type": "Feature",
      "properties": {
        "sequence": 348,
        "motivo": "curva"
      },
      "geometry": {
        "type": "Point",
        "coordinates": [
          27.83198356628418,
          -21.982812881469727
        ]
      }
    },
    {
      "type": "Feature",
      "properties": {
        "sequence": 349,
        "motivo": "curva"
      },
      "geometry": {
        "type": "Point",
        "coordinates": [
          27.83198356628418,
          -21.98280906677246
        ]
      }
    },
    {
      "type": "Feature",
      "properties": {
        "sequence": 350,
        "motivo": "curva"
      },
      "geometry": {
        "type": "Point",
        "coordinates": [
          27.831985473632812,
          -21.982812881469727
        ]
      }
    },
    {
      "type": "Feature",
      "properties": {
        "sequence": 351,
        "motivo": "espaciado"
      },
      "geometry": {
        "type": "Point",
        "coordinates": [
          27.83199119567871,
          -21.98282241821289
        ]
      }
    },
    {
      "type": "Feature",
      "properties": {
        "sequence": 352,
        "motivo": "espaciado"
      },
      "geometry": {
        "type": "Point",
        "coordinates": [
          27.83199691772461,
          -21.982833862304688
        ]
      }
    },
    {
      "type": "Feature",
      "properties": {
        "sequence": 353,
        "motivo": "espaciado"
      },
      "geometry": {
        "type": "Point",
        "coordinates": [
          27.831998825073242,
          -21.982847213745117
        ]
      }
    },
    {
      "type": "Feature",
      "properties": {
        "sequence": 354,
        "motivo": "espaciado"
      },
      "geometry": {
        "type": "Point",
        "coordinates": [
          27.832000732421875,
          -21.98285675048828
        ]
      }
    },
    {
      "type": "Feature",
      "properties": {
        "sequence": 355,
        "motivo": "espaciado"
      },
      "geometry": {
        "type": "Point",
        "coordinates": [
          27.832000732421875,
          -21.982866287231445
        ]
      }
    },
    {
      "type": "Feature",
      "properties": {
        "sequence": 356,
        "motivo": "curva"
      },
      "geometry": {
        "type": "Point",
        "coordinates": [
          27.832006454467773,
          -21.98286247253418
        ]
      }
    },
    {
      "type": "Feature",
      "properties": {
        "sequence": 357,
        "motivo": "curva"
      },
      "geometry": {
        "type": "Point",
        "coordinates": [
          27.8320140838623,
          -21.98286247253418
        ]
      }
    },
    {
      "type": "Feature",
      "properties": {
        "sequence": 358,
        "motivo": "espaciado"
      },
      "geometry": {
        "type": "Point",
        "coordinates": [
          27.832027435302734,
          -21.982868194580078
        ]
      }
    },
    {
      "type": "Feature",
      "properties": {
        "sequence": 359,
        "motivo": "espaciado"
      },
      "geometry": {
        "type": "Point",
        "coordinates": [
          27.8320426940918,
          -21.982873916625977
        ]
      }
    },
    {
      "type": "Feature",
      "properties": {
        "sequence": 360,
        "motivo": "curva"
      },
      "geometry": {
        "type": "Point",
        "coordinates": [
          27.83204460144043,
          -21.982879638671875
        ]
      }
    },
    {
      "type": "Feature",
      "properties": {
        "sequence": 361,
        "motivo": "curva"
      },
      "geometry": {
        "type": "Point",
        "coordinates": [
          27.832050323486328,
          -21.982885360717773
        ]
      }
    },
    {
      "type": "Feature",
      "properties": {
        "sequence": 362,
        "motivo": "espaciado"
      },
      "geometry": {
        "type": "Point",
        "coordinates": [
          27.832059860229492,
          -21.982891082763672
        ]
      }
    },
    {
      "type": "Feature",
      "properties": {
        "sequence": 363,
        "motivo": "espaciado"
      },
      "geometry": {
        "type": "Point",
        "coordinates": [
          27.83207130432129,
          -21.982894897460938
        ]
      }
    },
    {
      "type": "Feature",
      "properties": {
        "sequence": 364,
        "motivo": "espaciado"
      },
      "geometry": {
        "type": "Point",
        "coordinates": [
          27.83208656311035,
          -21.98288917541504
        ]
      }
    },
    {
      "type": "Feature",
      "properties": {
        "sequence": 365,
        "motivo": "curva"
      },
      "geometry": {
        "type": "Point",
        "coordinates": [
          27.832094192504883,
          -21.98288917541504
        ]
      }
    },
    {
      "type": "Feature",
      "properties": {
        "sequence": 366,
        "motivo": "espaciado"
      },
      "geometry": {
        "type": "Point",
        "coordinates": [
          27.832107543945312,
          -21.98288917541504
        ]
      }
    },
    {
      "type": "Feature",
      "properties": {
        "sequence": 367,
        "motivo": "curva"
      },
      "geometry": {
        "type": "Point",
        "coordinates": [
          27.832115173339844,
          -21.982891082763672
        ]
      }
    },
    {
      "type": "Feature",
      "properties": {
        "sequence": 368,
        "motivo": "espaciado"
      },
      "geometry": {
        "type": "Point",
        "coordinates": [
          27.83212661743164,
          -21.9828929901123
        ]
      }
    },
    {
      "type": "Feature",
      "properties": {
        "sequence": 369,
        "motivo": "espaciado"
      },
      "geometry": {
        "type": "Point",
        "coordinates": [
          27.83213996887207,
          -21.98289680480957
        ]
      }
    },
    {
      "type": "Feature",
      "properties": {
        "sequence": 370,
        "motivo": "curva"
      },
      "geometry": {
        "type": "Point",
        "coordinates": [
          27.83214569091797,
          -21.982900619506836
        ]
      }
    },
    {
      "type": "Feature",
      "properties": {
        "sequence": 371,
        "motivo": "curva"
      },
      "geometry": {
        "type": "Point",
        "coordinates": [
          27.8321533203125,
          -21.98290252685547
        ]
      }
    },
    {
      "type": "Feature",
      "properties": {
        "sequence": 372,
        "motivo": "curva"
      },
      "geometry": {
        "type": "Point",
        "coordinates": [
          27.83216094970703,
          -21.98290252685547
        ]
      }
    },
    {
      "type": "Feature",
      "properties": {
        "sequence": 373,
        "motivo": "espaciado"
      },
      "geometry": {
        "type": "Point",
        "coordinates": [
          27.8321704864502,
          -21.9829044342041
        ]
      }
    },
    {
      "type": "Feature",
      "properties": {
        "sequence": 374,
        "motivo": "espaciado"
      },
      "geometry": {
        "type": "Point",
        "coordinates": [
          27.832183837890625,
          -21.982908248901367
        ]
      }
    },
    {
      "type": "Feature",
      "properties": {
        "sequence": 375,
        "motivo": "espaciado"
      },
      "geometry": {
        "type": "Point",
        "coordinates": [
          27.83220100402832,
          -21.98291015625
        ]
      }
    },
    {
      "type": "Feature",
      "properties": {
        "sequence": 376,
        "motivo": "curva"
      },
      "geometry": {
        "type": "Point",
        "coordinates": [
          27.83220672607422,
          -21.982913970947266
        ]
      }
    },
    {
      "type": "Feature",
      "properties": {
        "sequence": 377,
        "motivo": "espaciado"
      },
      "geometry": {
        "type": "Point",
        "coordinates": [
          27.832212448120117,
          -21.9829216003418
        ]
      }
    },
    {
      "type": "Feature",
      "properties": {
        "sequence": 378,
        "motivo": "curva"
      },
      "geometry": {
        "type": "Point",
        "coordinates": [
          27.83221435546875,
          -21.9829273223877
        ]
      }
    },
    {
      "type": "Feature",
      "properties": {
        "sequence": 379,
        "motivo": "curva"
      },
      "geometry": {
        "type": "Point",
        "coordinates": [
          27.83220672607422,
          -21.982929229736328
        ]
      }
    },
    {
      "type": "Feature",
      "properties": {
        "sequence": 380,
        "motivo": "curva"
      },
      "geometry": {
        "type": "Point",
        "coordinates": [
          27.832199096679688,
          -21.9829273223877
        ]
      }
    },
    {
      "type": "Feature",
      "properties": {
        "sequence": 381,
        "motivo": "curva"
      },
      "geometry": {
        "type": "Point",
        "coordinates": [
          27.832191467285156,
          -21.9829273223877
        ]
      }
    },
    {
      "type": "Feature",
      "properties": {
        "sequence": 382,
        "motivo": "curva"
      },
      "geometry": {
        "type": "Point",
        "coordinates": [
          27.832189559936523,
          -21.98293113708496
        ]
      }
    },
    {
      "type": "Feature",
      "properties": {
        "sequence": 383,
        "motivo": "curva"
      },
      "geometry": {
        "type": "Point",
        "coordinates": [
          27.832189559936523,
          -21.982934951782227
        ]
      }
    },
    {
      "type": "Feature",
      "properties": {
        "sequence": 384,
        "motivo": "curva"
      },
      "geometry": {
        "type": "Point",
        "coordinates": [
          27.832195281982422,
          -21.982933044433594
        ]
      }
    },
    {
      "type": "Feature",
      "properties": {
        "sequence": 385,
        "motivo": "espaciado"
      },
      "geometry": {
        "type": "Point",
        "coordinates": [
          27.832199096679688,
          -21.98292350769043
        ]
      }
    },
    {
      "type": "Feature",
      "properties": {
        "sequence": 386,
        "motivo": "curva"
      },
      "geometry": {
        "type": "Point",
        "coordinates": [
          27.832199096679688,
          -21.982919692993164
        ]
      }
    },
    {
      "type": "Feature",
      "properties": {
        "sequence": 387,
        "motivo": "curva"
      },
      "geometry": {
        "type": "Point",
        "coordinates": [
          27.83220100402832,
          -21.9829158782959
        ]
      }
    },
    {
      "type": "Feature",
      "properties": {
        "sequence": 388,
        "motivo": "manual"
      },
      "geometry": {
        "type": "Point",
        "coordinates": [
          27.83220672607422,
          -21.982908248901367
        ]
      }
    },
    {
      "type": "Feature",
      "properties": {
        "sequence": 389,
        "motivo": "manual"
      },
      "geometry": {
        "type": "Point",
        "coordinates": [
          27.83220672607422,
          -21.982908248901367
        ]
      }
    },
    {
      "type": "Feature",
      "properties": {
        "sequence": 390,
        "motivo": "curva"
      },
      "geometry": {
        "type": "Point",
        "coordinates": [
          27.832204818725586,
          -21.9829158782959
        ]
      }
    },
    {
      "type": "Feature",
      "properties": {
        "sequence": 391,
        "motivo": "espaciado"
      },
      "geometry": {
        "type": "Point",
        "coordinates": [
          27.832202911376953,
          -21.982925415039062
        ]
      }
    },
    {
      "type": "Feature",
      "properties": {
        "sequence": 392,
        "motivo": "curva"
      },
      "geometry": {
        "type": "Point",
        "coordinates": [
          27.832199096679688,
          -21.98292350769043
        ]
      }
    },
    {
      "type": "Feature",
      "properties": {
        "sequence": 393,
        "motivo": "curva"
      },
      "geometry": {
        "type": "Point",
        "coordinates": [
          27.83219337463379,
          -21.98291778564453
        ]
      }
    },
    {
      "type": "Feature",
      "properties": {
        "sequence": 394,
        "motivo": "curva"
      },
      "geometry": {
        "type": "Point",
        "coordinates": [
          27.83219337463379,
          -21.9829216003418
        ]
      }
    },
    {
      "type": "Feature",
      "properties": {
        "sequence": 395,
        "motivo": "curva"
      },
      "geometry": {
        "type": "Point",
        "coordinates": [
          27.832189559936523,
          -21.982929229736328
        ]
      }
    },
    {
      "type": "Feature",
      "properties": {
        "sequence": 396,
        "motivo": "curva"
      },
      "geometry": {
        "type": "Point",
        "coordinates": [
          27.832185745239258,
          -21.982933044433594
        ]
      }
    },
    {
      "type": "Feature",
      "properties": {
        "sequence": 397,
        "motivo": "espaciado"
      },
      "geometry": {
        "type": "Point",
        "coordinates": [
          27.832176208496094,
          -21.982942581176758
        ]
      }
    },
    {
      "type": "Feature",
      "properties": {
        "sequence": 398,
        "motivo": "espaciado"
      },
      "geometry": {
        "type": "Point",
        "coordinates": [
          27.83216667175293,
          -21.982954025268555
        ]
      }
    },
    {
      "type": "Feature",
      "properties": {
        "sequence": 399,
        "motivo": "espaciado"
      },
      "geometry": {
        "type": "Point",
        "coordinates": [
          27.8321590423584,
          -21.98296356201172
        ]
      }
    },
    {
      "type": "Feature",
      "properties": {
        "sequence": 400,
        "motivo": "espaciado"
      },
      "geometry": {
        "type": "Point",
        "coordinates": [
          27.832151412963867,
          -21.982973098754883
        ]
      }
    },
    {
      "type": "Feature",
      "properties": {
        "sequence": 401,
        "motivo": "espaciado"
      },
      "geometry": {
        "type": "Point",
        "coordinates": [
          27.8321418762207,
          -21.982982635498047
        ]
      }
    },
    {
      "type": "Feature",
      "properties": {
        "sequence": 402,
        "motivo": "espaciado"
      },
      "geometry": {
        "type": "Point",
        "coordinates": [
          27.83213233947754,
          -21.98299217224121
        ]
      }
    },
    {
      "type": "Feature",
      "properties": {
        "sequence": 403,
        "motivo": "curva"
      },
      "geometry": {
        "type": "Point",
        "coordinates": [
          27.832124710083008,
          -21.982995986938477
        ]
      }
    },
    {
      "type": "Feature",
      "properties": {
        "sequence": 404,
        "motivo": "espaciado"
      },
      "geometry": {
        "type": "Point",
        "coordinates": [
          27.83211326599121,
          -21.983007431030273
        ]
      }
    },
    {
      "type": "Feature",
      "properties": {
        "sequence": 405,
        "motivo": "espaciado"
      },
      "geometry": {
        "type": "Point",
        "coordinates": [
          27.832101821899414,
          -21.983013153076172
        ]
      }
    },
    {
      "type": "Feature",
      "properties": {
        "sequence": 406,
        "motivo": "manual"
      },
      "geometry": {
        "type": "Point",
        "coordinates": [
          27.83209991455078,
          -21.9830150604248
        ]
      }
    },
    {
      "type": "Feature",
      "properties": {
        "sequence": 407,
        "motivo": "curva"
      },
      "geometry": {
        "type": "Point",
        "coordinates": [
          27.83209228515625,
          -21.983016967773438
        ]
      }
    },
    {
      "type": "Feature",
      "properties": {
        "sequence": 408,
        "motivo": "curva"
      },
      "geometry": {
        "type": "Point",
        "coordinates": [
          27.83208656311035,
          -21.9830207824707
        ]
      }
    },
    {
      "type": "Feature",
      "properties": {
        "sequence": 409,
        "motivo": "espaciado"
      },
      "geometry": {
        "type": "Point",
        "coordinates": [
          27.832073211669922,
          -21.983030319213867
        ]
      }
    },
    {
      "type": "Feature",
      "properties": {
        "sequence": 410,
        "motivo": "espaciado"
      },
      "geometry": {
        "type": "Point",
        "coordinates": [
          27.832059860229492,
          -21.9830379486084
        ]
      }
    },
    {
      "type": "Feature",
      "properties": {
        "sequence": 411,
        "motivo": "curva"
      },
      "geometry": {
        "type": "Point",
        "coordinates": [
          27.832054138183594,
          -21.9830436706543
        ]
      }
    },
    {
      "type": "Feature",
      "properties": {
        "sequence": 412,
        "motivo": "curva"
      },
      "geometry": {
        "type": "Point",
        "coordinates": [
          27.832046508789062,
          -21.983047485351562
        ]
      }
    },
    {
      "type": "Feature",
      "properties": {
        "sequence": 413,
        "motivo": "espaciado"
      },
      "geometry": {
        "type": "Point",
        "coordinates": [
          27.832033157348633,
          -21.983055114746094
        ]
      }
    },
    {
      "type": "Feature",
      "properties": {
        "sequence": 414,
        "motivo": "curva"
      },
      "geometry": {
        "type": "Point",
        "coordinates": [
          27.832027435302734,
          -21.983060836791992
        ]
      }
    },
    {
      "type": "Feature",
      "properties": {
        "sequence": 415,
        "motivo": "espaciado"
      },
      "geometry": {
        "type": "Point",
        "coordinates": [
          27.832015991210938,
          -21.983068466186523
        ]
      }
    },
    {
      "type": "Feature",
      "properties": {
        "sequence": 416,
        "motivo": "espaciado"
      },
      "geometry": {
        "type": "Point",
        "coordinates": [
          27.832006454467773,
          -21.98307991027832
        ]
      }
    },
    {
      "type": "Feature",
      "properties": {
        "sequence": 417,
        "motivo": "curva"
      },
      "geometry": {
        "type": "Point",
        "coordinates": [
          27.831998825073242,
          -21.983083724975586
        ]
      }
    },
    {
      "type": "Feature",
      "properties": {
        "sequence": 418,
        "motivo": "espaciado"
      },
      "geometry": {
        "type": "Point",
        "coordinates": [
          27.831987380981445,
          -21.983091354370117
        ]
      }
    },
    {
      "type": "Feature",
      "properties": {
        "sequence": 419,
        "motivo": "espaciado"
      },
      "geometry": {
        "type": "Point",
        "coordinates": [
          27.83197593688965,
          -21.98310089111328
        ]
      }
    },
    {
      "type": "Feature",
      "properties": {
        "sequence": 420,
        "motivo": "espaciado"
      },
      "geometry": {
        "type": "Point",
        "coordinates": [
          27.83196258544922,
          -21.983108520507812
        ]
      }
    },
    {
      "type": "Feature",
      "properties": {
        "sequence": 421,
        "motivo": "curva"
      },
      "geometry": {
        "type": "Point",
        "coordinates": [
          27.831958770751953,
          -21.983112335205078
        ]
      }
    },
    {
      "type": "Feature",
      "properties": {
        "sequence": 422,
        "motivo": "curva"
      },
      "geometry": {
        "type": "Point",
        "coordinates": [
          27.831951141357422,
          -21.983116149902344
        ]
      }
    },
    {
      "type": "Feature",
      "properties": {
        "sequence": 423,
        "motivo": "curva"
      },
      "geometry": {
        "type": "Point",
        "coordinates": [
          27.831945419311523,
          -21.983121871948242
        ]
      }
    },
    {
      "type": "Feature",
      "properties": {
        "sequence": 424,
        "motivo": "espaciado"
      },
      "geometry": {
        "type": "Point",
        "coordinates": [
          27.831933975219727,
          -21.983131408691406
        ]
      }
    },
    {
      "type": "Feature",
      "properties": {
        "sequence": 425,
        "motivo": "espaciado"
      },
      "geometry": {
        "type": "Point",
        "coordinates": [
          27.83192253112793,
          -21.9831428527832
        ]
      }
    },
    {
      "type": "Feature",
      "properties": {
        "sequence": 426,
        "motivo": "espaciado"
      },
      "geometry": {
        "type": "Point",
        "coordinates": [
          27.831911087036133,
          -21.983152389526367
        ]
      }
    },
    {
      "type": "Feature",
      "properties": {
        "sequence": 427,
        "motivo": "espaciado"
      },
      "geometry": {
        "type": "Point",
        "coordinates": [
          27.831905364990234,
          -21.9831600189209
        ]
      }
    },
    {
      "type": "Feature",
      "properties": {
        "sequence": 428,
        "motivo": "espaciado"
      },
      "geometry": {
        "type": "Point",
        "coordinates": [
          27.8318977355957,
          -21.9831657409668
        ]
      }
    },
    {
      "type": "Feature",
      "properties": {
        "sequence": 429,
        "motivo": "espaciado"
      },
      "geometry": {
        "type": "Point",
        "coordinates": [
          27.83188819885254,
          -21.98317527770996
        ]
      }
    },
    {
      "type": "Feature",
      "properties": {
        "sequence": 430,
        "motivo": "espaciado"
      },
      "geometry": {
        "type": "Point",
        "coordinates": [
          27.831876754760742,
          -21.983182907104492
        ]
      }
    },
    {
      "type": "Feature",
      "properties": {
        "sequence": 431,
        "motivo": "espaciado"
      },
      "geometry": {
        "type": "Point",
        "coordinates": [
          27.83186912536621,
          -21.98318862915039
        ]
      }
    },
    {
      "type": "Feature",
      "properties": {
        "sequence": 432,
        "motivo": "espaciado"
      },
      "geometry": {
        "type": "Point",
        "coordinates": [
          27.831863403320312,
          -21.983196258544922
        ]
      }
    },
    {
      "type": "Feature",
      "properties": {
        "sequence": 433,
        "motivo": "curva"
      },
      "geometry": {
        "type": "Point",
        "coordinates": [
          27.83185577392578,
          -21.983200073242188
        ]
      }
    },
    {
      "type": "Feature",
      "properties": {
        "sequence": 434,
        "motivo": "curva"
      },
      "geometry": {
        "type": "Point",
        "coordinates": [
          27.831850051879883,
          -21.983205795288086
        ]
      }
    },
    {
      "type": "Feature",
      "properties": {
        "sequence": 435,
        "motivo": "espaciado"
      },
      "geometry": {
        "type": "Point",
        "coordinates": [
          27.831838607788086,
          -21.983217239379883
        ]
      }
    },
    {
      "type": "Feature",
      "properties": {
        "sequence": 436,
        "motivo": "espaciado"
      },
      "geometry": {
        "type": "Point",
        "coordinates": [
          27.83182716369629,
          -21.983226776123047
        ]
      }
    },
    {
      "type": "Feature",
      "properties": {
        "sequence": 437,
        "motivo": "espaciado"
      },
      "geometry": {
        "type": "Point",
        "coordinates": [
          27.83181381225586,
          -21.983238220214844
        ]
      }
    },
    {
      "type": "Feature",
      "properties": {
        "sequence": 438,
        "motivo": "espaciado"
      },
      "geometry": {
        "type": "Point",
        "coordinates": [
          27.83180809020996,
          -21.983245849609375
        ]
      }
    },
    {
      "type": "Feature",
      "properties": {
        "sequence": 439,
        "motivo": "espaciado"
      },
      "geometry": {
        "type": "Point",
        "coordinates": [
          27.8317985534668,
          -21.983257293701172
        ]
      }
    },
    {
      "type": "Feature",
      "properties": {
        "sequence": 440,
        "motivo": "espaciado"
      },
      "geometry": {
        "type": "Point",
        "coordinates": [
          27.831790924072266,
          -21.98326301574707
        ]
      }
    },
    {
      "type": "Feature",
      "properties": {
        "sequence": 441,
        "motivo": "espaciado"
      },
      "geometry": {
        "type": "Point",
        "coordinates": [
          27.8317813873291,
          -21.98326873779297
        ]
      }
    },
    {
      "type": "Feature",
      "properties": {
        "sequence": 442,
        "motivo": "curva"
      },
      "geometry": {
        "type": "Point",
        "coordinates": [
          27.8317756652832,
          -21.98326873779297
        ]
      }
    },
    {
      "type": "Feature",
      "properties": {
        "sequence": 443,
        "motivo": "curva"
      },
      "geometry": {
        "type": "Point",
        "coordinates": [
          27.831771850585938,
          -21.9832706451416
        ]
      }
    },
    {
      "type": "Feature",
      "properties": {
        "sequence": 444,
        "motivo": "curva"
      },
      "geometry": {
        "type": "Point",
        "coordinates": [
          27.831771850585938,
          -21.9832763671875
        ]
      }
    },
    {
      "type": "Feature",
      "properties": {
        "sequence": 445,
        "motivo": "curva"
      },
      "geometry": {
        "type": "Point",
        "coordinates": [
          27.83177375793457,
          -21.9832820892334
        ]
      }
    },
    {
      "type": "Feature",
      "properties": {
        "sequence": 446,
        "motivo": "espaciado"
      },
      "geometry": {
        "type": "Point",
        "coordinates": [
          27.831764221191406,
          -21.983285903930664
        ]
      }
    },
    {
      "type": "Feature",
      "properties": {
        "sequence": 447,
        "motivo": "espaciado"
      },
      "geometry": {
        "type": "Point",
        "coordinates": [
          27.831750869750977,
          -21.9832878112793
        ]
      }
    },
    {
      "type": "Feature",
      "properties": {
        "sequence": 448,
        "motivo": "espaciado"
      },
      "geometry": {
        "type": "Point",
        "coordinates": [
          27.831737518310547,
          -21.983295440673828
        ]
      }
    },
    {
      "type": "Feature",
      "properties": {
        "sequence": 449,
        "motivo": "curva"
      },
      "geometry": {
        "type": "Point",
        "coordinates": [
          27.831735610961914,
          -21.983301162719727
        ]
      }
    },
    {
      "type": "Feature",
      "properties": {
        "sequence": 450,
        "motivo": "curva"
      },
      "geometry": {
        "type": "Point",
        "coordinates": [
          27.831729888916016,
          -21.983304977416992
        ]
      }
    },
    {
      "type": "Feature",
      "properties": {
        "sequence": 451,
        "motivo": "curva"
      },
      "geometry": {
        "type": "Point",
        "coordinates": [
          27.83172035217285,
          -21.983304977416992
        ]
      }
    },
    {
      "type": "Feature",
      "properties": {
        "sequence": 452,
        "motivo": "curva"
      },
      "geometry": {
        "type": "Point",
        "coordinates": [
          27.83171272277832,
          -21.983306884765625
        ]
      }
    },
    {
      "type": "Feature",
      "properties": {
        "sequence": 453,
        "motivo": "espaciado"
      },
      "geometry": {
        "type": "Point",
        "coordinates": [
          27.831707000732422,
          -21.983314514160156
        ]
      }
    },
    {
      "type": "Feature",
      "properties": {
        "sequence": 454,
        "motivo": "curva"
      },
      "geometry": {
        "type": "Point",
        "coordinates": [
          27.83170509338379,
          -21.983320236206055
        ]
      }
    },
    {
      "type": "Feature",
      "properties": {
        "sequence": 455,
        "motivo": "espaciado"
      },
      "geometry": {
        "type": "Point",
        "coordinates": [
          27.83169937133789,
          -21.98332977294922
        ]
      }
    },
    {
      "type": "Feature",
      "properties": {
        "sequence": 456,
        "motivo": "espaciado"
      },
      "geometry": {
        "type": "Point",
        "coordinates": [
          27.831689834594727,
          -21.98333168029785
        ]
      }
    },
    {
      "type": "Feature",
      "properties": {
        "sequence": 457,
        "motivo": "curva"
      },
      "geometry": {
        "type": "Point",
        "coordinates": [
          27.83168601989746,
          -21.983327865600586
        ]
      }
    },
    {
      "type": "Feature",
      "properties": {
        "sequence": 458,
        "motivo": "curva"
      },
      "geometry": {
        "type": "Point",
        "coordinates": [
          27.831680297851562,
          -21.983327865600586
        ]
      }
    },
    {
      "type": "Feature",
      "properties": {
        "sequence": 459,
        "motivo": "curva"
      },
      "geometry": {
        "type": "Point",
        "coordinates": [
          27.8316764831543,
          -21.983333587646484
        ]
      }
    },
    {
      "type": "Feature",
      "properties": {
        "sequence": 460,
        "motivo": "curva"
      },
      "geometry": {
        "type": "Point",
        "coordinates": [
          27.83167266845703,
          -21.983335494995117
        ]
      }
    },
    {
      "type": "Feature",
      "properties": {
        "sequence": 461,
        "motivo": "curva"
      },
      "geometry": {
        "type": "Point",
        "coordinates": [
          27.831668853759766,
          -21.983333587646484
        ]
      }
    },
    {
      "type": "Feature",
      "properties": {
        "sequence": 462,
        "motivo": "espaciado"
      },
      "geometry": {
        "type": "Point",
        "coordinates": [
          27.8316593170166,
          -21.98333168029785
        ]
      }
    },
    {
      "type": "Feature",
      "properties": {
        "sequence": 463,
        "motivo": "espaciado"
      },
      "geometry": {
        "type": "Point",
        "coordinates": [
          27.83164405822754,
          -21.98333740234375
        ]
      }
    },
    {
      "type": "Feature",
      "properties": {
        "sequence": 464,
        "motivo": "curva"
      },
      "geometry": {
        "type": "Point",
        "coordinates": [
          27.831642150878906,
          -21.98334312438965
        ]
      }
    },
    {
      "type": "Feature",
      "properties": {
        "sequence": 465,
        "motivo": "curva"
      },
      "geometry": {
        "type": "Point",
        "coordinates": [
          27.831636428833008,
          -21.98334312438965
        ]
      }
    },
    {
      "type": "Feature",
      "properties": {
        "sequence": 466,
        "motivo": "espaciado"
      },
      "geometry": {
        "type": "Point",
        "coordinates": [
          27.831623077392578,
          -21.983346939086914
        ]
      }
    },
    {
      "type": "Feature",
      "properties": {
        "sequence": 467,
        "motivo": "curva"
      },
      "geometry": {
        "type": "Point",
        "coordinates": [
          27.83161735534668,
          -21.98335075378418
        ]
      }
    },
    {
      "type": "Feature",
      "properties": {
        "sequence": 468,
        "motivo": "curva"
      },
      "geometry": {
        "type": "Point",
        "coordinates": [
          27.83161163330078,
          -21.983348846435547
        ]
      }
    },
    {
      "type": "Feature",
      "properties": {
        "sequence": 469,
        "motivo": "espaciado"
      },
      "geometry": {
        "type": "Point",
        "coordinates": [
          27.831602096557617,
          -21.983346939086914
        ]
      }
    },
    {
      "type": "Feature",
      "properties": {
        "sequence": 470,
        "motivo": "curva"
      },
      "geometry": {
        "type": "Point",
        "coordinates": [
          27.831607818603516,
          -21.983348846435547
        ]
      }
    },
    {
      "type": "Feature",
      "properties": {
        "sequence": 471,
        "motivo": "curva"
      },
      "geometry": {
        "type": "Point",
        "coordinates": [
          27.83160972595215,
          -21.983354568481445
        ]
      }
    },
    {
      "type": "Feature",
      "properties": {
        "sequence": 472,
        "motivo": "curva"
      },
      "geometry": {
        "type": "Point",
        "coordinates": [
          27.83160400390625,
          -21.983356475830078
        ]
      }
    },
    {
      "type": "Feature",
      "properties": {
        "sequence": 473,
        "motivo": "curva"
      },
      "geometry": {
        "type": "Point",
        "coordinates": [
          27.831600189208984,
          -21.98336410522461
        ]
      }
    },
    {
      "type": "Feature",
      "properties": {
        "sequence": 474,
        "motivo": "curva"
      },
      "geometry": {
        "type": "Point",
        "coordinates": [
          27.831594467163086,
          -21.983367919921875
        ]
      }
    },
    {
      "type": "Feature",
      "properties": {
        "sequence": 475,
        "motivo": "espaciado"
      },
      "geometry": {
        "type": "Point",
        "coordinates": [
          27.83158302307129,
          -21.98337745666504
        ]
      }
    },
    {
      "type": "Feature",
      "properties": {
        "sequence": 476,
        "motivo": "espaciado"
      },
      "geometry": {
        "type": "Point",
        "coordinates": [
          27.831571578979492,
          -21.98338508605957
        ]
      }
    },
    {
      "type": "Feature",
      "properties": {
        "sequence": 477,
        "motivo": "espaciado"
      },
      "geometry": {
        "type": "Point",
        "coordinates": [
          27.8315601348877,
          -21.983394622802734
        ]
      }
    },
    {
      "type": "Feature",
      "properties": {
        "sequence": 478,
        "motivo": "espaciado"
      },
      "geometry": {
        "type": "Point",
        "coordinates": [
          27.8315486907959,
          -21.983402252197266
        ]
      }
    },
    {
      "type": "Feature",
      "properties": {
        "sequence": 479,
        "motivo": "espaciado"
      },
      "geometry": {
        "type": "Point",
        "coordinates": [
          27.831533432006836,
          -21.9834098815918
        ]
      }
    },
    {
      "type": "Feature",
      "properties": {
        "sequence": 480,
        "motivo": "espaciado"
      },
      "geometry": {
        "type": "Point",
        "coordinates": [
          27.831520080566406,
          -21.98341941833496
        ]
      }
    },
    {
      "type": "Feature",
      "properties": {
        "sequence": 481,
        "motivo": "espaciado"
      },
      "geometry": {
        "type": "Point",
        "coordinates": [
          27.831512451171875,
          -21.98342514038086
        ]
      }
    },
    {
      "type": "Feature",
      "properties": {
        "sequence": 482,
        "motivo": "espaciado"
      },
      "geometry": {
        "type": "Point",
        "coordinates": [
          27.83150291442871,
          -21.983434677124023
        ]
      }
    },
    {
      "type": "Feature",
      "properties": {
        "sequence": 483,
        "motivo": "espaciado"
      },
      "geometry": {
        "type": "Point",
        "coordinates": [
          27.831491470336914,
          -21.983444213867188
        ]
      }
    },
    {
      "type": "Feature",
      "properties": {
        "sequence": 484,
        "motivo": "curva"
      },
      "geometry": {
        "type": "Point",
        "coordinates": [
          27.83148765563965,
          -21.983449935913086
        ]
      }
    },
    {
      "type": "Feature",
      "properties": {
        "sequence": 485,
        "motivo": "curva"
      },
      "geometry": {
        "type": "Point",
        "coordinates": [
          27.83148193359375,
          -21.98345375061035
        ]
      }
    },
    {
      "type": "Feature",
      "properties": {
        "sequence": 486,
        "motivo": "espaciado"
      },
      "geometry": {
        "type": "Point",
        "coordinates": [
          27.83147430419922,
          -21.98345947265625
        ]
      }
    },
    {
      "type": "Feature",
      "properties": {
        "sequence": 487,
        "motivo": "espaciado"
      },
      "geometry": {
        "type": "Point",
        "coordinates": [
          27.831462860107422,
          -21.98346519470215
        ]
      }
    },
    {
      "type": "Feature",
      "properties": {
        "sequence": 488,
        "motivo": "curva"
      },
      "geometry": {
        "type": "Point",
        "coordinates": [
          27.831457138061523,
          -21.983470916748047
        ]
      }
    },
    {
      "type": "Feature",
      "properties": {
        "sequence": 489,
        "motivo": "espaciado"
      },
      "geometry": {
        "type": "Point",
        "coordinates": [
          27.831443786621094,
          -21.983482360839844
        ]
      }
    },
    {
      "type": "Feature",
      "properties": {
        "sequence": 490,
        "motivo": "espaciado"
      },
      "geometry": {
        "type": "Point",
        "coordinates": [
          27.8314380645752,
          -21.983489990234375
        ]
      }
    },
    {
      "type": "Feature",
      "properties": {
        "sequence": 491,
        "motivo": "curva"
      },
      "geometry": {
        "type": "Point",
        "coordinates": [
          27.831430435180664,
          -21.983491897583008
        ]
      }
    },
    {
      "type": "Feature",
      "properties": {
        "sequence": 492,
        "motivo": "curva"
      },
      "geometry": {
        "type": "Point",
        "coordinates": [
          27.831424713134766,
          -21.983497619628906
        ]
      }
    },
    {
      "type": "Feature",
      "properties": {
        "sequence": 493,
        "motivo": "espaciado"
      },
      "geometry": {
        "type": "Point",
        "coordinates": [
          27.83141326904297,
          -21.9835090637207
        ]
      }
    },
    {
      "type": "Feature",
      "properties": {
        "sequence": 494,
        "motivo": "espaciado"
      },
      "geometry": {
        "type": "Point",
        "coordinates": [
          27.8314037322998,
          -21.983518600463867
        ]
      }
    },
    {
      "type": "Feature",
      "properties": {
        "sequence": 495,
        "motivo": "espaciado"
      },
      "geometry": {
        "type": "Point",
        "coordinates": [
          27.831392288208008,
          -21.983524322509766
        ]
      }
    },
    {
      "type": "Feature",
      "properties": {
        "sequence": 496,
        "motivo": "curva"
      },
      "geometry": {
        "type": "Point",
        "coordinates": [
          27.831388473510742,
          -21.98352813720703
        ]
      }
    },
    {
      "type": "Feature",
      "properties": {
        "sequence": 497,
        "motivo": "espaciado"
      },
      "geometry": {
        "type": "Point",
        "coordinates": [
          27.831378936767578,
          -21.98353385925293
        ]
      }
    },
    {
      "type": "Feature",
      "properties": {
        "sequence": 498,
        "motivo": "curva"
      },
      "geometry": {
        "type": "Point",
        "coordinates": [
          27.831375122070312,
          -21.983539581298828
        ]
      }
    },
    {
      "type": "Feature",
      "properties": {
        "sequence": 499,
        "motivo": "curva"
      },
      "geometry": {
        "type": "Point",
        "coordinates": [
          27.831369400024414,
          -21.98354148864746
        ]
      }
    },
    {
      "type": "Feature",
      "properties": {
        "sequence": 500,
        "motivo": "curva"
      },
      "geometry": {
        "type": "Point",
        "coordinates": [
          27.83136558532715,
          -21.98354721069336
        ]
      }
    },
    {
      "type": "Feature",
      "properties": {
        "sequence": 501,
        "motivo": "curva"
      },
      "geometry": {
        "type": "Point",
        "coordinates": [
          27.83135986328125,
          -21.983551025390625
        ]
      }
    },
    {
      "type": "Feature",
      "properties": {
        "sequence": 502,
        "motivo": "curva"
      },
      "geometry": {
        "type": "Point",
        "coordinates": [
          27.831357955932617,
          -21.98355484008789
        ]
      }
    },
    {
      "type": "Feature",
      "properties": {
        "sequence": 503,
        "motivo": "curva"
      },
      "geometry": {
        "type": "Point",
        "coordinates": [
          27.831357955932617,
          -21.983558654785156
        ]
      }
    },
    {
      "type": "Feature",
      "properties": {
        "sequence": 504,
        "motivo": "manual"
      },
      "geometry": {
        "type": "Point",
        "coordinates": [
          27.83135986328125,
          -21.983558654785156
        ]
      }
    },
    {
      "type": "Feature",
      "properties": {
        "sequence": 505,
        "motivo": "curva"
      },
      "geometry": {
        "type": "Point",
        "coordinates": [
          27.831356048583984,
          -21.983556747436523
        ]
      }
    },
    {
      "type": "Feature",
      "properties": {
        "sequence": 506,
        "motivo": "espaciado"
      },
      "geometry": {
        "type": "Point",
        "coordinates": [
          27.831344604492188,
          -21.983556747436523
        ]
      }
    },
    {
      "type": "Feature",
      "properties": {
        "sequence": 507,
        "motivo": "espaciado"
      },
      "geometry": {
        "type": "Point",
        "coordinates": [
          27.83133316040039,
          -21.98355484008789
        ]
      }
    },
    {
      "type": "Feature",
      "properties": {
        "sequence": 508,
        "motivo": "espaciado"
      },
      "geometry": {
        "type": "Point",
        "coordinates": [
          27.8313159942627,
          -21.983551025390625
        ]
      }
    },
    {
      "type": "Feature",
      "properties": {
        "sequence": 509,
        "motivo": "espaciado"
      },
      "geometry": {
        "type": "Point",
        "coordinates": [
          27.83130645751953,
          -21.983552932739258
        ]
      }
    },
    {
      "type": "Feature",
      "properties": {
        "sequence": 510,
        "motivo": "curva"
      },
      "geometry": {
        "type": "Point",
        "coordinates": [
          27.83130645751953,
          -21.983556747436523
        ]
      }
    },
    {
      "type": "Feature",
      "properties": {
        "sequence": 511,
        "motivo": "curva"
      },
      "geometry": {
        "type": "Point",
        "coordinates": [
          27.831308364868164,
          -21.983562469482422
        ]
      }
    },
    {
      "type": "Feature",
      "properties": {
        "sequence": 512,
        "motivo": "espaciado"
      },
      "geometry": {
        "type": "Point",
        "coordinates": [
          27.831298828125,
          -21.983564376831055
        ]
      }
    },
    {
      "type": "Feature",
      "properties": {
        "sequence": 513,
        "motivo": "espaciado"
      },
      "geometry": {
        "type": "Point",
        "coordinates": [
          27.831283569335938,
          -21.983564376831055
        ]
      }
    },
    {
      "type": "Feature",
      "properties": {
        "sequence": 514,
        "motivo": "espaciado"
      },
      "geometry": {
        "type": "Point",
        "coordinates": [
          27.831274032592773,
          -21.983562469482422
        ]
      }
    },
    {
      "type": "Feature",
      "properties": {
        "sequence": 515,
        "motivo": "curva"
      },
      "geometry": {
        "type": "Point",
        "coordinates": [
          27.831270217895508,
          -21.983558654785156
        ]
      }
    },
    {
      "type": "Feature",
      "properties": {
        "sequence": 516,
        "motivo": "curva"
      },
      "geometry": {
        "type": "Point",
        "coordinates": [
          27.831268310546875,
          -21.983552932739258
        ]
      }
    },
    {
      "type": "Feature",
      "properties": {
        "sequence": 517,
        "motivo": "curva"
      },
      "geometry": {
        "type": "Point",
        "coordinates": [
          27.83126449584961,
          -21.983551025390625
        ]
      }
    },
    {
      "type": "Feature",
      "properties": {
        "sequence": 518,
        "motivo": "curva"
      },
      "geometry": {
        "type": "Point",
        "coordinates": [
          27.831260681152344,
          -21.98355484008789
        ]
      }
    },
    {
      "type": "Feature",
      "properties": {
        "sequence": 519,
        "motivo": "curva"
      },
      "geometry": {
        "type": "Point",
        "coordinates": [
          27.831262588500977,
          -21.983558654785156
        ]
      }
    },
    {
      "type": "Feature",
      "properties": {
        "sequence": 520,
        "motivo": "curva"
      },
      "geometry": {
        "type": "Point",
        "coordinates": [
          27.83125877380371,
          -21.98356056213379
        ]
      }
    },
    {
      "type": "Feature",
      "properties": {
        "sequence": 521,
        "motivo": "curva"
      },
      "geometry": {
        "type": "Point",
        "coordinates": [
          27.831254959106445,
          -21.983556747436523
        ]
      }
    },
    {
      "type": "Feature",
      "properties": {
        "sequence": 522,
        "motivo": "curva"
      },
      "geometry": {
        "type": "Point",
        "coordinates": [
          27.83125114440918,
          -21.98355484008789
        ]
      }
    },
    {
      "type": "Feature",
      "properties": {
        "sequence": 523,
        "motivo": "espaciado"
      },
      "geometry": {
        "type": "Point",
        "coordinates": [
          27.83123779296875,
          -21.983549118041992
        ]
      }
    },
    {
      "type": "Feature",
      "properties": {
        "sequence": 524,
        "motivo": "espaciado"
      },
      "geometry": {
        "type": "Point",
        "coordinates": [
          27.831228256225586,
          -21.983543395996094
        ]
      }
    },
    {
      "type": "Feature",
      "properties": {
        "sequence": 525,
        "motivo": "espaciado"
      },
      "geometry": {
        "type": "Point",
        "coordinates": [
          27.83121681213379,
          -21.983535766601562
        ]
      }
    },
    {
      "type": "Feature",
      "properties": {
        "sequence": 526,
        "motivo": "curva"
      },
      "geometry": {
        "type": "Point",
        "coordinates": [
          27.83121109008789,
          -21.98353385925293
        ]
      }
    },
    {
      "type": "Feature",
      "properties": {
        "sequence": 527,
        "motivo": "espaciado"
      },
      "geometry": {
        "type": "Point",
        "coordinates": [
          27.8311939239502,
          -21.9835262298584
        ]
      }
    },
    {
      "type": "Feature",
      "properties": {
        "sequence": 528,
        "motivo": "espaciado"
      },
      "geometry": {
        "type": "Point",
        "coordinates": [
          27.831178665161133,
          -21.983510971069336
        ]
      }
    },
    {
      "type": "Feature",
      "properties": {
        "sequence": 529,
        "motivo": "manual"
      },
      "geometry": {
        "type": "Point",
        "coordinates": [
          27.831180572509766,
          -21.98351287841797
        ]
      }
    },
    {
      "type": "Feature",
      "properties": {
        "sequence": 530,
        "motivo": "curva"
      },
      "geometry": {
        "type": "Point",
        "coordinates": [
          27.831178665161133,
          -21.9835090637207
        ]
      }
    },
    {
      "type": "Feature",
      "properties": {
        "sequence": 531,
        "motivo": "curva"
      },
      "geometry": {
        "type": "Point",
        "coordinates": [
          27.831180572509766,
          -21.983505249023438
        ]
      }
    },
    {
      "type": "Feature",
      "properties": {
        "sequence": 532,
        "motivo": "curva"
      },
      "geometry": {
        "type": "Point",
        "coordinates": [
          27.83118438720703,
          -21.9835033416748
        ]
      }
    },
    {
      "type": "Feature",
      "properties": {
        "sequence": 533,
        "motivo": "espaciado"
      },
      "geometry": {
        "type": "Point",
        "coordinates": [
          27.8311824798584,
          -21.98349380493164
        ]
      }
    },
    {
      "type": "Feature",
      "properties": {
        "sequence": 534,
        "motivo": "curva"
      },
      "geometry": {
        "type": "Point",
        "coordinates": [
          27.8311767578125,
          -21.98349380493164
        ]
      }
    },
    {
      "type": "Feature",
      "properties": {
        "sequence": 535,
        "motivo": "curva"
      },
      "geometry": {
        "type": "Point",
        "coordinates": [
          27.8311767578125,
          -21.983497619628906
        ]
      }
    },
    {
      "type": "Feature",
      "properties": {
        "sequence": 536,
        "motivo": "curva"
      },
      "geometry": {
        "type": "Point",
        "coordinates": [
          27.8311710357666,
          -21.98349380493164
        ]
      }
    },
    {
      "type": "Feature",
      "properties": {
        "sequence": 537,
        "motivo": "espaciado"
      },
      "geometry": {
        "type": "Point",
        "coordinates": [
          27.831161499023438,
          -21.983489990234375
        ]
      }
    },
    {
      "type": "Feature",
      "properties": {
        "sequence": 538,
        "motivo": "curva"
      },
      "geometry": {
        "type": "Point",
        "coordinates": [
          27.831153869628906,
          -21.983491897583008
        ]
      }
    },
    {
      "type": "Feature",
      "properties": {
        "sequence": 539,
        "motivo": "espaciado"
      },
      "geometry": {
        "type": "Point",
        "coordinates": [
          27.83114242553711,
          -21.983495712280273
        ]
      }
    },
    {
      "type": "Feature",
      "properties": {
        "sequence": 540,
        "motivo": "espaciado"
      },
      "geometry": {
        "type": "Point",
        "coordinates": [
          27.831132888793945,
          -21.983497619628906
        ]
      }
    },
    {
      "type": "Feature",
      "properties": {
        "sequence": 541,
        "motivo": "curva"
      },
      "geometry": {
        "type": "Point",
        "coordinates": [
          27.83112907409668,
          -21.983495712280273
        ]
      }
    },
    {
      "type": "Feature",
      "properties": {
        "sequence": 542,
        "motivo": "curva"
      },
      "geometry": {
        "type": "Point",
        "coordinates": [
          27.831125259399414,
          -21.983491897583008
        ]
      }
    },
    {
      "type": "Feature",
      "properties": {
        "sequence": 543,
        "motivo": "curva"
      },
      "geometry": {
        "type": "Point",
        "coordinates": [
          27.83112907409668,
          -21.98348617553711
        ]
      }
    },
    {
      "type": "Feature",
      "properties": {
        "sequence": 544,
        "motivo": "curva"
      },
      "geometry": {
        "type": "Point",
        "coordinates": [
          27.831130981445312,
          -21.983478546142578
        ]
      }
    },
    {
      "type": "Feature",
      "properties": {
        "sequence": 545,
        "motivo": "curva"
      },
      "geometry": {
        "type": "Point",
        "coordinates": [
          27.831127166748047,
          -21.983474731445312
        ]
      }
    },
    {
      "type": "Feature",
      "properties": {
        "sequence": 546,
        "motivo": "manual"
      },
      "geometry": {
        "type": "Point",
        "coordinates": [
          27.83112335205078,
          -21.983470916748047
        ]
      }
    },
    {
      "type": "Feature",
      "properties": {
        "sequence": 547,
        "motivo": "espaciado"
      },
      "geometry": {
        "type": "Point",
        "coordinates": [
          27.831113815307617,
          -21.983461380004883
        ]
      }
    },
    {
      "type": "Feature",
      "properties": {
        "sequence": 548,
        "motivo": "espaciado"
      },
      "geometry": {
        "type": "Point",
        "coordinates": [
          27.831106185913086,
          -21.98345375061035
        ]
      }
    },
    {
      "type": "Feature",
      "properties": {
        "sequence": 549,
        "motivo": "curva"
      },
      "geometry": {
        "type": "Point",
        "coordinates": [
          27.831100463867188,
          -21.98345184326172
        ]
      }
    },
    {
      "type": "Feature",
      "properties": {
        "sequence": 550,
        "motivo": "espaciado"
      },
      "geometry": {
        "type": "Point",
        "coordinates": [
          27.831090927124023,
          -21.983449935913086
        ]
      }
    },
    {
      "type": "Feature",
      "properties": {
        "sequence": 551,
        "motivo": "espaciado"
      },
      "geometry": {
        "type": "Point",
        "coordinates": [
          27.831079483032227,
          -21.98344612121582
        ]
      }
    },
    {
      "type": "Feature",
      "properties": {
        "sequence": 552,
        "motivo": "curva"
      },
      "geometry": {
        "type": "Point",
        "coordinates": [
          27.831077575683594,
          -21.983442306518555
        ]
      }
    },
    {
      "type": "Feature",
      "properties": {
        "sequence": 553,
        "motivo": "curva"
      },
      "geometry": {
        "type": "Point",
        "coordinates": [
          27.831079483032227,
          -21.983436584472656
        ]
      }
    },
    {
      "type": "Feature",
      "properties": {
        "sequence": 554,
        "motivo": "curva"
      },
      "geometry": {
        "type": "Point",
        "coordinates": [
          27.831085205078125,
          -21.983434677124023
        ]
      }
    },
    {
      "type": "Feature",
      "properties": {
        "sequence": 555,
        "motivo": "curva"
      },
      "geometry": {
        "type": "Point",
        "coordinates": [
          27.83108901977539,
          -21.983430862426758
        ]
      }
    },
    {
      "type": "Feature",
      "properties": {
        "sequence": 556,
        "motivo": "curva"
      },
      "geometry": {
        "type": "Point",
        "coordinates": [
          27.831092834472656,
          -21.983428955078125
        ]
      }
    },
    {
      "type": "Feature",
      "properties": {
        "sequence": 557,
        "motivo": "curva"
      },
      "geometry": {
        "type": "Point",
        "coordinates": [
          27.83109474182129,
          -21.98342514038086
        ]
      }
    },
    {
      "type": "Feature",
      "properties": {
        "sequence": 558,
        "motivo": "curva"
      },
      "geometry": {
        "type": "Point",
        "coordinates": [
          27.831100463867188,
          -21.98342514038086
        ]
      }
    },
    {
      "type": "Feature",
      "properties": {
        "sequence": 559,
        "motivo": "curva"
      },
      "geometry": {
        "type": "Point",
        "coordinates": [
          27.831104278564453,
          -21.983423233032227
        ]
      }
    }
  ]
}