{
  "type": "FeatureCollection",
  "features": [
    {
      "type": "Feature",
      "properties": {
        "tipo": "track"
      },
      "geometry": {
        "type": "LineString",
        "coordinates": [
          [
            -98.81459045410156,
            19.57025909423828
          ],
          [
            -98.81459045410156,
            19.57025909423828
          ],
          [
            -98.81459045410156,
            19.57025909423828
          ],
          [
            -98.81459045410156,
            19.57025909423828
          ],
          [
            -98.81459045410156,
            19.57025909423828
          ],
          [
            -98.81459045410156,
            19.57025909423828
          ],
          [
            -98.81459045410156,
            19.57025909423828
          ],
          [
            -98.81459045410156,
            19.57025909423828
          ],
          [
            -98.81459045410156,
            19.570262908935547
          ],
          [
            -98.81459045410156,
            19.570262908935547
          ],
          [
            -98.81458282470703,
            19.570270538330078
          ],
          [
            -98.81458282470703,
            19.570270538330078
          ],
          [
            -98.81458282470703,
            19.570270538330078
          ],
          [
            -98.81458282470703,
            19.570270538330078
          ],
          [
            -98.81458282470703,
            19.570270538330078
          ],
          [
            -98.81458282470703,
            19.570270538330078
          ],
          [
            -98.81458282470703,
            19.570270538330078
          ],
          [
            -98.81458282470703,
            19.570270538330078
          ],
          [
            -98.81458282470703,
            19.570270538330078
          ],
          [
            -98.81458282470703,
            19.570270538330078
          ],
          [
            -98.81458282470703,
            19.570270538330078
          ],
          [
            -98.81458282470703,
            19.570270538330078
          ],
          [
            -98.81458282470703,
            19.570270538330078
          ],
          [
            -98.81458282470703,
            19.570270538330078
          ],
          [
            -98.81458282470703,
            19.57027244567871
          ],
          [
            -98.8145751953125,
            19.570274353027344
          ],
          [
            -98.8145751953125,
            19.57027816772461
          ],
          [
            -98.8145751953125,
            19.57027816772461
          ],
          [
            -98.81456756591797,
            19.570281982421875
          ],
          [
            -98.81456756591797,
            19.570281982421875
          ],
          [
            -98.81456756591797,
            19.570283889770508
          ],
          [
            -98.81456756591797,
            19.570287704467773
          ],
          [
            -98.81455993652344,
            19.57029151916504
          ],
          [
            -98.81455993652344,
            19.57029151916504
          ],
          [
            -98.81455993652344,
            19.570293426513672
          ],
          [
            -98.81455993652344,
            19.570293426513672
          ],
          [
            -98.81455993652344,
            19.570297241210938
          ],
          [
            -98.81455993652344,
            19.570297241210938
          ],
          [
            -98.81455993652344,
            19.570297241210938
          ],
          [
            -98.81455993652344,
            19.570297241210938
          ],
          [
            -98.81455993652344,
            19.570297241210938
          ],
          [
            -98.81455993652344,
            19.570297241210938
          ],
          [
            -98.81455993652344,
            19.57029914855957
          ],
          [
            -98.81455993652344,
            19.57029914855957
          ],
          [
            -98.8145523071289,
            19.5703010559082
          ],
          [
            -98.8145523071289,
            19.5703010559082
          ],
          [
            -98.8145523071289,
            19.5703010559082
          ],
          [
            -98.8145523071289,
            19.5703010559082
          ],
          [
            -98.8145523071289,
            19.5703010559082
          ],
          [
            -98.8145523071289,
            19.5703010559082
          ],
          [
            -98.8145523071289,
            19.5703010559082
          ],
          [
            -98.8145523071289,
            19.5703010559082
          ],
          [
            -98.8145523071289,
            19.570302963256836
          ],
          [
            -98.8145523071289,
            19.570302963256836
          ],
          [
            -98.8145523071289,
            19.570302963256836
          ],
          [
            -98.8145523071289,
            19.570302963256836
          ],
          [
            -98.8145523071289,
            19.570302963256836
          ],
          [
            -98.8145523071289,
            19.570302963256836
          ],
          [
            -98.8145523071289,
            19.570302963256836
          ],
          [
            -98.8145523071289,
            19.570302963256836
          ],
          [
            -98.8145523071289,
            19.570302963256836
          ],
          [
            -98.8145523071289,
            19.570302963256836
          ],
          [
            -98.8145523071289,
            19.57030487060547
          ],
          [
            -98.8145523071289,
            19.57030487060547
          ],
          [
            -98.8145523071289,
            19.570308685302734
          ],
          [
            -98.8145523071289,
            19.570308685302734
          ],
          [
            -98.8145523071289,
            19.570308685302734
          ],
          [
            -98.8145523071289,
            19.570308685302734
          ],
          [
            -98.8145523071289,
            19.570308685302734
          ],
          [
            -98.8145523071289,
            19.570308685302734
          ],
          [
            -98.8145523071289,
            19.570308685302734
          ],
          [
            -98.8145523071289,
            19.570308685302734
          ],
          [
            -98.8145523071289,
            19.570310592651367
          ],
          [
            -98.8145523071289,
            19.5703125
          ],
          [
            -98.8145523071289,
            19.5703125
          ],
          [
            -98.8145523071289,
            19.5703125
          ],
          [
            -98.8145523071289,
            19.5703125
          ],
          [
            -98.8145523071289,
            19.570314407348633
          ],
          [
            -98.8145523071289,
            19.570314407348633
          ],
          [
            -98.8145523071289,
            19.570314407348633
          ],
          [
            -98.8145523071289,
            19.5703125
          ],
          [
            -98.8145523071289,
            19.5703125
          ],
          [
            -98.8145523071289,
            19.5703125
          ],
          [
            -98.8145523071289,
            19.5703125
          ],
          [
            -98.8145523071289,
            19.5703125
          ],
          [
            -98.8145523071289,
            19.5703125
          ],
          [
            -98.8145523071289,
            19.5703125
          ],
          [
            -98.81454467773438,
            19.5703125
          ],
          [
            -98.81454467773438,
            19.5703125
          ],
          [
            -98.81454467773438,
            19.570310592651367
          ],
          [
            -98.81454467773438,
            19.570310592651367
          ],
          [
            -98.81454467773438,
            19.570310592651367
          ],
          [
            -98.81454467773438,
            19.5703125
          ],
          [
            -98.81454467773438,
            19.5703125
          ],
          [
            -98.81454467773438,
            19.5703125
          ],
          [
            -98.81454467773438,
            19.5703125
          ],
          [
            -98.81454467773438,
            19.5703125
          ],
          [
            -98.81454467773438,
            19.5703125
          ],
          [
            -98.81454467773438,
            19.5703125
          ],
          [
            -98.81454467773438,
            19.5703125
          ],
          [
            -98.81454467773438,
            19.5703125
          ],
          [
            -98.81454467773438,
            19.5703125
          ],
          [
            -98.81454467773438,
            19.5703125
          ],
          [
            -98.81454467773438,
            19.5703125
          ],
          [
            -98.81454467773438,
            19.5703125
          ],
          [
            -98.81454467773438,
            19.5703125
          ],
          [
            -98.81454467773438,
            19.570314407348633
          ],
          [
            -98.81454467773438,
            19.570314407348633
          ],
          [
            -98.81454467773438,
            19.5703182220459
          ],
          [
            -98.81454467773438,
            19.5703182220459
          ],
          [
            -98.81454467773438,
            19.5703182220459
          ],
          [
            -98.81454467773438,
            19.5703182220459
          ],
          [
            -98.81454467773438,
            19.5703182220459
          ],
          [
            -98.81454467773438,
            19.5703182220459
          ],
          [
            -98.81454467773438,
            19.5703182220459
          ],
          [
            -98.81454467773438,
            19.5703182220459
          ],
          [
            -98.81454467773438,
            19.5703182220459
          ],
          [
            -98.81454467773438,
            19.5703182220459
          ],
          [
            -98.81454467773438,
            19.57032012939453
          ],
          [
            -98.81454467773438,
            19.57032012939453
          ],
          [
            -98.81454467773438,
            19.570322036743164
          ],
          [
            -98.81454467773438,
            19.570322036743164
          ],
          [
            -98.81454467773438,
            19.570322036743164
          ],
          [
            -98.81454467773438,
            19.570322036743164
          ],
          [
            -98.81453704833984,
            19.570322036743164
          ],
          [
            -98.81453704833984,
            19.570322036743164
          ],
          [
            -98.81453704833984,
            19.570322036743164
          ],
          [
            -98.81453704833984,
            19.570322036743164
          ],
          [
            -98.81453704833984,
            19.570322036743164
          ],
          [
            -98.81453704833984,
            19.570322036743164
          ],
          [
            -98.81453704833984,
            19.570322036743164
          ],
          [
            -98.81453704833984,
            19.570322036743164
          ],
          [
            -98.81453704833984,
            19.570322036743164
          ],
          [
            -98.81453704833984,
            19.570322036743164
          ],
          [
            -98.81453704833984,
            19.570322036743164
          ],
          [
            -98.81453704833984,
            19.570322036743164
          ],
          [
            -98.81453704833984,
            19.570322036743164
          ],
          [
            -98.81453704833984,
            19.570322036743164
          ],
          [
            -98.81453704833984,
            19.570322036743164
          ],
          [
            -98.81453704833984,
            19.570322036743164
          ],
          [
            -98.81453704833984,
            19.570322036743164
          ],
          [
            -98.81453704833984,
            19.570322036743164
          ],
          [
            -98.81453704833984,
            19.570322036743164
          ],
          [
            -98.81453704833984,
            19.570322036743164
          ],
          [
            -98.81453704833984,
            19.570322036743164
          ],
          [
            -98.81453704833984,
            19.570322036743164
          ],
          [
            -98.81453704833984,
            19.570322036743164
          ],
          [
            -98.81453704833984,
            19.570322036743164
          ],
          [
            -98.81453704833984,
            19.570322036743164
          ],
          [
            -98.81453704833984,
            19.570322036743164
          ],
          [
            -98.81453704833984,
            19.570322036743164
          ],
          [
            -98.81453704833984,
            19.570322036743164
          ],
          [
            -98.81453704833984,
            19.5703239440918
          ],
          [
            -98.81453704833984,
            19.5703239440918
          ],
          [
            -98.81453704833984,
            19.5703239440918
          ],
          [
            -98.81453704833984,
            19.57032585144043
          ],
          [
            -98.81453704833984,
            19.57032585144043
          ],
          [
            -98.81453704833984,
            19.57032585144043
          ],
          [
            -98.81453704833984,
            19.57032585144043
          ],
          [
            -98.81453704833984,
            19.57032585144043
          ],
          [
            -98.81453704833984,
            19.57032585144043
          ],
          [
            -98.81453704833984,
            19.5703239440918
          ],
          [
            -98.81453704833984,
            19.5703239440918
          ],
          [
            -98.81453704833984,
            19.57032585144043
          ],
          [
            -98.81453704833984,
            19.57032585144043
          ],
          [
            -98.81453704833984,
            19.57032585144043
          ],
          [
            -98.81453704833984,
            19.57032585144043
          ],
          [
            -98.81453704833984,
            19.57032585144043
          ],
          [
            -98.81453704833984,
            19.57032585144043
          ],
          [
            -98.81453704833984,
            19.57032585144043
          ],
          [
            -98.81453704833984,
            19.57032585144043
          ],
          [
            -98.81453704833984,
            19.57032585144043
          ],
          [
            -98.81453704833984,
            19.57032585144043
          ],
          [
            -98.81453704833984,
            19.57032585144043
          ],
          [
            -98.81453704833984,
            19.57032585144043
          ],
          [
            -98.81453704833984,
            19.57032585144043
          ],
          [
            -98.81453704833984,
            19.57032585144043
          ],
          [
            -98.81453704833984,
            19.57032585144043
          ],
          [
            -98.81453704833984,
            19.57032585144043
          ],
          [
            -98.81453704833984,
            19.57032585144043
          ],
          [
            -98.81453704833984,
            19.57032585144043
          ],
          [
            -98.81453704833984,
            19.57032585144043
          ],
          [
            -98.8145294189453,
            19.570327758789062
          ],
          [
            -98.8145294189453,
            19.570327758789062
          ],
          [
            -98.8145294189453,
            19.570327758789062
          ],
          [
            -98.8145294189453,
            19.570327758789062
          ],
          [
            -98.8145294189453,
            19.570327758789062
          ],
          [
            -98.8145294189453,
            19.570327758789062
          ],
          [
            -98.8145294189453,
            19.570327758789062
          ],
          [
            -98.8145294189453,
            19.570327758789062
          ],
          [
            -98.8145294189453,
            19.570327758789062
          ],
          [
            -98.8145294189453,
            19.570327758789062
          ],
          [
            -98.8145294189453,
            19.570327758789062
          ],
          [
            -98.8145294189453,
            19.570327758789062
          ],
          [
            -98.8145294189453,
            19.570327758789062
          ],
          [
            -98.8145294189453,
            19.570327758789062
          ],
          [
            -98.8145294189453,
            19.570327758789062
          ],
          [
            -98.8145294189453,
            19.570327758789062
          ],
          [
            -98.8145294189453,
            19.570327758789062
          ],
          [
            -98.8145294189453,
            19.570327758789062
          ],
          [
            -98.8145294189453,
            19.570327758789062
          ],
          [
            -98.8145294189453,
            19.570327758789062
          ],
          [
            -98.8145294189453,
            19.570327758789062
          ],
          [
            -98.8145294189453,
            19.570327758789062
          ],
          [
            -98.8145294189453,
            19.570327758789062
          ],
          [
            -98.8145294189453,
            19.570327758789062
          ],
          [
            -98.8145294189453,
            19.570327758789062
          ],
          [
            -98.8145294189453,
            19.570327758789062
          ],
          [
            -98.8145294189453,
            19.570327758789062
          ],
          [
            -98.8145294189453,
            19.570327758789062
          ],
          [
            -98.8145294189453,
            19.570327758789062
          ],
          [
            -98.8145294189453,
            19.570331573486328
          ],
          [
            -98.8145294189453,
            19.570331573486328
          ],
          [
            -98.8145217895508,
            19.57033348083496
          ],
          [
            -98.8145217895508,
            19.57033348083496
          ],
          [
            -98.8145217895508,
            19.57033348083496
          ],
          [
            -98.8145217895508,
            19.57033348083496
          ],
          [
            -98.8145217895508,
            19.57033348083496
          ],
          [
            -98.8145217895508,
            19.57033348083496
          ],
          [
            -98.8145217895508,
            19.570335388183594
          ],
          [
            -98.8145217895508,
            19.570335388183594
          ],
          [
            -98.8145217895508,
            19.570337295532227
          ],
          [
            -98.8145217895508,
            19.570337295532227
          ],
          [
            -98.8145217895508,
            19.57033920288086
          ],
          [
            -98.8145217895508,
            19.57033920288086
          ],
          [
            -98.8145217895508,
            19.57033920288086
          ],
          [
            -98.8145217895508,
            19.57033920288086
          ],
          [
            -98.8145217895508,
            19.57033920288086
          ],
          [
            -98.8145217895508,
            19.57033920288086
          ],
          [
            -98.8145217895508,
            19.570341110229492
          ],
          [
            -98.8145217895508,
            19.570343017578125
          ],
          [
            -98.8145217895508,
            19.570343017578125
          ],
          [
            -98.8145217895508,
            19.570343017578125
          ],
          [
            -98.8145217895508,
            19.570344924926758
          ],
          [
            -98.81451416015625,
            19.570348739624023
          ],
          [
            -98.81451416015625,
            19.570348739624023
          ],
          [
            -98.81451416015625,
            19.570350646972656
          ],
          [
            -98.81451416015625,
            19.570350646972656
          ],
          [
            -98.81451416015625,
            19.570354461669922
          ],
          [
            -98.81451416015625,
            19.570354461669922
          ],
          [
            -98.81451416015625,
            19.570356369018555
          ],
          [
            -98.81451416015625,
            19.570356369018555
          ],
          [
            -98.8145065307617,
            19.57036018371582
          ],
          [
            -98.8145065307617,
            19.57036018371582
          ],
          [
            -98.8145065307617,
            19.570363998413086
          ],
          [
            -98.8145065307617,
            19.570363998413086
          ],
          [
            -98.8145065307617,
            19.57036590576172
          ],
          [
            -98.8145065307617,
            19.57036590576172
          ],
          [
            -98.8145065307617,
            19.57036590576172
          ],
          [
            -98.8145065307617,
            19.57036590576172
          ],
          [
            -98.8145065307617,
            19.57036781311035
          ],
          [
            -98.8145065307617,
            19.57036781311035
          ],
          [
            -98.8145065307617,
            19.57036781311035
          ],
          [
            -98.8145065307617,
            19.57036781311035
          ],
          [
            -98.8145065307617,
            19.57036781311035
          ],
          [
            -98.8145065307617,
            19.57036781311035
          ],
          [
            -98.8144989013672,
            19.57036781311035
          ],
          [
            -98.8144989013672,
            19.57036781311035
          ],
          [
            -98.8144989013672,
            19.570371627807617
          ],
          [
            -98.8144989013672,
            19.570371627807617
          ],
          [
            -98.8144989013672,
            19.570371627807617
          ],
          [
            -98.8144989013672,
            19.570371627807617
          ],
          [
            -98.8144989013672,
            19.57037353515625
          ],
          [
            -98.81449127197266,
            19.570375442504883
          ],
          [
            -98.81449127197266,
            19.570377349853516
          ],
          [
            -98.81449127197266,
            19.570377349853516
          ],
          [
            -98.81449127197266,
            19.57038116455078
          ],
          [
            -98.81449127197266,
            19.57038116455078
          ],
          [
            -98.81449127197266,
            19.570383071899414
          ],
          [
            -98.81449127197266,
            19.570383071899414
          ],
          [
            -98.81448364257812,
            19.570384979248047
          ],
          [
            -98.81448364257812,
            19.570384979248047
          ],
          [
            -98.81448364257812,
            19.570388793945312
          ],
          [
            -98.81448364257812,
            19.570392608642578
          ],
          [
            -98.81448364257812,
            19.570392608642578
          ],
          [
            -98.8144760131836,
            19.570396423339844
          ],
          [
            -98.8144760131836,
            19.570396423339844
          ],
          [
            -98.8144760131836,
            19.570396423339844
          ],
          [
            -98.8144760131836,
            19.570396423339844
          ],
          [
            -98.8144760131836,
            19.570396423339844
          ],
          [
            -98.8144760131836,
            19.570396423339844
          ],
          [
            -98.8144760131836,
            19.570396423339844
          ],
          [
            -98.8144760131836,
            19.570396423339844
          ],
          [
            -98.8144760131836,
            19.570398330688477
          ],
          [
            -98.8144760131836,
            19.570402145385742
          ],
          [
            -98.8144760131836,
            19.570402145385742
          ],
          [
            -98.81446838378906,
            19.570404052734375
          ],
          [
            -98.81446838378906,
            19.570404052734375
          ],
          [
            -98.81446838378906,
            19.570404052734375
          ],
          [
            -98.81446838378906,
            19.570404052734375
          ],
          [
            -98.81446838378906,
            19.570404052734375
          ],
          [
            -98.81446838378906,
            19.570404052734375
          ],
          [
            -98.81446838378906,
            19.570405960083008
          ],
          [
            -98.81446838378906,
            19.570405960083008
          ],
          [
            -98.81446838378906,
            19.570405960083008
          ],
          [
            -98.81446838378906,
            19.570405960083008
          ],
          [
            -98.81446838378906,
            19.570405960083008
          ],
          [
            -98.81446838378906,
            19.570405960083008
          ],
          [
            -98.81446838378906,
            19.570405960083008
          ],
          [
            -98.81446838378906,
            19.570405960083008
          ],
          [
            -98.81446838378906,
            19.570405960083008
          ],
          [
            -98.81446838378906,
            19.570405960083008
          ],
          [
            -98.81446075439453,
            19.57040786743164
          ],
          [
            -98.81446075439453,
            19.57040786743164
          ],
          [
            -98.81446075439453,
            19.57040786743164
          ],
          [
            -98.81446075439453,
            19.570409774780273
          ],
          [
            -98.81446075439453,
            19.570409774780273
          ],
          [
            -98.81446075439453,
            19.570409774780273
          ],
          [
            -98.81446075439453,
            19.570411682128906
          ],
          [
            -98.81446075439453,
            19.570411682128906
          ],
          [
            -98.81446075439453,
            19.57041358947754
          ],
          [
            -98.81446075439453,
            19.57041358947754
          ],
          [
            -98.81446075439453,
            19.57041358947754
          ],
          [
            -98.81446075439453,
            19.57041358947754
          ],
          [
            -98.81446075439453,
            19.57041358947754
          ],
          [
            -98.81446075439453,
            19.57041358947754
          ],
          [
            -98.81446075439453,
            19.57041358947754
          ],
          [
            -98.81446075439453,
            19.57041358947754
          ],
          [
            -98.814453125,
            19.57041358947754
          ],
          [
            -98.814453125,
            19.57041358947754
          ],
          [
            -98.814453125,
            19.57041358947754
          ],
          [
            -98.814453125,
            19.57041358947754
          ],
          [
            -98.814453125,
            19.570415496826172
          ],
          [
            -98.814453125,
            19.570415496826172
          ],
          [
            -98.814453125,
            19.570415496826172
          ],
          [
            -98.814453125,
            19.570415496826172
          ],
          [
            -98.81444549560547,
            19.570415496826172
          ],
          [
            -98.81444549560547,
            19.570415496826172
          ],
          [
            -98.81444549560547,
            19.570415496826172
          ],
          [
            -98.81444549560547,
            19.570415496826172
          ],
          [
            -98.81444549560547,
            19.570415496826172
          ],
          [
            -98.81444549560547,
            19.570415496826172
          ],
          [
            -98.81444549560547,
            19.570415496826172
          ],
          [
            -98.81444549560547,
            19.570415496826172
          ],
          [
            -98.81444549560547,
            19.570415496826172
          ],
          [
            -98.81444549560547,
            19.570415496826172
          ],
          [
            -98.81444549560547,
            19.570415496826172
          ],
          [
            -98.81444549560547,
            19.5704174041748
          ],
          [
            -98.81443786621094,
            19.5704174041748
          ],
          [
            -98.81443786621094,
            19.5704174041748
          ],
          [
            -98.81443786621094,
            19.5704174041748
          ],
          [
            -98.81443786621094,
            19.5704174041748
          ],
          [
            -98.8144302368164,
            19.570419311523438
          ],
          [
            -98.8144302368164,
            19.570419311523438
          ],
          [
            -98.8144302368164,
            19.570419311523438
          ],
          [
            -98.8144302368164,
            19.570419311523438
          ],
          [
            -98.8144302368164,
            19.570419311523438
          ],
          [
            -98.8144302368164,
            19.570419311523438
          ],
          [
            -98.8144302368164,
            19.570419311523438
          ],
          [
            -98.8144302368164,
            19.570419311523438
          ],
          [
            -98.81442260742188,
            19.570419311523438
          ],
          [
            -98.81442260742188,
            19.570419311523438
          ],
          [
            -98.81442260742188,
            19.570419311523438
          ],
          [
            -98.81442260742188,
            19.570419311523438
          ],
          [
            -98.81442260742188,
            19.570419311523438
          ],
          [
            -98.81442260742188,
            19.570419311523438
          ],
          [
            -98.81442260742188,
            19.570419311523438
          ],
          [
            -98.81442260742188,
            19.570419311523438
          ],
          [
            -98.81442260742188,
            19.57042121887207
          ],
          [
            -98.81442260742188,
            19.57042121887207
          ],
          [
            -98.81442260742188,
            19.57042121887207
          ],
          [
            -98.81442260742188,
            19.57042121887207
          ],
          [
            -98.81442260742188,
            19.57042121887207
          ],
          [
            -98.81442260742188,
            19.57042121887207
          ],
          [
            -98.81441497802734,
            19.5704231262207
          ],
          [
            -98.81441497802734,
            19.5704231262207
          ],
          [
            -98.81441497802734,
            19.570425033569336
          ],
          [
            -98.81441497802734,
            19.570425033569336
          ],
          [
            -98.81441497802734,
            19.570425033569336
          ],
          [
            -98.81441497802734,
            19.570425033569336
          ],
          [
            -98.81441497802734,
            19.570425033569336
          ],
          [
            -98.81441497802734,
            19.570425033569336
          ],
          [
            -98.81441497802734,
            19.570425033569336
          ],
          [
            -98.81441497802734,
            19.570425033569336
          ],
          [
            -98.81441497802734,
            19.570425033569336
          ],
          [
            -98.81441497802734,
            19.570425033569336
          ],
          [
            -98.81441497802734,
            19.5704231262207
          ],
          [
            -98.81441497802734,
            19.5704231262207
          ],
          [
            -98.81441497802734,
            19.5704231262207
          ],
          [
            -98.81441497802734,
            19.5704231262207
          ],
          [
            -98.81441497802734,
            19.5704231262207
          ],
          [
            -98.81441497802734,
            19.5704231262207
          ],
          [
            -98.81441497802734,
            19.5704231262207
          ],
          [
            -98.81441497802734,
            19.5704231262207
          ],
          [
            -98.81441497802734,
            19.5704231262207
          ],
          [
            -98.81441497802734,
            19.5704231262207
          ],
          [
            -98.81441497802734,
            19.5704231262207
          ],
          [
            -98.81441497802734,
            19.5704231262207
          ],
          [
            -98.81441497802734,
            19.57042121887207
          ],
          [
            -98.81441497802734,
            19.57042121887207
          ],
          [
            -98.81441497802734,
            19.57042121887207
          ],
          [
            -98.81441497802734,
            19.57042121887207
          ],
          [
            -98.81441497802734,
            19.57042121887207
          ],
          [
            -98.81441497802734,
            19.57042121887207
          ],
          [
            -98.81441497802734,
            19.57042121887207
          ],
          [
            -98.81441497802734,
            19.57042121887207
          ],
          [
            -98.81441497802734,
            19.57042121887207
          ],
          [
            -98.81441497802734,
            19.57042121887207
          ],
          [
            -98.81441497802734,
            19.5704231262207
          ],
          [
            -98.81441497802734,
            19.5704231262207
          ],
          [
            -98.81442260742188,
            19.570425033569336
          ],
          [
            -98.81442260742188,
            19.570425033569336
          ],
          [
            -98.81442260742188,
            19.570425033569336
          ],
          [
            -98.81442260742188,
            19.570425033569336
          ],
          [
            -98.81442260742188,
            19.570425033569336
          ],
          [
            -98.81442260742188,
            19.570425033569336
          ],
          [
            -98.81442260742188,
            19.570425033569336
          ],
          [
            -98.81442260742188,
            19.570425033569336
          ],
          [
            -98.81442260742188,
            19.570425033569336
          ],
          [
            -98.81442260742188,
            19.570425033569336
          ],
          [
            -98.81442260742188,
            19.570425033569336
          ],
          [
            -98.81442260742188,
            19.570425033569336
          ],
          [
            -98.81442260742188,
            19.570425033569336
          ],
          [
            -98.81442260742188,
            19.570425033569336
          ],
          [
            -98.81442260742188,
            19.57042121887207
          ],
          [
            -98.81442260742188,
            19.57042121887207
          ],
          [
            -98.81442260742188,
            19.570419311523438
          ],
          [
            -98.81442260742188,
            19.570419311523438
          ],
          [
            -98.81442260742188,
            19.570415496826172
          ],
          [
            -98.81442260742188,
            19.570415496826172
          ],
          [
            -98.81441497802734,
            19.570415496826172
          ],
          [
            -98.81441497802734,
            19.570415496826172
          ],
          [
            -98.81441497802734,
            19.57041358947754
          ],
          [
            -98.81441497802734,
            19.57041358947754
          ],
          [
            -98.81441497802734,
            19.57041358947754
          ],
          [
            -98.81441497802734,
            19.57041358947754
          ],
          [
            -98.81441497802734,
            19.57041358947754
          ],
          [
            -98.81441497802734,
            19.57041358947754
          ],
          [
            -98.81441497802734,
            19.57041358947754
          ],
          [
            -98.81441497802734,
            19.57041358947754
          ],
          [
            -98.81441497802734,
            19.57041358947754
          ],
          [
            -98.81441497802734,
            19.57041358947754
          ],
          [
            -98.81441497802734,
            19.57041358947754
          ],
          [
            -98.81441497802734,
            19.57041358947754
          ],
          [
            -98.81441497802734,
            19.57041358947754
          ],
          [
            -98.81441497802734,
            19.57041358947754
          ],
          [
            -98.81441497802734,
            19.57041358947754
          ],
          [
            -98.81441497802734,
            19.57041358947754
          ],
          [
            -98.81441497802734,
            19.57041358947754
          ],
          [
            -98.81441497802734,
            19.57041358947754
          ],
          [
            -98.81441497802734,
            19.57041358947754
          ],
          [
            -98.81441497802734,
            19.57041358947754
          ],
          [
            -98.81441497802734,
            19.57041358947754
          ],
          [
            -98.81441497802734,
            19.57041358947754
          ],
          [
            -98.81441497802734,
            19.57041358947754
          ],
          [
            -98.81441497802734,
            19.57041358947754
          ],
          [
            -98.81441497802734,
            19.57041358947754
          ],
          [
            -98.81442260742188,
            19.570415496826172
          ],
          [
            -98.81442260742188,
            19.570415496826172
          ],
          [
            -98.81442260742188,
            19.570415496826172
          ],
          [
            -98.81442260742188,
            19.570415496826172
          ],
          [
            -98.81442260742188,
            19.570415496826172
          ],
          [
            -98.81442260742188,
            19.570415496826172
          ],
          [
            -98.81442260742188,
            19.570415496826172
          ],
          [
            -98.81442260742188,
            19.570415496826172
          ],
          [
            -98.81442260742188,
            19.570415496826172
          ],
          [
            -98.81442260742188,
            19.570415496826172
          ],
          [
            -98.81442260742188,
            19.570415496826172
          ],
          [
            -98.81442260742188,
            19.570415496826172
          ],
          [
            -98.81442260742188,
            19.570415496826172
          ],
          [
            -98.81442260742188,
            19.570415496826172
          ],
          [
            -98.81442260742188,
            19.570415496826172
          ],
          [
            -98.81442260742188,
            19.570415496826172
          ],
          [
            -98.81442260742188,
            19.570415496826172
          ],
          [
            -98.81442260742188,
            19.570415496826172
          ],
          [
            -98.81442260742188,
            19.570415496826172
          ],
          [
            -98.81442260742188,
            19.570415496826172
          ],
          [
            -98.81442260742188,
            19.570415496826172
          ],
          [
            -98.81442260742188,
            19.570415496826172
          ],
          [
            -98.81442260742188,
            19.570415496826172
          ],
          [
            -98.81442260742188,
            19.570415496826172
          ],
          [
            -98.81442260742188,
            19.570415496826172
          ],
          [
            -98.81442260742188,
            19.570415496826172
          ],
          [
            -98.81442260742188,
            19.570415496826172
          ],
          [
            -98.81442260742188,
            19.570415496826172
          ],
          [
            -98.81442260742188,
            19.570415496826172
          ],
          [
            -98.81442260742188,
            19.570415496826172
          ],
          [
            -98.81442260742188,
            19.570415496826172
          ],
          [
            -98.81442260742188,
            19.570415496826172
          ],
          [
            -98.81442260742188,
            19.570415496826172
          ],
          [
            -98.81442260742188,
            19.570415496826172
          ],
          [
            -98.81442260742188,
            19.570415496826172
          ],
          [
            -98.81442260742188,
            19.570415496826172
          ],
          [
            -98.81442260742188,
            19.570415496826172
          ],
          [
            -98.81442260742188,
            19.570415496826172
          ],
          [
            -98.81442260742188,
            19.570415496826172
          ],
          [
            -98.81442260742188,
            19.570415496826172
          ],
          [
            -98.81442260742188,
            19.570415496826172
          ],
          [
            -98.81442260742188,
            19.570415496826172
          ],
          [
            -98.81442260742188,
            19.570415496826172
          ],
          [
            -98.81442260742188,
            19.570415496826172
          ],
          [
            -98.8144302368164,
            19.570415496826172
          ],
          [
            -98.8144302368164,
            19.570415496826172
          ],
          [
            -98.8144302368164,
            19.570415496826172
          ],
          [
            -98.8144302368164,
            19.570415496826172
          ],
          [
            -98.8144302368164,
            19.570415496826172
          ],
          [
            -98.8144302368164,
            19.570415496826172
          ],
          [
            -98.8144302368164,
            19.570415496826172
          ],
          [
            -98.8144302368164,
            19.570415496826172
          ],
          [
            -98.8144302368164,
            19.570415496826172
          ],
          [
            -98.8144302368164,
            19.570415496826172
          ],
          [
            -98.8144302368164,
            19.570415496826172
          ],
          [
            -98.8144302368164,
            19.570415496826172
          ],
          [
            -98.8144302368164,
            19.57041358947754
          ],
          [
            -98.8144302368164,
            19.57041358947754
          ],
          [
            -98.8144302368164,
            19.570415496826172
          ],
          [
            -98.8144302368164,
            19.570415496826172
          ],
          [
            -98.8144302368164,
            19.570415496826172
          ],
          [
            -98.8144302368164,
            19.570415496826172
          ],
          [
            -98.8144302368164,
            19.570415496826172
          ],
          [
            -98.8144302368164,
            19.570415496826172
          ],
          [
            -98.8144302368164,
            19.570415496826172
          ],
          [
            -98.8144302368164,
            19.570415496826172
          ],
          [
            -98.81443786621094,
            19.57041358947754
          ],
          [
            -98.81443786621094,
            19.57041358947754
          ],
          [
            -98.81443786621094,
            19.57041358947754
          ],
          [
            -98.81444549560547,
            19.570411682128906
          ],
          [
            -98.81444549560547,
            19.570411682128906
          ],
          [
            -98.81444549560547,
            19.570411682128906
          ],
          [
            -98.81444549560547,
            19.570411682128906
          ],
          [
            -98.814453125,
            19.570411682128906
          ],
          [
            -98.814453125,
            19.570411682128906
          ],
          [
            -98.814453125,
            19.570411682128906
          ],
          [
            -98.814453125,
            19.570411682128906
          ],
          [
            -98.81446075439453,
            19.57041358947754
          ],
          [
            -98.81446075439453,
            19.57041358947754
          ],
          [
            -98.81446075439453,
            19.570415496826172
          ],
          [
            -98.81446075439453,
            19.570415496826172
          ],
          [
            -98.81446075439453,
            19.570415496826172
          ],
          [
            -98.81446075439453,
            19.570415496826172
          ],
          [
            -98.81446075439453,
            19.570415496826172
          ],
          [
            -98.81446075439453,
            19.570415496826172
          ],
          [
            -98.81446075439453,
            19.570415496826172
          ],
          [
            -98.81446075439453,
            19.570415496826172
          ],
          [
            -98.81446838378906,
            19.570415496826172
          ],
          [
            -98.81446838378906,
            19.570415496826172
          ],
          [
            -98.8144760131836,
            19.570415496826172
          ],
          [
            -98.8144760131836,
            19.570415496826172
          ],
          [
            -98.8144760131836,
            19.570415496826172
          ],
          [
            -98.8144760131836,
            19.570415496826172
          ],
          [
            -98.8144760131836,
            19.570415496826172
          ],
          [
            -98.8144760131836,
            19.570415496826172
          ],
          [
            -98.8144760131836,
            19.570415496826172
          ],
          [
            -98.8144760131836,
            19.57041358947754
          ],
          [
            -98.8144760131836,
            19.57041358947754
          ],
          [
            -98.8144760131836,
            19.570411682128906
          ],
          [
            -98.8144760131836,
            19.570411682128906
          ],
          [
            -98.8144760131836,
            19.570409774780273
          ],
          [
            -98.8144760131836,
            19.570409774780273
          ],
          [
            -98.8144760131836,
            19.570409774780273
          ],
          [
            -98.8144760131836,
            19.570409774780273
          ],
          [
            -98.8144760131836,
            19.570409774780273
          ],
          [
            -98.8144760131836,
            19.570409774780273
          ],
          [
            -98.8144760131836,
            19.570409774780273
          ],
          [
            -98.8144760131836,
            19.570409774780273
          ],
          [
            -98.8144760131836,
            19.570409774780273
          ],
          [
            -98.8144760131836,
            19.570409774780273
          ],
          [
            -98.8144760131836,
            19.570409774780273
          ],
          [
            -98.8144760131836,
            19.570409774780273
          ],
          [
            -98.8144760131836,
            19.570409774780273
          ],
          [
            -98.8144760131836,
            19.570409774780273
          ],
          [
            -98.8144760131836,
            19.570409774780273
          ],
          [
            -98.8144760131836,
            19.570409774780273
          ],
          [
            -98.8144760131836,
            19.570409774780273
          ],
          [
            -98.8144760131836,
            19.570409774780273
          ],
          [
            -98.8144760131836,
            19.57040786743164
          ],
          [
            -98.8144760131836,
            19.57040786743164
          ],
          [
            -98.8144760131836,
            19.570405960083008
          ],
          [
            -98.8144760131836,
            19.570405960083008
          ],
          [
            -98.8144760131836,
            19.570404052734375
          ],
          [
            -98.8144760131836,
            19.570404052734375
          ],
          [
            -98.81448364257812,
            19.570402145385742
          ],
          [
            -98.81448364257812,
            19.570402145385742
          ],
          [
            -98.81448364257812,
            19.570402145385742
          ],
          [
            -98.81448364257812,
            19.570402145385742
          ],
          [
            -98.81448364257812,
            19.570402145385742
          ],
          [
            -98.81448364257812,
            19.57040023803711
          ],
          [
            -98.81448364257812,
            19.57040023803711
          ],
          [
            -98.81448364257812,
            19.57040023803711
          ],
          [
            -98.81448364257812,
            19.57040023803711
          ],
          [
            -98.81448364257812,
            19.57040023803711
          ],
          [
            -98.81448364257812,
            19.57040023803711
          ],
          [
            -98.81448364257812,
            19.57040023803711
          ],
          [
            -98.81448364257812,
            19.57040023803711
          ],
          [
            -98.81448364257812,
            19.570396423339844
          ],
          [
            -98.81448364257812,
            19.570392608642578
          ],
          [
            -98.81448364257812,
            19.570392608642578
          ],
          [
            -98.81449127197266,
            19.570390701293945
          ],
          [
            -98.81449127197266,
            19.570390701293945
          ],
          [
            -98.81449127197266,
            19.570388793945312
          ],
          [
            -98.81449127197266,
            19.570388793945312
          ],
          [
            -98.81449127197266,
            19.570388793945312
          ],
          [
            -98.81449127197266,
            19.570388793945312
          ],
          [
            -98.81449127197266,
            19.570388793945312
          ],
          [
            -98.81449127197266,
            19.570388793945312
          ],
          [
            -98.81449127197266,
            19.570388793945312
          ],
          [
            -98.81449127197266,
            19.570388793945312
          ],
          [
            -98.81449127197266,
            19.57038688659668
          ],
          [
            -98.81449127197266,
            19.57038688659668
          ],
          [
            -98.8144989013672,
            19.570384979248047
          ],
          [
            -98.8144989013672,
            19.570384979248047
          ],
          [
            -98.8144989013672,
            19.57038116455078
          ],
          [
            -98.8144989013672,
            19.57038116455078
          ],
          [
            -98.8144989013672,
            19.57037925720215
          ],
          [
            -98.8144989013672,
            19.57037925720215
          ],
          [
            -98.8144989013672,
            19.570375442504883
          ],
          [
            -98.8144989013672,
            19.570375442504883
          ],
          [
            -98.8145065307617,
            19.57037353515625
          ],
          [
            -98.8145065307617,
            19.57037353515625
          ],
          [
            -98.8145065307617,
            19.570369720458984
          ],
          [
            -98.8145065307617,
            19.570369720458984
          ],
          [
            -98.8145065307617,
            19.57036590576172
          ],
          [
            -98.8145065307617,
            19.57036590576172
          ],
          [
            -98.8145065307617,
            19.570362091064453
          ],
          [
            -98.8145065307617,
            19.570362091064453
          ],
          [
            -98.8145065307617,
            19.570362091064453
          ],
          [
            -98.8145065307617,
            19.570362091064453
          ],
          [
            -98.8145065307617,
            19.570362091064453
          ],
          [
            -98.8145065307617,
            19.570362091064453
          ],
          [
            -98.8145065307617,
            19.570362091064453
          ],
          [
            -98.8145065307617,
            19.570362091064453
          ],
          [
            -98.8145065307617,
            19.570362091064453
          ],
          [
            -98.8145065307617,
            19.570362091064453
          ],
          [
            -98.8145065307617,
            19.570362091064453
          ],
          [
            -98.8145065307617,
            19.570362091064453
          ],
          [
            -98.81451416015625,
            19.57036018371582
          ],
          [
            -98.81451416015625,
            19.57036018371582
          ],
          [
            -98.81451416015625,
            19.570358276367188
          ],
          [
            -98.81451416015625,
            19.570358276367188
          ],
          [
            -98.81451416015625,
            19.570356369018555
          ],
          [
            -98.81451416015625,
            19.570356369018555
          ],
          [
            -98.8145217895508,
            19.57035255432129
          ],
          [
            -98.8145217895508,
            19.57035255432129
          ],
          [
            -98.8145217895508,
            19.57035255432129
          ],
          [
            -98.8145217895508,
            19.57035255432129
          ],
          [
            -98.8145217895508,
            19.57035255432129
          ],
          [
            -98.8145217895508,
            19.57035255432129
          ],
          [
            -98.8145217895508,
            19.57035255432129
          ],
          [
            -98.8145217895508,
            19.57035255432129
          ],
          [
            -98.8145217895508,
            19.570350646972656
          ],
          [
            -98.8145217895508,
            19.570350646972656
          ],
          [
            -98.8145217895508,
            19.570350646972656
          ],
          [
            -98.8145217895508,
            19.570350646972656
          ],
          [
            -98.8145217895508,
            19.570350646972656
          ],
          [
            -98.8145217895508,
            19.570350646972656
          ],
          [
            -98.8145217895508,
            19.570348739624023
          ],
          [
            -98.8145217895508,
            19.570348739624023
          ],
          [
            -98.8145217895508,
            19.570344924926758
          ],
          [
            -98.8145217895508,
            19.570344924926758
          ],
          [
            -98.8145294189453,
            19.570343017578125
          ],
          [
            -98.8145294189453,
            19.570343017578125
          ],
          [
            -98.8145294189453,
            19.57033920288086
          ],
          [
            -98.8145294189453,
            19.57033920288086
          ],
          [
            -98.8145294189453,
            19.570337295532227
          ],
          [
            -98.8145294189453,
            19.570337295532227
          ],
          [
            -98.8145294189453,
            19.57033348083496
          ],
          [
            -98.8145294189453,
            19.57033348083496
          ],
          [
            -98.81453704833984,
            19.570331573486328
          ],
          [
            -98.81453704833984,
            19.570331573486328
          ],
          [
            -98.81453704833984,
            19.5703296661377
          ],
          [
            -98.81453704833984,
            19.5703296661377
          ],
          [
            -98.81453704833984,
            19.57032585144043
          ],
          [
            -98.81453704833984,
            19.57032585144043
          ],
          [
            -98.81453704833984,
            19.5703239440918
          ],
          [
            -98.81453704833984,
            19.5703239440918
          ],
          [
            -98.81454467773438,
            19.570322036743164
          ],
          [
            -98.81454467773438,
            19.570322036743164
          ],
          [
            -98.81454467773438,
            19.5703182220459
          ],
          [
            -98.81454467773438,
            19.5703182220459
          ],
          [
            -98.81454467773438,
            19.570316314697266
          ],
          [
            -98.81454467773438,
            19.570316314697266
          ],
          [
            -98.8145523071289,
            19.5703125
          ],
          [
            -98.8145523071289,
            19.5703125
          ],
          [
            -98.8145523071289,
            19.570310592651367
          ],
          [
            -98.8145523071289,
            19.570310592651367
          ],
          [
            -98.8145523071289,
            19.570308685302734
          ],
          [
            -98.8145523071289,
            19.570308685302734
          ],
          [
            -98.8145523071289,
            19.570308685302734
          ],
          [
            -98.8145523071289,
            19.570308685302734
          ],
          [
            -98.8145523071289,
            19.570308685302734
          ],
          [
            -98.8145523071289,
            19.570308685302734
          ],
          [
            -98.8145523071289,
            19.570308685302734
          ],
          [
            -98.8145523071289,
            19.570308685302734
          ],
          [
            -98.8145523071289,
            19.570310592651367
          ],
          [
            -98.8145523071289,
            19.570310592651367
          ],
          [
            -98.8145523071289,
            19.570310592651367
          ],
          [
            -98.8145523071289,
            19.570308685302734
          ],
          [
            -98.8145523071289,
            19.570308685302734
          ],
          [
            -98.8145523071289,
            19.570308685302734
          ],
          [
            -98.8145523071289,
            19.570308685302734
          ],
          [
            -98.8145523071289,
            19.570308685302734
          ],
          [
            -98.8145523071289,
            19.570308685302734
          ],
          [
            -98.8145523071289,
            19.570308685302734
          ],
          [
            -98.8145523071289,
            19.570308685302734
          ],
          [
            -98.8145523071289,
            19.570308685302734
          ],
          [
            -98.8145523071289,
            19.570308685302734
          ],
          [
            -98.8145523071289,
            19.570308685302734
          ],
          [
            -98.8145523071289,
            19.570308685302734
          ],
          [
            -98.8145523071289,
            19.570308685302734
          ],
          [
            -98.8145523071289,
            19.570308685302734
          ],
          [
            -98.8145523071289,
            19.570308685302734
          ],
          [
            -98.8145523071289,
            19.570308685302734
          ],
          [
            -98.8145523071289,
            19.570308685302734
          ],
          [
            -98.8145523071289,
            19.5703067779541
          ],
          [
            -98.8145523071289,
            19.5703067779541
          ],
          [
            -98.8145523071289,
            19.5703067779541
          ],
          [
            -98.8145523071289,
            19.5703067779541
          ],
          [
            -98.8145523071289,
            19.5703067779541
          ],
          [
            -98.8145523071289,
            19.5703067779541
          ],
          [
            -98.8145523071289,
            19.5703067779541
          ],
          [
            -98.8145523071289,
            19.5703067779541
          ],
          [
            -98.8145523071289,
            19.5703067779541
          ],
          [
            -98.8145523071289,
            19.5703067779541
          ],
          [
            -98.8145523071289,
            19.5703067779541
          ],
          [
            -98.8145523071289,
            19.5703067779541
          ],
          [
            -98.8145523071289,
            19.5703067779541
          ],
          [
            -98.8145523071289,
            19.5703067779541
          ],
          [
            -98.8145523071289,
            19.5703067779541
          ],
          [
            -98.8145523071289,
            19.5703067779541
          ],
          [
            -98.8145523071289,
            19.5703067779541
          ],
          [
            -98.8145523071289,
            19.5703067779541
          ],
          [
            -98.8145523071289,
            19.57030487060547
          ],
          [
            -98.8145523071289,
            19.57030487060547
          ],
          [
            -98.8145523071289,
            19.57030487060547
          ],
          [
            -98.81454467773438,
            19.57030487060547
          ],
          [
            -98.81454467773438,
            19.57030487060547
          ],
          [
            -98.81454467773438,
            19.57030487060547
          ],
          [
            -98.81454467773438,
            19.57030487060547
          ],
          [
            -98.81454467773438,
            19.57030487060547
          ],
          [
            -98.81454467773438,
            19.57030487060547
          ],
          [
            -98.81454467773438,
            19.57030487060547
          ],
          [
            -98.81454467773438,
            19.57030487060547
          ],
          [
            -98.81454467773438,
            19.57030487060547
          ],
          [
            -98.81454467773438,
            19.57030487060547
          ],
          [
            -98.81454467773438,
            19.57030487060547
          ],
          [
            -98.81454467773438,
            19.57030487060547
          ],
          [
            -98.81454467773438,
            19.57030487060547
          ],
          [
            -98.81454467773438,
            19.57030487060547
          ],
          [
            -98.81454467773438,
            19.57030487060547
          ],
          [
            -98.81454467773438,
            19.57030487060547
          ],
          [
            -98.81454467773438,
            19.57030487060547
          ],
          [
            -98.81454467773438,
            19.57030487060547
          ],
          [
            -98.81454467773438,
            19.57030487060547
          ],
          [
            -98.81454467773438,
            19.57030487060547
          ],
          [
            -98.81454467773438,
            19.57030487060547
          ],
          [
            -98.81454467773438,
            19.57030487060547
          ],
          [
            -98.81454467773438,
            19.57030487060547
          ],
          [
            -98.81454467773438,
            19.57030487060547
          ],
          [
            -98.81454467773438,
            19.57030487060547
          ],
          [
            -98.81454467773438,
            19.57030487060547
          ],
          [
            -98.81454467773438,
            19.57030487060547
          ],
          [
            -98.81454467773438,
            19.57030487060547
          ],
          [
            -98.81454467773438,
            19.57030487060547
          ],
          [
            -98.81454467773438,
            19.57030487060547
          ],
          [
            -98.81454467773438,
            19.57030487060547
          ],
          [
            -98.81454467773438,
            19.57030487060547
          ],
          [
            -98.81454467773438,
            19.570302963256836
          ],
          [
            -98.81454467773438,
            19.570302963256836
          ],
          [
            -98.81454467773438,
            19.570302963256836
          ],
          [
            -98.81454467773438,
            19.570302963256836
          ],
          [
            -98.81454467773438,
            19.570302963256836
          ],
          [
            -98.81454467773438,
            19.570302963256836
          ],
          [
            -98.81454467773438,
            19.570302963256836
          ],
          [
            -98.81454467773438,
            19.570302963256836
          ],
          [
            -98.81454467773438,
            19.570302963256836
          ],
          [
            -98.81454467773438,
            19.570302963256836
          ],
          [
            -98.81454467773438,
            19.5703010559082
          ],
          [
            -98.81454467773438,
            19.5703010559082
          ],
          [
            -98.81454467773438,
            19.5703010559082
          ],
          [
            -98.81454467773438,
            19.5703010559082
          ],
          [
            -98.81454467773438,
            19.5703010559082
          ],
          [
            -98.81454467773438,
            19.5703010559082
          ],
          [
            -98.81454467773438,
            19.5703010559082
          ],
          [
            -98.81454467773438,
            19.5703010559082
          ],
          [
            -98.81454467773438,
            19.5703010559082
          ],
          [
            -98.81454467773438,
            19.5703010559082
          ],
          [
            -98.81454467773438,
            19.5703010559082
          ],
          [
            -98.81454467773438,
            19.5703010559082
          ],
          [
            -98.81454467773438,
            19.5703010559082
          ],
          [
            -98.81454467773438,
            19.5703010559082
          ],
          [
            -98.81454467773438,
            19.5703010559082
          ],
          [
            -98.81454467773438,
            19.5703010559082
          ],
          [
            -98.81454467773438,
            19.5703010559082
          ],
          [
            -98.81454467773438,
            19.5703010559082
          ],
          [
            -98.81454467773438,
            19.5703010559082
          ],
          [
            -98.81454467773438,
            19.57029914855957
          ],
          [
            -98.81454467773438,
            19.5703010559082
          ],
          [
            -98.81454467773438,
            19.5703010559082
          ],
          [
            -98.81454467773438,
            19.5703010559082
          ],
          [
            -98.81454467773438,
            19.5703010559082
          ],
          [
            -98.81454467773438,
            19.5703010559082
          ],
          [
            -98.81454467773438,
            19.5703010559082
          ],
          [
            -98.81454467773438,
            19.5703010559082
          ],
          [
            -98.81454467773438,
            19.5703010559082
          ],
          [
            -98.81454467773438,
            19.57029914855957
          ],
          [
            -98.81454467773438,
            19.57029914855957
          ],
          [
            -98.81454467773438,
            19.57029914855957
          ],
          [
            -98.81454467773438,
            19.57029914855957
          ],
          [
            -98.81454467773438,
            19.57029914855957
          ],
          [
            -98.81454467773438,
            19.57029914855957
          ],
          [
            -98.81454467773438,
            19.57029914855957
          ],
          [
            -98.81454467773438,
            19.5703010559082
          ],
          [
            -98.81454467773438,
            19.5703010559082
          ],
          [
            -98.81454467773438,
            19.5703010559082
          ],
          [
            -98.81454467773438,
            19.5703010559082
          ],
          [
            -98.81454467773438,
            19.5703010559082
          ],
          [
            -98.81454467773438,
            19.5703010559082
          ],
          [
            -98.81454467773438,
            19.5703010559082
          ],
          [
            -98.8145523071289,
            19.5703010559082
          ],
          [
            -98.8145523071289,
            19.5703010559082
          ],
          [
            -98.8145523071289,
            19.5703010559082
          ],
          [
            -98.8145523071289,
            19.5703010559082
          ],
          [
            -98.81454467773438,
            19.5703010559082
          ],
          [
            -98.81454467773438,
            19.5703010559082
          ],
          [
            -98.81454467773438,
            19.5703010559082
          ],
          [
            -98.81454467773438,
            19.5703010559082
          ],
          [
            -98.81454467773438,
            19.5703010559082
          ],
          [
            -98.81454467773438,
            19.5703010559082
          ],
          [
            -98.81454467773438,
            19.5703010559082
          ],
          [
            -98.81454467773438,
            19.5703010559082
          ],
          [
            -98.81454467773438,
            19.5703010559082
          ],
          [
            -98.81454467773438,
            19.5703010559082
          ],
          [
            -98.81454467773438,
            19.5703010559082
          ],
          [
            -98.81454467773438,
            19.5703010559082
          ],
          [
            -98.81454467773438,
            19.5703010559082
          ],
          [
            -98.81454467773438,
            19.5703010559082
          ],
          [
            -98.81454467773438,
            19.5703010559082
          ],
          [
            -98.81454467773438,
            19.5703010559082
          ],
          [
            -98.81454467773438,
            19.5703010559082
          ],
          [
            -98.81454467773438,
            19.5703010559082
          ],
          [
            -98.81454467773438,
            19.5703010559082
          ],
          [
            -98.81454467773438,
            19.5703010559082
          ],
          [
            -98.81454467773438,
            19.5703010559082
          ],
          [
            -98.81454467773438,
            19.5703010559082
          ],
          [
            -98.81454467773438,
            19.5703010559082
          ],
          [
            -98.81454467773438,
            19.570302963256836
          ],
          [
            -98.81454467773438,
            19.570302963256836
          ],
          [
            -98.81454467773438,
            19.570302963256836
          ],
          [
            -98.81454467773438,
            19.570302963256836
          ],
          [
            -98.81454467773438,
            19.570302963256836
          ],
          [
            -98.81454467773438,
            19.570302963256836
          ],
          [
            -98.81454467773438,
            19.570302963256836
          ],
          [
            -98.81454467773438,
            19.570302963256836
          ],
          [
            -98.81454467773438,
            19.570302963256836
          ],
          [
            -98.81454467773438,
            19.570302963256836
          ],
          [
            -98.81454467773438,
            19.57030487060547
          ],
          [
            -98.81454467773438,
            19.57030487060547
          ],
          [
            -98.81454467773438,
            19.57030487060547
          ],
          [
            -98.81454467773438,
            19.57030487060547
          ],
          [
            -98.81454467773438,
            19.57030487060547
          ],
          [
            -98.81454467773438,
            19.57030487060547
          ],
          [
            -98.81454467773438,
            19.57030487060547
          ],
          [
            -98.81454467773438,
            19.57030487060547
          ],
          [
            -98.81454467773438,
            19.57030487060547
          ],
          [
            -98.81454467773438,
            19.57030487060547
          ],
          [
            -98.81454467773438,
            19.57030487060547
          ],
          [
            -98.81454467773438,
            19.57030487060547
          ],
          [
            -98.81454467773438,
            19.57030487060547
          ],
          [
            -98.81454467773438,
            19.57030487060547
          ],
          [
            -98.81454467773438,
            19.57030487060547
          ],
          [
            -98.81454467773438,
            19.57030487060547
          ],
          [
            -98.81454467773438,
            19.57030487060547
          ],
          [
            -98.81454467773438,
            19.57030487060547
          ],
          [
            -98.81454467773438,
            19.57030487060547
          ],
          [
            -98.81454467773438,
            19.57030487060547
          ],
          [
            -98.81454467773438,
            19.57030487060547
          ],
          [
            -98.81454467773438,
            19.57030487060547
          ],
          [
            -98.81454467773438,
            19.57030487060547
          ],
          [
            -98.81454467773438,
            19.57030487060547
          ],
          [
            -98.81454467773438,
            19.57030487060547
          ],
          [
            -98.81454467773438,
            19.57030487060547
          ],
          [
            -98.8145523071289,
            19.57030487060547
          ],
          [
            -98.8145523071289,
            19.57030487060547
          ],
          [
            -98.8145523071289,
            19.57030487060547
          ],
          [
            -98.8145523071289,
            19.57030487060547
          ],
          [
            -98.8145523071289,
            19.57030487060547
          ],
          [
            -98.8145523071289,
            19.5703067779541
          ],
          [
            -98.8145523071289,
            19.5703067779541
          ],
          [
            -98.8145523071289,
            19.5703067779541
          ],
          [
            -98.8145523071289,
            19.5703067779541
          ],
          [
            -98.8145523071289,
            19.5703067779541
          ],
          [
            -98.8145523071289,
            19.5703067779541
          ],
          [
            -98.8145523071289,
            19.5703067779541
          ],
          [
            -98.8145523071289,
            19.5703067779541
          ],
          [
            -98.8145523071289,
            19.5703067779541
          ],
          [
            -98.8145523071289,
            19.5703067779541
          ],
          [
            -98.8145523071289,
            19.5703067779541
          ],
          [
            -98.8145523071289,
            19.5703067779541
          ],
          [
            -98.8145523071289,
            19.5703067779541
          ],
          [
            -98.8145523071289,
            19.5703067779541
          ],
          [
            -98.8145523071289,
            19.5703067779541
          ],
          [
            -98.8145523071289,
            19.5703067779541
          ],
          [
            -98.8145523071289,
            19.5703067779541
          ],
          [
            -98.8145523071289,
            19.5703067779541
          ],
          [
            -98.8145523071289,
            19.5703067779541
          ],
          [
            -98.8145523071289,
            19.5703067779541
          ],
          [
            -98.8145523071289,
            19.5703067779541
          ],
          [
            -98.8145523071289,
            19.5703067779541
          ],
          [
            -98.8145523071289,
            19.5703067779541
          ],
          [
            -98.8145523071289,
            19.5703067779541
          ],
          [
            -98.8145523071289,
            19.5703067779541
          ],
          [
            -98.8145523071289,
            19.5703067779541
          ],
          [
            -98.8145523071289,
            19.5703067779541
          ],
          [
            -98.8145523071289,
            19.5703067779541
          ],
          [
            -98.8145523071289,
            19.5703067779541
          ],
          [
            -98.8145523071289,
            19.5703067779541
          ],
          [
            -98.8145523071289,
            19.5703067779541
          ],
          [
            -98.8145523071289,
            19.5703067779541
          ],
          [
            -98.8145523071289,
            19.5703067779541
          ],
          [
            -98.8145523071289,
            19.5703067779541
          ],
          [
            -98.8145523071289,
            19.5703067779541
          ],
          [
            -98.8145523071289,
            19.5703067779541
          ],
          [
            -98.81454467773438,
            19.5703067779541
          ],
          [
            -98.81454467773438,
            19.5703067779541
          ],
          [
            -98.81454467773438,
            19.5703067779541
          ],
          [
            -98.81454467773438,
            19.5703067779541
          ],
          [
            -98.81454467773438,
            19.5703067779541
          ],
          [
            -98.81454467773438,
            19.5703067779541
          ],
          [
            -98.81454467773438,
            19.5703067779541
          ],
          [
            -98.81454467773438,
            19.5703067779541
          ],
          [
            -98.81454467773438,
            19.5703067779541
          ],
          [
            -98.81454467773438,
            19.5703067779541
          ],
          [
            -98.81454467773438,
            19.5703067779541
          ],
          [
            -98.81454467773438,
            19.5703067779541
          ],
          [
            -98.81454467773438,
            19.5703067779541
          ],
          [
            -98.81454467773438,
            19.5703067779541
          ],
          [
            -98.81454467773438,
            19.5703067779541
          ],
          [
            -98.81454467773438,
            19.5703067779541
          ],
          [
            -98.81454467773438,
            19.5703067779541
          ],
          [
            -98.81454467773438,
            19.5703067779541
          ],
          [
            -98.81454467773438,
            19.5703067779541
          ],
          [
            -98.81454467773438,
            19.5703067779541
          ],
          [
            -98.81454467773438,
            19.5703067779541
          ],
          [
            -98.81454467773438,
            19.5703067779541
          ],
          [
            -98.81454467773438,
            19.5703067779541
          ],
          [
            -98.81454467773438,
            19.5703067779541
          ],
          [
            -98.81454467773438,
            19.5703067779541
          ],
          [
            -98.81454467773438,
            19.5703067779541
          ],
          [
            -98.81454467773438,
            19.5703067779541
          ],
          [
            -98.81454467773438,
            19.5703067779541
          ],
          [
            -98.81454467773438,
            19.5703067779541
          ],
          [
            -98.81454467773438,
            19.5703067779541
          ],
          [
            -98.81454467773438,
            19.5703067779541
          ],
          [
            -98.81454467773438,
            19.5703067779541
          ],
          [
            -98.81454467773438,
            19.5703067779541
          ],
          [
            -98.81454467773438,
            19.5703067779541
          ],
          [
            -98.81454467773438,
            19.5703067779541
          ],
          [
            -98.81454467773438,
            19.5703067779541
          ],
          [
            -98.81454467773438,
            19.5703067779541
          ],
          [
            -98.81454467773438,
            19.5703067779541
          ],
          [
            -98.81454467773438,
            19.5703067779541
          ],
          [
            -98.81454467773438,
            19.5703067779541
          ],
          [
            -98.81454467773438,
            19.5703067779541
          ],
          [
            -98.81454467773438,
            19.5703067779541
          ],
          [
            -98.81454467773438,
            19.5703067779541
          ],
          [
            -98.81454467773438,
            19.5703067779541
          ],
          [
            -98.81454467773438,
            19.5703067779541
          ],
          [
            -98.81454467773438,
            19.5703067779541
          ],
          [
            -98.81454467773438,
            19.57030487060547
          ],
          [
            -98.81454467773438,
            19.57030487060547
          ],
          [
            -98.81454467773438,
            19.57030487060547
          ],
          [
            -98.81454467773438,
            19.57030487060547
          ],
          [
            -98.81454467773438,
            19.57030487060547
          ],
          [
            -98.81454467773438,
            19.57030487060547
          ],
          [
            -98.81454467773438,
            19.57030487060547
          ],
          [
            -98.81454467773438,
            19.57030487060547
          ],
          [
            -98.81454467773438,
            19.5703067779541
          ],
          [
            -98.81454467773438,
            19.5703067779541
          ],
          [
            -98.81454467773438,
            19.5703067779541
          ],
          [
            -98.81454467773438,
            19.5703067779541
          ],
          [
            -98.81454467773438,
            19.5703067779541
          ],
          [
            -98.81454467773438,
            19.5703067779541
          ],
          [
            -98.81454467773438,
            19.5703067779541
          ],
          [
            -98.81454467773438,
            19.5703067779541
          ],
          [
            -98.81454467773438,
            19.5703067779541
          ],
          [
            -98.81454467773438,
            19.5703067779541
          ],
          [
            -98.81454467773438,
            19.5703067779541
          ],
          [
            -98.81454467773438,
            19.5703067779541
          ],
          [
            -98.81454467773438,
            19.57030487060547
          ],
          [
            -98.81454467773438,
            19.57030487060547
          ],
          [
            -98.81454467773438,
            19.57030487060547
          ],
          [
            -98.81454467773438,
            19.57030487060547
          ],
          [
            -98.81454467773438,
            19.57030487060547
          ],
          [
            -98.81454467773438,
            19.57030487060547
          ],
          [
            -98.81454467773438,
            19.57030487060547
          ],
          [
            -98.81454467773438,
            19.57030487060547
          ],
          [
            -98.81454467773438,
            19.57030487060547
          ],
          [
            -98.81454467773438,
            19.57030487060547
          ],
          [
            -98.81454467773438,
            19.57030487060547
          ],
          [
            -98.81454467773438,
            19.57030487060547
          ],
          [
            -98.81454467773438,
            19.57030487060547
          ],
          [
            -98.81454467773438,
            19.57030487060547
          ],
          [
            -98.81454467773438,
            19.57030487060547
          ],
          [
            -98.81454467773438,
            19.57030487060547
          ],
          [
            -98.81454467773438,
            19.57030487060547
          ],
          [
            -98.81454467773438,
            19.57030487060547
          ],
          [
            -98.81454467773438,
            19.5703067779541
          ]
        ]
      }
    },
    {
      "type": "Feature",
      "properties": {
        "sequence": 1,
        "motivo": "inicio"
      },
      "geometry": {
        "type": "Point",
        "coordinates": [
          -98.81459045410156,
          19.57025909423828
        ]
      }
    },
    {
      "type": "Feature",
      "properties": {
        "sequence": 2,
        "motivo": "espaciado"
      },
      "geometry": {
        "type": "Point",
        "coordinates": [
          -98.81458282470703,
          19.570270538330078
        ]
      }
    },
    {
      "type": "Feature",
      "properties": {
        "sequence": 3,
        "motivo": "curva"
      },
      "geometry": {
        "type": "Point",
        "coordinates": [
          -98.8145751953125,
          19.570274353027344
        ]
      }
    },
    {
      "type": "Feature",
      "properties": {
        "sequence": 4,
        "motivo": "curva"
      },
      "geometry": {
        "type": "Point",
        "coordinates": [
          -98.8145751953125,
          19.57027816772461
        ]
      }
    },
    {
      "type": "Feature",
      "properties": {
        "sequence": 5,
        "motivo": "curva"
      },
      "geometry": {
        "type": "Point",
        "coordinates": [
          -98.81456756591797,
          19.570281982421875
        ]
      }
    },
    {
      "type": "Feature",
      "properties": {
        "sequence": 6,
        "motivo": "curva"
      },
      "geometry": {
        "type": "Point",
        "coordinates": [
          -98.81456756591797,
          19.570287704467773
        ]
      }
    },
    {
      "type": "Feature",
      "properties": {
        "sequence": 7,
        "motivo": "curva"
      },
      "geometry": {
        "type": "Point",
        "coordinates": [
          -98.81455993652344,
          19.57029151916504
        ]
      }
    },
    {
      "type": "Feature",
      "properties": {
        "sequence": 8,
        "motivo": "curva"
      },
      "geometry": {
        "type": "Point",
        "coordinates": [
          -98.81455993652344,
          19.570297241210938
        ]
      }
    },
    {
      "type": "Feature",
      "properties": {
        "sequence": 9,
        "motivo": "curva"
      },
      "geometry": {
        "type": "Point",
        "coordinates": [
          -98.8145523071289,
          19.5703010559082
        ]
      }
    },
    {
      "type": "Feature",
      "properties": {
        "sequence": 10,
        "motivo": "curva"
      },
      "geometry": {
        "type": "Point",
        "coordinates": [
          -98.8145523071289,
          19.57030487060547
        ]
      }
    },
    {
      "type": "Feature",
      "properties": {
        "sequence": 11,
        "motivo": "espaciado"
      },
      "geometry": {
        "type": "Point",
        "coordinates": [
          -98.8145523071289,
          19.570314407348633
        ]
      }
    },
    {
      "type": "Feature",
      "properties": {
        "sequence": 12,
        "motivo": "curva"
      },
      "geometry": {
        "type": "Point",
        "coordinates": [
          -98.81454467773438,
          19.5703125
        ]
      }
    },
    {
      "type": "Feature",
      "properties": {
        "sequence": 13,
        "motivo": "curva"
      },
      "geometry": {
        "type": "Point",
        "coordinates": [
          -98.81454467773438,
          19.5703182220459
        ]
      }
    },
    {
      "type": "Feature",
      "properties": {
        "sequence": 14,
        "motivo": "curva"
      },
      "geometry": {
        "type": "Point",
        "coordinates": [
          -98.81453704833984,
          19.570322036743164
        ]
      }
    },
    {
      "type": "Feature",
      "properties": {
        "sequence": 15,
        "motivo": "curva"
      },
      "geometry": {
        "type": "Point",
        "coordinates": [
          -98.81453704833984,
          19.57032585144043
        ]
      }
    },
    {
      "type": "Feature",
      "properties": {
        "sequence": 16,
        "motivo": "curva"
      },
      "geometry": {
        "type": "Point",
        "coordinates": [
          -98.8145294189453,
          19.570327758789062
        ]
      }
    },
    {
      "type": "Feature",
      "properties": {
        "sequence": 17,
        "motivo": "curva"
      },
      "geometry": {
        "type": "Point",
        "coordinates": [
          -98.8145294189453,
          19.570331573486328
        ]
      }
    },
    {
      "type": "Feature",
      "properties": {
        "sequence": 18,
        "motivo": "curva"
      },
      "geometry": {
        "type": "Point",
        "coordinates": [
          -98.8145217895508,
          19.57033348083496
        ]
      }
    },
    {
      "type": "Feature",
      "properties": {
        "sequence": 19,
        "motivo": "curva"
      },
      "geometry": {
        "type": "Point",
        "coordinates": [
          -98.8145217895508,
          19.570337295532227
        ]
      }
    },
    {
      "type": "Feature",
      "properties": {
        "sequence": 20,
        "motivo": "espaciado"
      },
      "geometry": {
        "type": "Point",
        "coordinates": [
          -98.81451416015625,
          19.570348739624023
        ]
      }
    },
    {
      "type": "Feature",
      "properties": {
        "sequence": 21,
        "motivo": "curva"
      },
      "geometry": {
        "type": "Point",
        "coordinates": [
          -98.81451416015625,
          19.570354461669922
        ]
      }
    },
    {
      "type": "Feature",
      "properties": {
        "sequence": 22,
        "motivo": "espaciado"
      },
      "geometry": {
        "type": "Point",
        "coordinates": [
          -98.8145065307617,
          19.57036018371582
        ]
      }
    },
    {
      "type": "Feature",
      "properties": {
        "sequence": 23,
        "motivo": "curva"
      },
      "geometry": {
        "type": "Point",
        "coordinates": [
          -98.8145065307617,
          19.570363998413086
        ]
      }
    },
    {
      "type": "Feature",
      "properties": {
        "sequence": 24,
        "motivo": "curva"
      },
      "geometry": {
        "type": "Point",
        "coordinates": [
          -98.8144989013672,
          19.57036781311035
        ]
      }
    },
    {
      "type": "Feature",
      "properties": {
        "sequence": 25,
        "motivo": "curva"
      },
      "geometry": {
        "type": "Point",
        "coordinates": [
          -98.8144989013672,
          19.570371627807617
        ]
      }
    },
    {
      "type": "Feature",
      "properties": {
        "sequence": 26,
        "motivo": "curva"
      },
      "geometry": {
        "type": "Point",
        "coordinates": [
          -98.81449127197266,
          19.570375442504883
        ]
      }
    },
    {
      "type": "Feature",
      "properties": {
        "sequence": 27,
        "motivo": "curva"
      },
      "geometry": {
        "type": "Point",
        "coordinates": [
          -98.81449127197266,
          19.57038116455078
        ]
      }
    },
    {
      "type": "Feature",
      "properties": {
        "sequence": 28,
        "motivo": "curva"
      },
      "geometry": {
        "type": "Point",
        "coordinates": [
          -98.81448364257812,
          19.570384979248047
        ]
      }
    },
    {
      "type": "Feature",
      "properties": {
        "sequence": 29,
        "motivo": "curva"
      },
      "geometry": {
        "type": "Point",
        "coordinates": [
          -98.81448364257812,
          19.570388793945312
        ]
      }
    },
    {
      "type": "Feature",
      "properties": {
        "sequence": 30,
        "motivo": "espaciado"
      },
      "geometry": {
        "type": "Point",
        "coordinates": [
          -98.8144760131836,
          19.570396423339844
        ]
      }
    },
    {
      "type": "Feature",
      "properties": {
        "sequence": 31,
        "motivo": "curva"
      },
      "geometry": {
        "type": "Point",
        "coordinates": [
          -98.8144760131836,
          19.570402145385742
        ]
      }
    },
    {
      "type": "Feature",
      "properties": {
        "sequence": 32,
        "motivo": "curva"
      },
      "geometry": {
        "type": "Point",
        "coordinates": [
          -98.81446838378906,
          19.570404052734375
        ]
      }
    },
    {
      "type": "Feature",
      "properties": {
        "sequence": 33,
        "motivo": "espaciado"
      },
      "geometry": {
        "type": "Point",
        "coordinates": [
          -98.81446075439453,
          19.570409774780273
        ]
      }
    },
    {
      "type": "Feature",
      "properties": {
        "sequence": 34,
        "motivo": "curva"
      },
      "geometry": {
        "type": "Point",
        "coordinates": [
          -98.81446075439453,
          19.57041358947754
        ]
      }
    },
    {
      "type": "Feature",
      "properties": {
        "sequence": 35,
        "motivo": "curva"
      },
      "geometry": {
        "type": "Point",
        "coordinates": [
          -98.814453125,
          19.57041358947754
        ]
      }
    },
    {
      "type": "Feature",
      "properties": {
        "sequence": 36,
        "motivo": "curva"
      },
      "geometry": {
        "type": "Point",
        "coordinates": [
          -98.81444549560547,
          19.5704174041748
        ]
      }
    },
    {
      "type": "Feature",
      "properties": {
        "sequence": 37,
        "motivo": "curva"
      },
      "geometry": {
        "type": "Point",
        "coordinates": [
          -98.81443786621094,
          19.5704174041748
        ]
      }
    },
    {
      "type": "Feature",
      "properties": {
        "sequence": 38,
        "motivo": "espaciado"
      },
      "geometry": {
        "type": "Point",
        "coordinates": [
          -98.81442260742188,
          19.570419311523438
        ]
      }
    },
    {
      "type": "Feature",
      "properties": {
        "sequence": 39,
        "motivo": "curva"
      },
      "geometry": {
        "type": "Point",
        "coordinates": [
          -98.81441497802734,
          19.5704231262207
        ]
      }
    },
    {
      "type": "Feature",
      "properties": {
        "sequence": 40,
        "motivo": "curva"
      },
      "geometry": {
        "type": "Point",
        "coordinates": [
          -98.81442260742188,
          19.570425033569336
        ]
      }
    },
    {
      "type": "Feature",
      "properties": {
        "sequence": 41,
        "motivo": "curva"
      },
      "geometry": {
        "type": "Point",
        "coordinates": [
          -98.81442260742188,
          19.57042121887207
        ]
      }
    },
    {
      "type": "Feature",
      "properties": {
        "sequence": 42,
        "motivo": "espaciado"
      },
      "geometry": {
        "type": "Point",
        "coordinates": [
          -98.81441497802734,
          19.570415496826172
        ]
      }
    },
    {
      "type": "Feature",
      "properties": {
        "sequence": 43,
        "motivo": "curva"
      },
      "geometry": {
        "type": "Point",
        "coordinates": [
          -98.81442260742188,
          19.570415496826172
        ]
      }
    },
    {
      "type": "Feature",
      "properties": {
        "sequence": 44,
        "motivo": "espaciado"
      },
      "geometry": {
        "type": "Point",
        "coordinates": [
          -98.81443786621094,
          19.57041358947754
        ]
      }
    },
    {
      "type": "Feature",
      "properties": {
        "sequence": 45,
        "motivo": "espaciado"
      },
      "geometry": {
        "type": "Point",
        "coordinates": [
          -98.814453125,
          19.570411682128906
        ]
      }
    },
    {
      "type": "Feature",
      "properties": {
        "sequence": 46,
        "motivo": "curva"
      },
      "geometry": {
        "type": "Point",
        "coordinates": [
          -98.81446075439453,
          19.57041358947754
        ]
      }
    },
    {
      "type": "Feature",
      "properties": {
        "sequence": 47,
        "motivo": "espaciado"
      },
      "geometry": {
        "type": "Point",
        "coordinates": [
          -98.8144760131836,
          19.570415496826172
        ]
      }
    },
    {
      "type": "Feature",
      "properties": {
        "sequence": 48,
        "motivo": "curva"
      },
      "geometry": {
        "type": "Point",
        "coordinates": [
          -98.8144760131836,
          19.570411682128906
        ]
      }
    },
    {
      "type": "Feature",
      "properties": {
        "sequence": 49,
        "motivo": "espaciado"
      },
      "geometry": {
        "type": "Point",
        "coordinates": [
          -98.81448364257812,
          19.570402145385742
        ]
      }
    },
    {
      "type": "Feature",
      "properties": {
        "sequence": 50,
        "motivo": "curva"
      },
      "geometry": {
        "type": "Point",
        "coordinates": [
          -98.81448364257812,
          19.570396423339844
        ]
      }
    },
    {
      "type": "Feature",
      "properties": {
        "sequence": 51,
        "motivo": "espaciado"
      },
      "geometry": {
        "type": "Point",
        "coordinates": [
          -98.81449127197266,
          19.570390701293945
        ]
      }
    },
    {
      "type": "Feature",
      "properties": {
        "sequence": 52,
        "motivo": "curva"
      },
      "geometry": {
        "type": "Point",
        "coordinates": [
          -98.81449127197266,
          19.57038688659668
        ]
      }
    },
    {
      "type": "Feature",
      "properties": {
        "sequence": 53,
        "motivo": "curva"
      },
      "geometry": {
        "type": "Point",
        "coordinates": [
          -98.8144989013672,
          19.570384979248047
        ]
      }
    },
    {
      "type": "Feature",
      "properties": {
        "sequence": 54,
        "motivo": "curva"
      },
      "geometry": {
        "type": "Point",
        "coordinates": [
          -98.8144989013672,
          19.57038116455078
        ]
      }
    },
    {
      "type": "Feature",
      "properties": {
        "sequence": 55,
        "motivo": "espaciado"
      },
      "geometry": {
        "type": "Point",
        "coordinates": [
          -98.8145065307617,
          19.57037353515625
        ]
      }
    },
    {
      "type": "Feature",
      "properties": {
        "sequence": 56,
        "motivo": "curva"
      },
      "geometry": {
        "type": "Point",
        "coordinates": [
          -98.8145065307617,
          19.570369720458984
        ]
      }
    },
    {
      "type": "Feature",
      "properties": {
        "sequence": 57,
        "motivo": "espaciado"
      },
      "geometry": {
        "type": "Point",
        "coordinates": [
          -98.81451416015625,
          19.57036018371582
        ]
      }
    },
    {
      "type": "Feature",
      "properties": {
        "sequence": 58,
        "motivo": "curva"
      },
      "geometry": {
        "type": "Point",
        "coordinates": [
          -98.81451416015625,
          19.570356369018555
        ]
      }
    },
    {
      "type": "Feature",
      "properties": {
        "sequence": 59,
        "motivo": "curva"
      },
      "geometry": {
        "type": "Point",
        "coordinates": [
          -98.8145217895508,
          19.57035255432129
        ]
      }
    },
    {
      "type": "Feature",
      "properties": {
        "sequence": 60,
        "motivo": "curva"
      },
      "geometry": {
        "type": "Point",
        "coordinates": [
          -98.8145217895508,
          19.570348739624023
        ]
      }
    },
    {
      "type": "Feature",
      "properties": {
        "sequence": 61,
        "motivo": "espaciado"
      },
      "geometry": {
        "type": "Point",
        "coordinates": [
          -98.8145294189453,
          19.570343017578125
        ]
      }
    },
    {
      "type": "Feature",
      "properties": {
        "sequence": 62,
        "motivo": "curva"
      },
      "geometry": {
        "type": "Point",
        "coordinates": [
          -98.8145294189453,
          19.57033920288086
        ]
      }
    },
    {
      "type": "Feature",
      "properties": {
        "sequence": 63,
        "motivo": "espaciado"
      },
      "geometry": {
        "type": "Point",
        "coordinates": [
          -98.81453704833984,
          19.570331573486328
        ]
      }
    },
    {
      "type": "Feature",
      "properties": {
        "sequence": 64,
        "motivo": "curva"
      },
      "geometry": {
        "type": "Point",
        "coordinates": [
          -98.81453704833984,
          19.57032585144043
        ]
      }
    },
    {
      "type": "Feature",
      "properties": {
        "sequence": 65,
        "motivo": "curva"
      },
      "geometry": {
        "type": "Point",
        "coordinates": [
          -98.81454467773438,
          19.570322036743164
        ]
      }
    },
    {
      "type": "Feature",
      "properties": {
        "sequence": 66,
        "motivo": "curva"
      },
      "geometry": {
        "type": "Point",
        "coordinates": [
          -98.81454467773438,
          19.5703182220459
        ]
      }
    },
    {
      "type": "Feature",
      "properties": {
        "sequence": 67,
        "motivo": "espaciado"
      },
      "geometry": {
        "type": "Point",
        "coordinates": [
          -98.8145523071289,
          19.5703125
        ]
      }
    },
    {
      "type": "Feature",
      "properties": {
        "sequence": 68,
        "motivo": "curva"
      },
      "geometry": {
        "type": "Point",
        "coordinates": [
          -98.8145523071289,
          19.570308685302734
        ]
      }
    },
    {
      "type": "Feature",
      "properties": {
        "sequence": 69,
        "motivo": "curva"
      },
      "geometry": {
        "type": "Point",
        "coordinates": [
          -98.81454467773438,
          19.57030487060547
        ]
      }
    },
    {
      "type": "Feature",
      "properties": {
        "sequence": 70,
        "motivo": "curva"
      },
      "geometry": {
        "type": "Point",
        "coordinates": [
          -98.81454467773438,
          19.5703010559082
        ]
      }
    },
    {
      "type": "Feature",
      "properties": {
        "sequence": 71,
        "motivo": "curva"
      },
      "geometry": {
        "type": "Point",
        "coordinates": [
          -98.8145523071289,
          19.5703010559082
        ]
      }
    },
    {
      "type": "Feature",
      "properties": {
        "sequence": 72,
        "motivo": "curva"
      },
      "geometry": {
        "type": "Point",
        "coordinates": [
          -98.81454467773438,
          19.5703010559082
        ]
      }
    },
    {
      "type": "Feature",
      "properties": {
        "sequence": 73,
        "motivo": "curva"
      },
      "geometry": {
        "type": "Point",
        "coordinates": [
          -98.81454467773438,
          19.57030487060547
        ]
      }
    },
    {
      "type": "Feature",
      "properties": {
        "sequence": 74,
        "motivo": "curva"
      },
      "geometry": {
        "type": "Point",
        "coordinates": [
          -98.8145523071289,
          19.57030487060547
        ]
      }
    },
    {
      "type": "Feature",
      "properties": {
        "sequence": 75,
        "motivo": "curva"
      },
      "geometry": {
        "type": "Point",
        "coordinates": [
          -98.81454467773438,
          19.5703067779541
        ]
      }
    },
    {
      "type": "Feature",
      "properties": {
        "sequence": 76,
        "motivo": "manual"
      },
      "geometry": {
        "type": "Point",
        "coordinates": [
          -98.81454467773438,
          19.57030487060547
        ]
      }
    },
    {
      "type": "Feature",
      "properties": {
        "sequence": 77,
        "motivo": "manual"
      },
      "geometry": {
        "type": "Point",
        "coordinates": [
          -98.81454467773438,
          19.57030487060547
        ]
      }
    }
  ]
}